-0.054057 0.035295 -0.295337 1 0.000000 0.300000 1.000000 0 0 0
-0.053973 0.035678 -0.295415 1 0.000000 0.300000 1.000000 0 0 0
-0.054337 0.035607 -0.295348 1 0.000000 0.300000 1.000000 0 0 0
-0.055175 0.036575 -0.295294 1 0.000000 0.300000 1.000000 0 0 0
-0.055222 0.036895 -0.295306 1 0.000000 0.300000 1.000000 0 0 0
-0.055453 0.036710 -0.295226 1 0.000000 0.300000 1.000000 0 0 0
-0.054616 0.035911 -0.295342 1 0.000000 0.300000 1.000000 0 0 0
-0.054557 0.036315 -0.295403 1 0.000000 0.300000 1.000000 0 0 0
-0.054940 0.036248 -0.295312 1 0.000000 0.300000 1.000000 0 0 0
-0.054165 0.036077 -0.295436 1 0.000000 0.300000 1.000000 0 0 0
-0.054772 0.036801 -0.295396 1 0.000000 0.300000 1.000000 0 0 0
-0.054270 0.036557 -0.295465 1 0.000000 0.300000 1.000000 0 0 0
-0.055147 0.037304 -0.295331 1 0.000000 0.300000 1.000000 0 0 0
-0.055534 0.037108 -0.295216 1 0.000000 0.300000 1.000000 0 0 0
-0.055089 0.037876 -0.295344 1 0.000000 0.300000 1.000000 0 0 0
-0.055578 0.037682 -0.295196 1 0.000000 0.300000 1.000000 0 0 0
-0.054652 0.037482 -0.295440 1 0.000000 0.300000 1.000000 0 0 0
-0.054175 0.037069 -0.295499 1 0.000000 0.300000 1.000000 0 0 0
-0.054618 0.038093 -0.295448 1 0.000000 0.300000 1.000000 0 0 0
-0.054080 0.037765 -0.295521 1 0.000000 0.300000 1.000000 0 0 0
-0.052096 0.034179 -0.295259 1 0.000000 0.300000 1.000000 0 0 0
-0.052275 0.034525 -0.295335 1 0.000000 0.300000 1.000000 0 0 0
-0.052623 0.034271 -0.295267 1 0.000000 0.300000 1.000000 0 0 0
-0.051902 0.034529 -0.295324 1 0.000000 0.300000 1.000000 0 0 0
-0.051710 0.034204 -0.295251 1 0.000000 0.300000 1.000000 0 0 0
-0.053486 0.034586 -0.295267 1 0.000000 0.300000 1.000000 0 0 0
-0.053293 0.035010 -0.295375 1 0.000000 0.300000 1.000000 0 0 0
-0.053769 0.034954 -0.295309 1 0.000000 0.300000 1.000000 0 0 0
-0.053013 0.034643 -0.295329 1 0.000000 0.300000 1.000000 0 0 0
-0.052891 0.035002 -0.295406 1 0.000000 0.300000 1.000000 0 0 0
-0.053574 0.035469 -0.295421 1 0.000000 0.300000 1.000000 0 0 0
-0.053008 0.035399 -0.295451 1 0.000000 0.300000 1.000000 0 0 0
-0.052587 0.034754 -0.295373 1 0.000000 0.300000 1.000000 0 0 0
-0.052165 0.034881 -0.295388 1 0.000000 0.300000 1.000000 0 0 0
-0.052544 0.035189 -0.295435 1 0.000000 0.300000 1.000000 0 0 0
-0.052052 0.035362 -0.295429 1 0.000000 0.300000 1.000000 0 0 0
-0.051539 0.034466 -0.295284 1 0.000000 0.300000 1.000000 0 0 0
-0.051280 0.034088 -0.295180 1 0.000000 0.300000 1.000000 0 0 0
-0.051183 0.034594 -0.295252 1 0.000000 0.300000 1.000000 0 0 0
-0.051631 0.034914 -0.295350 1 0.000000 0.300000 1.000000 0 0 0
-0.051145 0.035062 -0.295303 1 0.000000 0.300000 1.000000 0 0 0
-0.051448 0.035496 -0.295377 1 0.000000 0.300000 1.000000 0 0 0
-0.051079 0.035365 -0.295320 1 0.000000 0.300000 1.000000 0 0 0
-0.053714 0.035950 -0.295472 1 0.000000 0.300000 1.000000 0 0 0
-0.053181 0.035992 -0.295501 1 0.000000 0.300000 1.000000 0 0 0
-0.053664 0.036535 -0.295518 1 0.000000 0.300000 1.000000 0 0 0
-0.053132 0.036457 -0.295539 1 0.000000 0.300000 1.000000 0 0 0
-0.052560 0.035720 -0.295481 1 0.000000 0.300000 1.000000 0 0 0
-0.051973 0.035961 -0.295456 1 0.000000 0.300000 1.000000 0 0 0
-0.052606 0.036398 -0.295518 1 0.000000 0.300000 1.000000 0 0 0
-0.051862 0.036651 -0.295459 1 0.000000 0.300000 1.000000 0 0 0
-0.053588 0.037284 -0.295548 1 0.000000 0.300000 1.000000 0 0 0
-0.053073 0.036897 -0.295549 1 0.000000 0.300000 1.000000 0 0 0
-0.053539 0.037825 -0.295551 1 0.000000 0.300000 1.000000 0 0 0
-0.052982 0.037610 -0.295538 1 0.000000 0.300000 1.000000 0 0 0
-0.054238 0.032819 -0.294674 2 0.161290 1.000000 0.806452 0 0 0
-0.054086 0.033126 -0.294795 2 0.161290 1.000000 0.806452 0 0 0
-0.054455 0.033153 -0.294738 2 0.161290 1.000000 0.806452 0 0 0
-0.052964 0.032339 -0.294701 2 0.161290 1.000000 0.806452 0 0 0
-0.052877 0.032681 -0.294816 2 0.161290 1.000000 0.806452 0 0 0
-0.053424 0.032621 -0.294729 2 0.161290 1.000000 0.806452 0 0 0
-0.053883 0.032858 -0.294744 2 0.161290 1.000000 0.806452 0 0 0
-0.053687 0.033202 -0.294872 2 0.161290 1.000000 0.806452 0 0 0
-0.053048 0.033195 -0.294946 2 0.161290 1.000000 0.806452 0 0 0
-0.052541 0.032366 -0.294751 2 0.161290 1.000000 0.806452 0 0 0
-0.052415 0.032881 -0.294910 2 0.161290 1.000000 0.806452 0 0 0
-0.051978 0.032376 -0.294785 2 0.161290 1.000000 0.806452 0 0 0
-0.051867 0.032855 -0.294922 2 0.161290 1.000000 0.806452 0 0 0
-0.052544 0.033389 -0.295045 2 0.161290 1.000000 0.806452 0 0 0
-0.052058 0.033305 -0.295039 2 0.161290 1.000000 0.806452 0 0 0
-0.056117 0.032431 -0.294113 2 0.161290 1.000000 0.806452 0 0 0
-0.056074 0.032757 -0.294250 2 0.161290 1.000000 0.806452 0 0 0
-0.056423 0.032709 -0.294128 2 0.161290 1.000000 0.806452 0 0 0
-0.056702 0.033049 -0.294159 2 0.161290 1.000000 0.806452 0 0 0
-0.056729 0.033453 -0.294267 2 0.161290 1.000000 0.806452 0 0 0
-0.057162 0.033239 -0.294055 2 0.161290 1.000000 0.806452 0 0 0
-0.056282 0.033192 -0.294328 2 0.161290 1.000000 0.806452 0 0 0
-0.054987 0.031973 -0.294206 2 0.161290 1.000000 0.806452 0 0 0
-0.055030 0.032342 -0.294346 2 0.161290 1.000000 0.806452 0 0 0
-0.055384 0.032178 -0.294195 2 0.161290 1.000000 0.806452 0 0 0
-0.054730 0.032215 -0.294363 2 0.161290 1.000000 0.806452 0 0 0
-0.054605 0.031892 -0.294258 2 0.161290 1.000000 0.806452 0 0 0
-0.054302 0.032181 -0.294433 2 0.161290 1.000000 0.806452 0 0 0
-0.054338 0.031814 -0.294281 2 0.161290 1.000000 0.806452 0 0 0
-0.055756 0.032500 -0.294235 2 0.161290 1.000000 0.806452 0 0 0
-0.055762 0.032975 -0.294400 2 0.161290 1.000000 0.806452 0 0 0
-0.055319 0.032659 -0.294395 2 0.161290 1.000000 0.806452 0 0 0
-0.055869 0.033494 -0.294530 2 0.161290 1.000000 0.806452 0 0 0
-0.055245 0.033275 -0.294611 2 0.161290 1.000000 0.806452 0 0 0
-0.054714 0.032704 -0.294541 2 0.161290 1.000000 0.806452 0 0 0
-0.054309 0.032555 -0.294572 2 0.161290 1.000000 0.806452 0 0 0
-0.054789 0.033159 -0.294676 2 0.161290 1.000000 0.806452 0 0 0
-0.052350 0.030731 -0.294166 3 0.806452 1.000000 0.161290 0 0 0
-0.052325 0.031177 -0.294354 3 0.806452 1.000000 0.161290 0 0 0
-0.052823 0.031123 -0.294263 3 0.806452 1.000000 0.161290 0 0 0
-0.051884 0.030989 -0.294320 3 0.806452 1.000000 0.161290 0 0 0
-0.052002 0.030669 -0.294192 3 0.806452 1.000000 0.161290 0 0 0
-0.051396 0.030288 -0.294064 3 0.806452 1.000000 0.161290 0 0 0
-0.051391 0.030551 -0.294183 3 0.806452 1.000000 0.161290 0 0 0
-0.051708 0.030539 -0.294157 3 0.806452 1.000000 0.161290 0 0 0
-0.051091 0.030544 -0.294174 3 0.806452 1.000000 0.161290 0 0 0
-0.051040 0.030191 -0.294024 3 0.806452 1.000000 0.161290 0 0 0
-0.051370 0.030850 -0.294289 3 0.806452 1.000000 0.161290 0 0 0
-0.050746 0.031024 -0.294327 3 0.806452 1.000000 0.161290 0 0 0
-0.050610 0.030386 -0.294082 3 0.806452 1.000000 0.161290 0 0 0
-0.050238 0.030752 -0.294199 3 0.806452 1.000000 0.161290 0 0 0
-0.050180 0.031124 -0.294316 3 0.806452 1.000000 0.161290 0 0 0
-0.049895 0.030955 -0.294229 3 0.806452 1.000000 0.161290 0 0 0
-0.049888 0.030634 -0.294118 3 0.806452 1.000000 0.161290 0 0 0
-0.053632 0.031268 -0.294184 2 0.161290 1.000000 0.806452 0 0 0
-0.053476 0.031670 -0.294382 2 0.161290 1.000000 0.806452 0 0 0
-0.054002 0.031654 -0.294274 2 0.161290 1.000000 0.806452 0 0 0
-0.053252 0.031328 -0.294284 2 0.161290 1.000000 0.806452 0 0 0
-0.053011 0.031615 -0.294437 2 0.161290 1.000000 0.806452 0 0 0
-0.053735 0.032115 -0.294507 2 0.161290 1.000000 0.806452 0 0 0
-0.053227 0.032055 -0.294567 2 0.161290 1.000000 0.806452 0 0 0
-0.052535 0.031555 -0.294474 2 0.161290 1.000000 0.806452 0 0 0
-0.052031 0.031503 -0.294499 2 0.161290 1.000000 0.806452 0 0 0
-0.052756 0.031978 -0.294603 2 0.161290 1.000000 0.806452 0 0 0
-0.052269 0.031943 -0.294636 2 0.161290 1.000000 0.806452 0 0 0
-0.053981 0.032524 -0.294617 2 0.161290 1.000000 0.806452 0 0 0
-0.058516 0.033546 -0.293539 2 0.161290 1.000000 0.806452 0 0 0
-0.058375 0.034015 -0.293705 1 0.000000 0.300000 1.000000 0 0 0
-0.058649 0.034063 -0.293556 1 0.000000 0.300000 1.000000 0 0 0
-0.058515 0.034323 -0.293665 1 0.000000 0.300000 1.000000 0 0 0
-0.058800 0.034461 -0.293494 1 0.000000 0.300000 1.000000 0 0 0
-0.058536 0.034695 -0.293665 1 0.000000 0.300000 1.000000 0 0 0
-0.058758 0.034808 -0.293531 1 0.000000 0.300000 1.000000 0 0 0
-0.058690 0.035207 -0.293551 1 0.000000 0.300000 1.000000 0 0 0
-0.050678 0.040478 -0.294288 1 0.000000 0.300000 1.000000 0 0 0
-0.050438 0.040166 -0.294292 1 0.000000 0.300000 1.000000 0 0 0
-0.050117 0.040537 -0.293978 1 0.000000 0.300000 1.000000 0 0 0
-0.049679 0.040399 -0.293806 1 0.000000 0.300000 1.000000 0 0 0
-0.049567 0.040026 -0.293898 1 0.000000 0.300000 1.000000 0 0 0
-0.050093 0.039923 -0.294212 1 0.000000 0.300000 1.000000 0 0 0
-0.050374 0.041133 -0.293857 1 0.000000 0.300000 1.000000 0 0 0
-0.050690 0.040938 -0.294105 1 0.000000 0.300000 1.000000 0 0 0
-0.050971 0.040731 -0.294331 1 0.000000 0.300000 1.000000 0 0 0
-0.049616 0.040663 -0.293651 1 0.000000 0.300000 1.000000 0 0 0
-0.049937 0.041063 -0.293653 1 0.000000 0.300000 1.000000 0 0 0
-0.051582 0.041743 -0.294162 1 0.000000 0.300000 1.000000 0 0 0
-0.051400 0.041489 -0.294201 1 0.000000 0.300000 1.000000 0 0 0
-0.051328 0.041728 -0.294059 1 0.000000 0.300000 1.000000 0 0 0
-0.050876 0.041607 -0.293892 1 0.000000 0.300000 1.000000 0 0 0
-0.051140 0.041103 -0.294252 1 0.000000 0.300000 1.000000 0 0 0
-0.051465 0.042027 -0.293951 1 0.000000 0.300000 1.000000 0 0 0
-0.051779 0.041892 -0.294160 1 0.000000 0.300000 1.000000 0 0 0
-0.051817 0.042094 -0.294057 1 0.000000 0.300000 1.000000 0 0 0
-0.050676 0.042041 -0.293581 1 0.000000 0.300000 1.000000 0 0 0
-0.051009 0.042187 -0.293659 1 0.000000 0.300000 1.000000 0 0 0
-0.050258 0.041490 -0.293633 1 0.000000 0.300000 1.000000 0 0 0
-0.050448 0.041842 -0.293565 1 0.000000 0.300000 1.000000 0 0 0
-0.047695 0.033378 -0.294135 3 0.806452 1.000000 0.161290 0 0 0
-0.047186 0.033191 -0.293939 3 0.806452 1.000000 0.161290 0 0 0
-0.047304 0.033742 -0.293979 2 0.161290 1.000000 0.806452 0 0 0
-0.047687 0.033792 -0.294142 2 0.161290 1.000000 0.806452 0 0 0
-0.047684 0.034161 -0.294132 1 0.000000 0.300000 1.000000 0 0 0
-0.047233 0.034352 -0.293911 1 0.000000 0.300000 1.000000 0 0 0
-0.047703 0.034702 -0.294117 1 0.000000 0.300000 1.000000 0 0 0
-0.047336 0.034936 -0.293912 1 0.000000 0.300000 1.000000 0 0 0
-0.047759 0.035228 -0.294106 1 0.000000 0.300000 1.000000 0 0 0
-0.047398 0.035487 -0.293879 1 0.000000 0.300000 1.000000 0 0 0
-0.046762 0.033383 -0.293759 3 0.806452 1.000000 0.161290 0 0 0
-0.046883 0.033938 -0.293776 1 0.000000 0.300000 1.000000 0 0 0
-0.046510 0.033702 -0.293614 4 1.000000 0.407407 0.000000 0 0 0
-0.046429 0.033379 -0.293609 4 1.000000 0.407407 0.000000 0 0 0
-0.046887 0.034286 -0.293744 0 0.000000 0.000000 0.500000 0 0 0
-0.046597 0.034158 -0.293601 5 0.500000 0.000000 0.000000 0 0 0
-0.046835 0.034692 -0.293658 0 0.000000 0.000000 0.500000 0 0 0
-0.047086 0.035143 -0.293750 0 0.000000 0.000000 0.500000 0 0 0
-0.047032 0.035426 -0.293672 0 0.000000 0.000000 0.500000 0 0 0
-0.048145 0.036227 -0.294204 1 0.000000 0.300000 1.000000 0 0 0
-0.047961 0.035804 -0.294150 1 0.000000 0.300000 1.000000 0 0 0
-0.047900 0.036334 -0.294051 1 0.000000 0.300000 1.000000 0 0 0
-0.047521 0.036051 -0.293866 0 0.000000 0.000000 0.500000 0 0 0
-0.048244 0.036566 -0.294208 1 0.000000 0.300000 1.000000 0 0 0
-0.047956 0.036797 -0.294002 1 0.000000 0.300000 1.000000 0 0 0
-0.047589 0.036544 -0.293823 0 0.000000 0.000000 0.500000 0 0 0
-0.048367 0.037062 -0.294186 1 0.000000 0.300000 1.000000 0 0 0
-0.047987 0.037305 -0.293903 1 0.000000 0.300000 1.000000 0 0 0
-0.047669 0.036951 -0.293787 0 0.000000 0.000000 0.500000 0 0 0
-0.048386 0.037482 -0.294104 1 0.000000 0.300000 1.000000 0 0 0
-0.048234 0.037795 -0.293926 1 0.000000 0.300000 1.000000 0 0 0
-0.047513 0.037291 -0.293584 0 0.000000 0.000000 0.500000 0 0 0
-0.047809 0.037729 -0.293668 0 0.000000 0.000000 0.500000 0 0 0
-0.047095 0.035810 -0.293637 0 0.000000 0.000000 0.500000 0 0 0
-0.047190 0.036311 -0.293600 0 0.000000 0.000000 0.500000 0 0 0
-0.047315 0.036804 -0.293574 0 0.000000 0.000000 0.500000 0 0 0
-0.048933 0.038149 -0.294226 1 0.000000 0.300000 1.000000 0 0 0
-0.048652 0.037829 -0.294161 1 0.000000 0.300000 1.000000 0 0 0
-0.048530 0.038329 -0.293935 1 0.000000 0.300000 1.000000 0 0 0
-0.049482 0.038961 -0.294262 1 0.000000 0.300000 1.000000 0 0 0
-0.049179 0.038579 -0.294224 1 0.000000 0.300000 1.000000 0 0 0
-0.049220 0.039040 -0.294096 1 0.000000 0.300000 1.000000 0 0 0
-0.048843 0.038926 -0.293916 1 0.000000 0.300000 1.000000 0 0 0
-0.048065 0.038073 -0.293735 0 0.000000 0.000000 0.500000 0 0 0
-0.047756 0.038079 -0.293522 0 0.000000 0.000000 0.500000 0 0 0
-0.048020 0.038417 -0.293584 0 0.000000 0.000000 0.500000 0 0 0
-0.048349 0.038837 -0.293644 0 0.000000 0.000000 0.500000 0 0 0
-0.049462 0.039242 -0.294154 1 0.000000 0.300000 1.000000 0 0 0
-0.049155 0.039473 -0.293892 1 0.000000 0.300000 1.000000 0 0 0
-0.048652 0.039279 -0.293668 0 0.000000 0.000000 0.500000 0 0 0
-0.048821 0.039547 -0.293669 1 0.000000 0.300000 1.000000 0 0 0
-0.049204 0.039851 -0.293772 1 0.000000 0.300000 1.000000 0 0 0
-0.049719 0.039540 -0.294170 1 0.000000 0.300000 1.000000 0 0 0
-0.048942 0.039783 -0.293643 1 0.000000 0.300000 1.000000 0 0 0
-0.049165 0.040107 -0.293637 1 0.000000 0.300000 1.000000 0 0 0
-0.049422 0.040352 -0.293681 1 0.000000 0.300000 1.000000 0 0 0
-0.058463 0.031979 -0.293029 2 0.161290 1.000000 0.806452 0 0 0
-0.058493 0.032248 -0.293152 2 0.161290 1.000000 0.806452 0 0 0
-0.058763 0.032199 -0.292982 2 0.161290 1.000000 0.806452 0 0 0
-0.059058 0.032552 -0.292978 2 0.161290 1.000000 0.806452 0 0 0
-0.059040 0.032870 -0.293099 2 0.161290 1.000000 0.806452 0 0 0
-0.059225 0.032787 -0.292971 2 0.161290 1.000000 0.806452 0 0 0
-0.058608 0.032680 -0.293263 2 0.161290 1.000000 0.806452 0 0 0
-0.058946 0.033272 -0.293236 2 0.161290 1.000000 0.806452 0 0 0
-0.059312 0.033066 -0.292978 2 0.161290 1.000000 0.806452 0 0 0
-0.058633 0.033136 -0.293394 2 0.161290 1.000000 0.806452 0 0 0
-0.058995 0.033971 -0.293313 2 0.161290 1.000000 0.806452 0 0 0
-0.059450 0.033643 -0.292971 2 0.161290 1.000000 0.806452 0 0 0
-0.059115 0.034496 -0.293273 1 0.000000 0.300000 1.000000 0 0 0
-0.059426 0.034313 -0.293034 1 0.000000 0.300000 1.000000 0 0 0
-0.058979 0.034865 -0.293372 1 0.000000 0.300000 1.000000 0 0 0
-0.059335 0.034868 -0.293099 1 0.000000 0.300000 1.000000 0 0 0
-0.059132 0.035346 -0.293222 1 0.000000 0.300000 1.000000 0 0 0
-0.059135 0.035809 -0.293166 1 0.000000 0.300000 1.000000 0 0 0
-0.058892 0.035642 -0.293375 1 0.000000 0.300000 1.000000 0 0 0
-0.058848 0.036101 -0.293344 1 0.000000 0.300000 1.000000 0 0 0
-0.059168 0.036184 -0.293073 1 0.000000 0.300000 1.000000 0 0 0
-0.058656 0.036611 -0.293411 1 0.000000 0.300000 1.000000 0 0 0
-0.059021 0.036558 -0.293119 1 0.000000 0.300000 1.000000 0 0 0
-0.058493 0.037082 -0.293459 1 0.000000 0.300000 1.000000 0 0 0
-0.058858 0.037031 -0.293152 1 0.000000 0.300000 1.000000 0 0 0
-0.058660 0.037567 -0.293198 1 0.000000 0.300000 1.000000 0 0 0
-0.051653 0.028585 -0.292967 3 0.806452 1.000000 0.161290 0 0 0
-0.051668 0.028970 -0.293263 3 0.806452 1.000000 0.161290 0 0 0
-0.052243 0.028793 -0.293006 3 0.806452 1.000000 0.161290 0 0 0
-0.051242 0.028728 -0.293129 3 0.806452 1.000000 0.161290 0 0 0
-0.051268 0.029100 -0.293410 3 0.806452 1.000000 0.161290 0 0 0
-0.050835 0.028997 -0.293336 3 0.806452 1.000000 0.161290 0 0 0
-0.050765 0.028562 -0.293014 3 0.806452 1.000000 0.161290 0 0 0
-0.050238 0.028890 -0.293228 3 0.806452 1.000000 0.161290 0 0 0
-0.050359 0.028443 -0.292915 3 0.806452 1.000000 0.161290 0 0 0
-0.049951 0.028527 -0.292941 3 0.806452 1.000000 0.161290 0 0 0
-0.049811 0.028795 -0.293124 3 0.806452 1.000000 0.161290 0 0 0
-0.056817 0.030794 -0.292957 2 0.161290 1.000000 0.806452 0 0 0
-0.056783 0.031140 -0.293217 2 0.161290 1.000000 0.806452 0 0 0
-0.057260 0.031069 -0.292975 2 0.161290 1.000000 0.806452 0 0 0
-0.056440 0.030789 -0.293097 2 0.161290 1.000000 0.806452 0 0 0
-0.056418 0.031153 -0.293360 2 0.161290 1.000000 0.806452 0 0 0
-0.054407 0.029564 -0.292925 3 0.806452 1.000000 0.161290 0 0 0
-0.054418 0.029816 -0.293118 3 0.806452 1.000000 0.161290 0 0 0
-0.054791 0.029747 -0.292911 3 0.806452 1.000000 0.161290 0 0 0
-0.054137 0.029613 -0.293070 3 0.806452 1.000000 0.161290 0 0 0
-0.054098 0.029961 -0.293332 3 0.806452 1.000000 0.161290 0 0 0
-0.055567 0.030150 -0.292938 3 0.806452 1.000000 0.161290 0 0 0
-0.055568 0.030521 -0.293218 2 0.161290 1.000000 0.806452 0 0 0
-0.056029 0.030365 -0.292922 2 0.161290 1.000000 0.806452 0 0 0
-0.055168 0.030172 -0.293103 3 0.806452 1.000000 0.161290 0 0 0
-0.055119 0.030607 -0.293428 2 0.161290 1.000000 0.806452 0 0 0
-0.055994 0.030915 -0.293344 2 0.161290 1.000000 0.806452 0 0 0
-0.055511 0.030939 -0.293523 2 0.161290 1.000000 0.806452 0 0 0
-0.059340 0.031294 -0.292128 2 0.161290 1.000000 0.806452 0 0 0
-0.059223 0.031644 -0.292432 2 0.161290 1.000000 0.806452 0 0 0
-0.059525 0.031617 -0.292248 2 0.161290 1.000000 0.806452 0 0 0
-0.058992 0.031314 -0.292336 2 0.161290 1.000000 0.806452 0 0 0
-0.058711 0.031637 -0.292687 2 0.161290 1.000000 0.806452 0 0 0
-0.059208 0.032123 -0.292694 2 0.161290 1.000000 0.806452 0 0 0
-0.059537 0.031914 -0.292413 2 0.161290 1.000000 0.806452 0 0 0
-0.059668 0.032276 -0.292489 2 0.161290 1.000000 0.806452 0 0 0
-0.059451 0.032668 -0.292773 2 0.161290 1.000000 0.806452 0 0 0
-0.059918 0.032733 -0.292467 2 0.161290 1.000000 0.806452 0 0 0
-0.059697 0.033163 -0.292734 2 0.161290 1.000000 0.806452 0 0 0
-0.060118 0.033274 -0.292453 2 0.161290 1.000000 0.806452 0 0 0
-0.059876 0.033607 -0.292678 2 0.161290 1.000000 0.806452 0 0 0
-0.060233 0.033850 -0.292432 2 0.161290 1.000000 0.806452 0 0 0
-0.059833 0.034110 -0.292733 2 0.161290 1.000000 0.806452 0 0 0
-0.060181 0.034465 -0.292461 1 0.000000 0.300000 1.000000 0 0 0
-0.059780 0.034783 -0.292752 1 0.000000 0.300000 1.000000 0 0 0
-0.060143 0.034955 -0.292447 1 0.000000 0.300000 1.000000 0 0 0
-0.059538 0.035396 -0.292887 1 0.000000 0.300000 1.000000 0 0 0
-0.059955 0.035360 -0.292538 1 0.000000 0.300000 1.000000 0 0 0
-0.059314 0.035626 -0.293049 1 0.000000 0.300000 1.000000 0 0 0
-0.059782 0.035829 -0.292605 1 0.000000 0.300000 1.000000 0 0 0
-0.059678 0.036248 -0.292607 1 0.000000 0.300000 1.000000 0 0 0
-0.059433 0.035944 -0.292892 1 0.000000 0.300000 1.000000 0 0 0
-0.059387 0.036490 -0.292810 1 0.000000 0.300000 1.000000 0 0 0
-0.059638 0.036566 -0.292559 1 0.000000 0.300000 1.000000 0 0 0
-0.059190 0.036907 -0.292882 1 0.000000 0.300000 1.000000 0 0 0
-0.059557 0.036998 -0.292497 1 0.000000 0.300000 1.000000 0 0 0
-0.059117 0.037434 -0.292798 1 0.000000 0.300000 1.000000 0 0 0
-0.059473 0.037645 -0.292352 1 0.000000 0.300000 1.000000 0 0 0
-0.058896 0.037891 -0.292883 1 0.000000 0.300000 1.000000 0 0 0
-0.059172 0.037971 -0.292566 1 0.000000 0.300000 1.000000 0 0 0
-0.059422 0.038076 -0.292242 1 0.000000 0.300000 1.000000 0 0 0
-0.058895 0.038355 -0.292722 1 0.000000 0.300000 1.000000 0 0 0
-0.059218 0.038394 -0.292345 1 0.000000 0.300000 1.000000 0 0 0
-0.059009 0.038850 -0.292378 1 0.000000 0.300000 1.000000 0 0 0
-0.058730 0.038745 -0.292753 1 0.000000 0.300000 1.000000 0 0 0
-0.058671 0.039161 -0.292633 1 0.000000 0.300000 1.000000 0 0 0
-0.058932 0.039415 -0.292186 1 0.000000 0.300000 1.000000 0 0 0
-0.058588 0.039717 -0.292460 1 0.000000 0.300000 1.000000 0 0 0
-0.059189 0.030765 -0.291765 2 0.161290 1.000000 0.806452 0 0 0
-0.059288 0.031022 -0.291946 2 0.161290 1.000000 0.806452 0 0 0
-0.059577 0.031040 -0.291759 2 0.161290 1.000000 0.806452 0 0 0
-0.059048 0.031019 -0.292081 2 0.161290 1.000000 0.806452 0 0 0
-0.058850 0.030752 -0.291953 2 0.161290 1.000000 0.806452 0 0 0
-0.060876 0.032533 -0.291659 2 0.161290 1.000000 0.806452 0 0 0
-0.060853 0.032992 -0.291838 2 0.161290 1.000000 0.806452 0 0 0
-0.061162 0.032974 -0.291566 2 0.161290 1.000000 0.806452 0 0 0
-0.060723 0.033275 -0.292004 2 0.161290 1.000000 0.806452 0 0 0
-0.061015 0.033365 -0.291774 2 0.161290 1.000000 0.806452 0 0 0
-0.059717 0.031454 -0.292002 2 0.161290 1.000000 0.806452 0 0 0
-0.059787 0.031815 -0.292194 2 0.161290 1.000000 0.806452 0 0 0
-0.060059 0.031700 -0.291917 2 0.161290 1.000000 0.806452 0 0 0
-0.060350 0.031939 -0.291831 2 0.161290 1.000000 0.806452 0 0 0
-0.060070 0.032200 -0.292166 2 0.161290 1.000000 0.806452 0 0 0
-0.060494 0.032295 -0.291883 2 0.161290 1.000000 0.806452 0 0 0
-0.059773 0.032045 -0.292330 2 0.161290 1.000000 0.806452 0 0 0
-0.060450 0.032841 -0.292101 2 0.161290 1.000000 0.806452 0 0 0
-0.060479 0.033462 -0.292218 2 0.161290 1.000000 0.806452 0 0 0
-0.060777 0.033734 -0.292006 2 0.161290 1.000000 0.806452 0 0 0
-0.061141 0.033811 -0.291692 2 0.161290 1.000000 0.806452 0 0 0
-0.060942 0.034204 -0.291859 2 0.161290 1.000000 0.806452 0 0 0
-0.060522 0.033816 -0.292220 2 0.161290 1.000000 0.806452 0 0 0
-0.060805 0.034648 -0.291929 1 0.000000 0.300000 1.000000 0 0 0
-0.060570 0.034225 -0.292167 1 0.000000 0.300000 1.000000 0 0 0
-0.060485 0.034859 -0.292169 1 0.000000 0.300000 1.000000 0 0 0
-0.060736 0.034992 -0.291929 1 0.000000 0.300000 1.000000 0 0 0
-0.060284 0.035297 -0.292266 1 0.000000 0.300000 1.000000 0 0 0
-0.060637 0.035416 -0.291906 1 0.000000 0.300000 1.000000 0 0 0
-0.060170 0.035882 -0.292225 1 0.000000 0.300000 1.000000 0 0 0
-0.060571 0.036062 -0.291756 1 0.000000 0.300000 1.000000 0 0 0
-0.059891 0.036122 -0.292440 1 0.000000 0.300000 1.000000 0 0 0
-0.060287 0.036431 -0.291936 1 0.000000 0.300000 1.000000 0 0 0
-0.060153 0.036806 -0.291945 1 0.000000 0.300000 1.000000 0 0 0
-0.059915 0.036510 -0.292300 1 0.000000 0.300000 1.000000 0 0 0
-0.059909 0.036988 -0.292138 1 0.000000 0.300000 1.000000 0 0 0
-0.060093 0.037203 -0.291837 1 0.000000 0.300000 1.000000 0 0 0
-0.059802 0.037401 -0.292083 1 0.000000 0.300000 1.000000 0 0 0
-0.060009 0.037577 -0.291755 1 0.000000 0.300000 1.000000 0 0 0
-0.059749 0.037962 -0.291883 1 0.000000 0.300000 1.000000 0 0 0
-0.059489 0.038382 -0.292019 1 0.000000 0.300000 1.000000 0 0 0
-0.059521 0.038718 -0.291794 1 0.000000 0.300000 1.000000 0 0 0
-0.059308 0.038703 -0.292086 1 0.000000 0.300000 1.000000 0 0 0
-0.059296 0.039150 -0.291843 1 0.000000 0.300000 1.000000 0 0 0
-0.059123 0.039585 -0.291836 1 0.000000 0.300000 1.000000 0 0 0
-0.058888 0.040000 -0.291900 1 0.000000 0.300000 1.000000 0 0 0
-0.058627 0.040053 -0.292239 1 0.000000 0.300000 1.000000 0 0 0
-0.058619 0.040314 -0.292090 1 0.000000 0.300000 1.000000 0 0 0
-0.058770 0.040397 -0.291818 1 0.000000 0.300000 1.000000 0 0 0
-0.058624 0.040655 -0.291843 1 0.000000 0.300000 1.000000 0 0 0
-0.059963 0.030929 -0.291384 2 0.161290 1.000000 0.806452 0 0 0
-0.059993 0.031300 -0.291686 2 0.161290 1.000000 0.806452 0 0 0
-0.060213 0.031194 -0.291445 2 0.161290 1.000000 0.806452 0 0 0
-0.059203 0.030296 -0.291258 2 0.161290 1.000000 0.806452 0 0 0
-0.059133 0.030472 -0.291504 2 0.161290 1.000000 0.806452 0 0 0
-0.059537 0.030574 -0.291323 2 0.161290 1.000000 0.806452 0 0 0
-0.058846 0.030236 -0.291419 2 0.161290 1.000000 0.806452 0 0 0
-0.058900 0.030532 -0.291712 2 0.161290 1.000000 0.806452 0 0 0
-0.060809 0.031644 -0.291264 2 0.161290 1.000000 0.806452 0 0 0
-0.060684 0.031997 -0.291581 2 0.161290 1.000000 0.806452 0 0 0
-0.061124 0.032077 -0.291222 2 0.161290 1.000000 0.806452 0 0 0
-0.061305 0.032596 -0.291315 2 0.161290 1.000000 0.806452 0 0 0
-0.061488 0.032965 -0.291266 2 0.161290 1.000000 0.806452 0 0 0
-0.061386 0.033426 -0.291437 2 0.161290 1.000000 0.806452 0 0 0
-0.061685 0.033269 -0.291122 2 0.161290 1.000000 0.806452 0 0 0
-0.060414 0.031220 -0.291306 2 0.161290 1.000000 0.806452 0 0 0
-0.060402 0.031535 -0.291542 2 0.161290 1.000000 0.806452 0 0 0
-0.060640 0.031349 -0.291212 2 0.161290 1.000000 0.806452 0 0 0
-0.061429 0.033903 -0.291411 2 0.161290 1.000000 0.806452 0 0 0
-0.061726 0.033728 -0.291102 2 0.161290 1.000000 0.806452 0 0 0
-0.061254 0.034247 -0.291562 2 0.161290 1.000000 0.806452 0 0 0
-0.061600 0.034311 -0.291175 2 0.161290 1.000000 0.806452 0 0 0
-0.061065 0.034566 -0.291705 1 0.000000 0.300000 1.000000 0 0 0
-0.061302 0.034692 -0.291434 1 0.000000 0.300000 1.000000 0 0 0
-0.061563 0.034888 -0.291079 1 0.000000 0.300000 1.000000 0 0 0
-0.060993 0.035036 -0.291668 1 0.000000 0.300000 1.000000 0 0 0
-0.061296 0.035097 -0.291329 1 0.000000 0.300000 1.000000 0 0 0
-0.061131 0.035443 -0.291387 1 0.000000 0.300000 1.000000 0 0 0
-0.060919 0.035416 -0.291632 1 0.000000 0.300000 1.000000 0 0 0
-0.060891 0.035757 -0.291526 1 0.000000 0.300000 1.000000 0 0 0
-0.061194 0.035918 -0.291090 1 0.000000 0.300000 1.000000 0 0 0
-0.060857 0.036266 -0.291333 1 0.000000 0.300000 1.000000 0 0 0
-0.060543 0.036596 -0.291572 1 0.000000 0.300000 1.000000 0 0 0
-0.060338 0.036705 -0.291780 1 0.000000 0.300000 1.000000 0 0 0
-0.060342 0.036967 -0.291649 1 0.000000 0.300000 1.000000 0 0 0
-0.060574 0.037016 -0.291313 1 0.000000 0.300000 1.000000 0 0 0
-0.060310 0.037450 -0.291419 1 0.000000 0.300000 1.000000 0 0 0
-0.060067 0.037844 -0.291528 1 0.000000 0.300000 1.000000 0 0 0
-0.042924 0.029070 -0.291269 4 1.000000 0.407407 0.000000 0 0 0
-0.043092 0.028685 -0.291255 4 1.000000 0.407407 0.000000 0 0 0
-0.042846 0.028553 -0.290995 4 1.000000 0.407407 0.000000 0 0 0
-0.042526 0.028558 -0.290746 4 1.000000 0.407407 0.000000 0 0 0
-0.042438 0.028929 -0.290805 4 1.000000 0.407407 0.000000 0 0 0
-0.042531 0.029353 -0.291034 4 1.000000 0.407407 0.000000 0 0 0
-0.042725 0.029537 -0.291262 4 1.000000 0.407407 0.000000 0 0 0
-0.042161 0.029482 -0.290713 4 1.000000 0.407407 0.000000 0 0 0
-0.042452 0.029779 -0.291063 4 1.000000 0.407407 0.000000 0 0 0
-0.042740 0.029927 -0.291360 4 1.000000 0.407407 0.000000 0 0 0
-0.042154 0.030043 -0.290811 4 1.000000 0.407407 0.000000 0 0 0
-0.042454 0.030360 -0.291134 4 1.000000 0.407407 0.000000 0 0 0
-0.042806 0.030302 -0.291471 4 1.000000 0.407407 0.000000 0 0 0
-0.042156 0.030405 -0.290848 4 1.000000 0.407407 0.000000 0 0 0
-0.042757 0.030718 -0.291437 4 1.000000 0.407407 0.000000 0 0 0
-0.042482 0.030905 -0.291166 4 1.000000 0.407407 0.000000 0 0 0
-0.042159 0.030818 -0.290845 4 1.000000 0.407407 0.000000 0 0 0
-0.043163 0.032866 -0.291444 5 0.500000 0.000000 0.000000 0 0 0
-0.042994 0.032500 -0.291381 4 1.000000 0.407407 0.000000 0 0 0
-0.042994 0.032965 -0.291249 5 0.500000 0.000000 0.000000 0 0 0
-0.043281 0.033136 -0.291460 5 0.500000 0.000000 0.000000 0 0 0
-0.043109 0.033303 -0.291234 5 0.500000 0.000000 0.000000 0 0 0
-0.042726 0.031236 -0.291375 4 1.000000 0.407407 0.000000 0 0 0
-0.042364 0.031384 -0.291004 4 1.000000 0.407407 0.000000 0 0 0
-0.042041 0.031281 -0.290693 4 1.000000 0.407407 0.000000 0 0 0
-0.042715 0.031835 -0.291270 4 1.000000 0.407407 0.000000 0 0 0
-0.042392 0.031828 -0.290960 4 1.000000 0.407407 0.000000 0 0 0
-0.042096 0.031755 -0.290673 4 1.000000 0.407407 0.000000 0 0 0
-0.042427 0.032315 -0.290876 4 1.000000 0.407407 0.000000 0 0 0
-0.042720 0.032765 -0.291045 5 0.500000 0.000000 0.000000 0 0 0
-0.042740 0.033206 -0.290909 5 0.500000 0.000000 0.000000 0 0 0
-0.058616 0.041664 -0.290999 1 0.000000 0.300000 1.000000 0 0 0
-0.058604 0.041273 -0.291369 1 0.000000 0.300000 1.000000 0 0 0
-0.058250 0.041711 -0.291513 1 0.000000 0.300000 1.000000 0 0 0
-0.058400 0.042233 -0.290787 1 0.000000 0.300000 1.000000 0 0 0
-0.058033 0.042252 -0.291338 1 0.000000 0.300000 1.000000 0 0 0
-0.057915 0.041989 -0.291753 1 0.000000 0.300000 1.000000 0 0 0
-0.058690 0.041880 -0.290681 1 0.000000 0.300000 1.000000 0 0 0
-0.057755 0.042340 -0.291648 1 0.000000 0.300000 1.000000 0 0 0
-0.045478 0.037686 -0.291576 5 0.500000 0.000000 0.000000 0 0 0
-0.045263 0.037315 -0.291509 5 0.500000 0.000000 0.000000 0 0 0
-0.045191 0.037728 -0.291237 5 0.500000 0.000000 0.000000 0 0 0
-0.048864 0.043818 -0.291378 0 0.000000 0.000000 0.500000 0 0 0
-0.048675 0.043602 -0.291397 0 0.000000 0.000000 0.500000 0 0 0
-0.048506 0.043872 -0.291059 0 0.000000 0.000000 0.500000 0 0 0
-0.049565 0.044619 -0.291198 0 0.000000 0.000000 0.500000 0 0 0
-0.049039 0.044198 -0.291202 0 0.000000 0.000000 0.500000 0 0 0
-0.049086 0.044677 -0.290866 0 0.000000 0.000000 0.500000 0 0 0
-0.048618 0.044433 -0.290724 0 0.000000 0.000000 0.500000 0 0 0
-0.048852 0.044733 -0.290675 0 0.000000 0.000000 0.500000 0 0 0
-0.048035 0.043872 -0.290661 0 0.000000 0.000000 0.500000 0 0 0
-0.048130 0.043552 -0.290983 0 0.000000 0.000000 0.500000 0 0 0
-0.048388 0.043425 -0.291290 0 0.000000 0.000000 0.500000 0 0 0
-0.048327 0.044109 -0.290742 0 0.000000 0.000000 0.500000 0 0 0
-0.047768 0.043458 -0.290722 0 0.000000 0.000000 0.500000 0 0 0
-0.047284 0.042680 -0.290818 0 0.000000 0.000000 0.500000 0 0 0
-0.047480 0.042553 -0.291091 0 0.000000 0.000000 0.500000 0 0 0
-0.047227 0.042388 -0.290950 0 0.000000 0.000000 0.500000 0 0 0
-0.047480 0.042765 -0.290955 0 0.000000 0.000000 0.500000 0 0 0
-0.047485 0.043046 -0.290752 0 0.000000 0.000000 0.500000 0 0 0
-0.049017 0.044936 -0.290625 0 0.000000 0.000000 0.500000 0 0 0
-0.049451 0.045148 -0.290710 0 0.000000 0.000000 0.500000 0 0 0
-0.049968 0.045054 -0.291059 0 0.000000 0.000000 0.500000 0 0 0
-0.050028 0.044733 -0.291354 0 0.000000 0.000000 0.500000 0 0 0
-0.049908 0.045357 -0.290780 0 0.000000 0.000000 0.500000 0 0 0
-0.051734 0.026831 -0.290387 3 0.806452 1.000000 0.161290 0 0 0
-0.051549 0.026866 -0.290720 3 0.806452 1.000000 0.161290 0 0 0
-0.051911 0.026954 -0.290697 3 0.806452 1.000000 0.161290 0 0 0
-0.050142 0.026703 -0.290315 3 0.806452 1.000000 0.161290 0 0 0
-0.050130 0.026790 -0.290690 3 0.806452 1.000000 0.161290 0 0 0
-0.050501 0.026709 -0.290355 3 0.806452 1.000000 0.161290 0 0 0
-0.049692 0.026724 -0.290333 3 0.806452 1.000000 0.161290 0 0 0
-0.049672 0.026938 -0.290981 3 0.806452 1.000000 0.161290 0 0 0
-0.050048 0.026864 -0.290949 3 0.806452 1.000000 0.161290 0 0 0
-0.058264 0.029360 -0.290681 3 0.806452 1.000000 0.161290 0 0 0
-0.058548 0.029363 -0.290487 2 0.161290 1.000000 0.806452 0 0 0
-0.058393 0.029114 -0.290213 3 0.806452 1.000000 0.161290 0 0 0
-0.057917 0.029072 -0.290499 3 0.806452 1.000000 0.161290 0 0 0
-0.057820 0.029380 -0.291001 3 0.806452 1.000000 0.161290 0 0 0
-0.057423 0.029038 -0.290791 3 0.806452 1.000000 0.161290 0 0 0
-0.057583 0.028782 -0.290292 3 0.806452 1.000000 0.161290 0 0 0
-0.057301 0.028747 -0.290453 3 0.806452 1.000000 0.161290 0 0 0
-0.058665 0.029660 -0.290814 2 0.161290 1.000000 0.806452 0 0 0
-0.058217 0.029613 -0.291054 2 0.161290 1.000000 0.806452 0 0 0
-0.057068 0.028788 -0.290671 3 0.806452 1.000000 0.161290 0 0 0
-0.056947 0.029001 -0.291045 3 0.806452 1.000000 0.161290 0 0 0
-0.056598 0.028649 -0.290765 3 0.806452 1.000000 0.161290 0 0 0
-0.046489 0.026212 -0.290120 3 0.806452 1.000000 0.161290 0 0 0
-0.046669 0.026400 -0.290334 3 0.806452 1.000000 0.161290 0 0 0
-0.047153 0.026313 -0.290114 3 0.806452 1.000000 0.161290 0 0 0
-0.046197 0.026449 -0.290443 3 0.806452 1.000000 0.161290 0 0 0
-0.046022 0.026182 -0.290136 3 0.806452 1.000000 0.161290 0 0 0
-0.045602 0.026309 -0.290295 3 0.806452 1.000000 0.161290 0 0 0
-0.045568 0.026647 -0.290676 3 0.806452 1.000000 0.161290 0 0 0
-0.045100 0.026464 -0.290443 3 0.806452 1.000000 0.161290 0 0 0
-0.045063 0.026693 -0.290693 3 0.806452 1.000000 0.161290 0 0 0
-0.049055 0.026847 -0.290665 3 0.806452 1.000000 0.161290 0 0 0
-0.049030 0.026622 -0.290083 3 0.806452 1.000000 0.161290 0 0 0
-0.048434 0.026715 -0.290440 3 0.806452 1.000000 0.161290 0 0 0
-0.048537 0.026537 -0.290037 3 0.806452 1.000000 0.161290 0 0 0
-0.048093 0.026493 -0.290120 3 0.806452 1.000000 0.161290 0 0 0
-0.047921 0.026642 -0.290426 3 0.806452 1.000000 0.161290 0 0 0
-0.047671 0.026490 -0.290249 3 0.806452 1.000000 0.161290 0 0 0
-0.047478 0.026646 -0.290524 3 0.806452 1.000000 0.161290 0 0 0
-0.046829 0.026649 -0.290620 3 0.806452 1.000000 0.161290 0 0 0
-0.046194 0.026806 -0.290851 3 0.806452 1.000000 0.161290 0 0 0
-0.045663 0.026984 -0.291035 3 0.806452 1.000000 0.161290 0 0 0
-0.045169 0.026901 -0.290910 3 0.806452 1.000000 0.161290 0 0 0
-0.044689 0.026664 -0.290585 3 0.806452 1.000000 0.161290 0 0 0
-0.044606 0.026389 -0.290263 3 0.806452 1.000000 0.161290 0 0 0
-0.044143 0.026722 -0.290458 4 1.000000 0.407407 0.000000 0 0 0
-0.044113 0.026350 -0.290088 4 1.000000 0.407407 0.000000 0 0 0
-0.043751 0.026587 -0.290185 4 1.000000 0.407407 0.000000 0 0 0
-0.043703 0.026328 -0.289912 4 1.000000 0.407407 0.000000 0 0 0
-0.043349 0.026617 -0.290007 4 1.000000 0.407407 0.000000 0 0 0
-0.057454 0.044186 -0.290073 1 0.000000 0.300000 1.000000 0 0 0
-0.057203 0.044247 -0.290319 1 0.000000 0.300000 1.000000 0 0 0
-0.057242 0.044510 -0.289949 1 0.000000 0.300000 1.000000 0 0 0
-0.057476 0.044326 -0.289863 1 0.000000 0.300000 1.000000 0 0 0
-0.057151 0.044854 -0.289611 1 0.000000 0.300000 1.000000 0 0 0
-0.056908 0.044844 -0.289932 1 0.000000 0.300000 1.000000 0 0 0
-0.056987 0.044549 -0.290212 1 0.000000 0.300000 1.000000 0 0 0
-0.056640 0.044756 -0.290317 1 0.000000 0.300000 1.000000 0 0 0
-0.056825 0.045196 -0.289571 1 0.000000 0.300000 1.000000 0 0 0
-0.056556 0.045141 -0.289928 1 0.000000 0.300000 1.000000 0 0 0
-0.056203 0.045124 -0.290258 1 0.000000 0.300000 1.000000 0 0 0
-0.056241 0.045405 -0.289886 1 0.000000 0.300000 1.000000 0 0 0
-0.055862 0.045512 -0.290038 1 0.000000 0.300000 1.000000 0 0 0
-0.055773 0.045253 -0.290414 1 0.000000 0.300000 1.000000 0 0 0
-0.055299 0.045579 -0.290309 1 0.000000 0.300000 1.000000 0 0 0
-0.056077 0.045729 -0.289602 1 0.000000 0.300000 1.000000 0 0 0
-0.055545 0.045915 -0.289757 1 0.000000 0.300000 1.000000 0 0 0
-0.055085 0.046006 -0.289930 1 0.000000 0.300000 1.000000 0 0 0
-0.054832 0.045864 -0.290226 1 0.000000 0.300000 1.000000 0 0 0
-0.055227 0.046156 -0.289667 1 0.000000 0.300000 1.000000 0 0 0
-0.054534 0.046016 -0.290182 1 0.000000 0.300000 1.000000 0 0 0
-0.054730 0.046109 -0.289988 1 0.000000 0.300000 1.000000 0 0 0
-0.054255 0.046014 -0.290282 1 0.000000 0.300000 1.000000 0 0 0
-0.054327 0.046262 -0.289969 1 0.000000 0.300000 1.000000 0 0 0
-0.054843 0.046365 -0.289616 1 0.000000 0.300000 1.000000 0 0 0
-0.054275 0.046625 -0.289575 1 0.000000 0.300000 1.000000 0 0 0
-0.053882 0.046156 -0.290234 1 0.000000 0.300000 1.000000 0 0 0
-0.053730 0.046523 -0.289871 1 0.000000 0.300000 1.000000 0 0 0
-0.053535 0.046287 -0.290181 1 0.000000 0.300000 1.000000 0 0 0
-0.053126 0.046905 -0.289627 1 0.000000 0.300000 1.000000 0 0 0
-0.053104 0.046439 -0.290108 1 0.000000 0.300000 1.000000 0 0 0
-0.052699 0.046719 -0.289895 1 0.000000 0.300000 1.000000 0 0 0
-0.052363 0.046438 -0.290206 1 0.000000 0.300000 1.000000 0 0 0
-0.052267 0.046838 -0.289831 1 0.000000 0.300000 1.000000 0 0 0
-0.051792 0.046407 -0.290256 1 0.000000 0.300000 1.000000 0 0 0
-0.051822 0.046693 -0.289983 1 0.000000 0.300000 1.000000 0 0 0
-0.051374 0.046513 -0.290131 0 0.000000 0.000000 0.500000 0 0 0
-0.051335 0.046838 -0.289827 0 0.000000 0.000000 0.500000 0 0 0
-0.050952 0.046272 -0.290291 0 0.000000 0.000000 0.500000 0 0 0
-0.050901 0.046621 -0.289965 0 0.000000 0.000000 0.500000 0 0 0
-0.050485 0.045958 -0.290464 0 0.000000 0.000000 0.500000 0 0 0
-0.050052 0.045839 -0.290429 0 0.000000 0.000000 0.500000 0 0 0
-0.050078 0.046111 -0.290198 0 0.000000 0.000000 0.500000 0 0 0
-0.049779 0.045880 -0.290274 0 0.000000 0.000000 0.500000 0 0 0
-0.049692 0.046125 -0.290019 0 0.000000 0.000000 0.500000 0 0 0
-0.050471 0.046365 -0.290096 0 0.000000 0.000000 0.500000 0 0 0
-0.049648 0.046422 -0.289738 0 0.000000 0.000000 0.500000 0 0 0
-0.050023 0.046440 -0.289882 0 0.000000 0.000000 0.500000 0 0 0
-0.052608 0.046968 -0.289669 1 0.000000 0.300000 1.000000 0 0 0
-0.052293 0.047097 -0.289585 1 0.000000 0.300000 1.000000 0 0 0
-0.051790 0.047095 -0.289611 0 0.000000 0.000000 0.500000 0 0 0
-0.051255 0.047112 -0.289575 0 0.000000 0.000000 0.500000 0 0 0
-0.050874 0.046954 -0.289662 0 0.000000 0.000000 0.500000 0 0 0
-0.050423 0.046729 -0.289754 0 0.000000 0.000000 0.500000 0 0 0
-0.055046 0.046697 -0.289085 1 0.000000 0.300000 1.000000 0 0 0
-0.054611 0.046713 -0.289325 1 0.000000 0.300000 1.000000 0 0 0
-0.054581 0.046964 -0.289044 1 0.000000 0.300000 1.000000 0 0 0
-0.054298 0.046885 -0.289278 1 0.000000 0.300000 1.000000 0 0 0
-0.054189 0.047126 -0.289056 1 0.000000 0.300000 1.000000 0 0 0
-0.053819 0.046974 -0.289361 1 0.000000 0.300000 1.000000 0 0 0
-0.053833 0.047308 -0.289006 1 0.000000 0.300000 1.000000 0 0 0
-0.053256 0.047430 -0.289068 1 0.000000 0.300000 1.000000 0 0 0
-0.052623 0.047271 -0.289372 1 0.000000 0.300000 1.000000 0 0 0
-0.052682 0.047593 -0.289057 1 0.000000 0.300000 1.000000 0 0 0
-0.052149 0.047305 -0.289405 1 0.000000 0.300000 1.000000 0 0 0
-0.051810 0.047462 -0.289282 0 0.000000 0.000000 0.500000 0 0 0
-0.052205 0.047590 -0.289138 1 0.000000 0.300000 1.000000 0 0 0
-0.051845 0.047678 -0.289090 0 0.000000 0.000000 0.500000 0 0 0
-0.051373 0.047377 -0.289347 0 0.000000 0.000000 0.500000 0 0 0
-0.050912 0.047266 -0.289392 0 0.000000 0.000000 0.500000 0 0 0
-0.051487 0.047710 -0.289057 0 0.000000 0.000000 0.500000 0 0 0
-0.050987 0.047582 -0.289121 0 0.000000 0.000000 0.500000 0 0 0
-0.050438 0.047105 -0.289424 0 0.000000 0.000000 0.500000 0 0 0
-0.049677 0.047092 -0.289167 0 0.000000 0.000000 0.500000 0 0 0
-0.050021 0.047375 -0.289050 0 0.000000 0.000000 0.500000 0 0 0
-0.049863 0.046830 -0.289468 0 0.000000 0.000000 0.500000 0 0 0
-0.050573 0.047419 -0.289184 0 0.000000 0.000000 0.500000 0 0 0
-0.047790 0.044819 -0.289699 0 0.000000 0.000000 0.500000 0 0 0
-0.047653 0.044546 -0.289765 0 0.000000 0.000000 0.500000 0 0 0
-0.047639 0.044815 -0.289529 0 0.000000 0.000000 0.500000 0 0 0
-0.046531 0.043100 -0.289663 5 0.500000 0.000000 0.000000 0 0 0
-0.046386 0.042865 -0.289665 5 0.500000 0.000000 0.000000 0 0 0
-0.046389 0.043155 -0.289436 5 0.500000 0.000000 0.000000 0 0 0
-0.046643 0.043386 -0.289552 5 0.500000 0.000000 0.000000 0 0 0
-0.046433 0.043337 -0.289335 5 0.500000 0.000000 0.000000 0 0 0
-0.045804 0.042590 -0.289108 5 0.500000 0.000000 0.000000 0 0 0
-0.046099 0.042434 -0.289629 5 0.500000 0.000000 0.000000 0 0 0
-0.045740 0.042213 -0.289341 5 0.500000 0.000000 0.000000 0 0 0
-0.046101 0.042963 -0.289196 5 0.500000 0.000000 0.000000 0 0 0
-0.045483 0.042279 -0.288925 5 0.500000 0.000000 0.000000 0 0 0
-0.046295 0.043285 -0.289187 5 0.500000 0.000000 0.000000 0 0 0
-0.047328 0.044162 -0.289709 0 0.000000 0.000000 0.500000 0 0 0
-0.047042 0.043699 -0.289760 5 0.500000 0.000000 0.000000 0 0 0
-0.047041 0.044013 -0.289492 5 0.500000 0.000000 0.000000 0 0 0
-0.046441 0.043525 -0.289157 5 0.500000 0.000000 0.000000 0 0 0
-0.046750 0.043943 -0.289165 5 0.500000 0.000000 0.000000 0 0 0
-0.047083 0.044256 -0.289324 5 0.500000 0.000000 0.000000 0 0 0
-0.047364 0.044673 -0.289302 0 0.000000 0.000000 0.500000 0 0 0
-0.048720 0.045597 -0.289879 0 0.000000 0.000000 0.500000 0 0 0
-0.048428 0.045335 -0.289867 0 0.000000 0.000000 0.500000 0 0 0
-0.048476 0.045592 -0.289686 0 0.000000 0.000000 0.500000 0 0 0
-0.048139 0.045048 -0.289847 0 0.000000 0.000000 0.500000 0 0 0
-0.047919 0.044921 -0.289748 0 0.000000 0.000000 0.500000 0 0 0
-0.047837 0.045076 -0.289520 0 0.000000 0.000000 0.500000 0 0 0
-0.047598 0.044966 -0.289345 0 0.000000 0.000000 0.500000 0 0 0
-0.047680 0.045148 -0.289279 0 0.000000 0.000000 0.500000 0 0 0
-0.048195 0.045469 -0.289530 0 0.000000 0.000000 0.500000 0 0 0
-0.047806 0.045425 -0.289157 0 0.000000 0.000000 0.500000 0 0 0
-0.049334 0.046151 -0.289808 0 0.000000 0.000000 0.500000 0 0 0
-0.048991 0.045886 -0.289820 0 0.000000 0.000000 0.500000 0 0 0
-0.049027 0.046214 -0.289559 0 0.000000 0.000000 0.500000 0 0 0
-0.048581 0.045953 -0.289451 0 0.000000 0.000000 0.500000 0 0 0
-0.049353 0.046514 -0.289498 0 0.000000 0.000000 0.500000 0 0 0
-0.048491 0.046313 -0.289068 0 0.000000 0.000000 0.500000 0 0 0
-0.048904 0.046527 -0.289198 0 0.000000 0.000000 0.500000 0 0 0
-0.048143 0.045837 -0.289152 0 0.000000 0.000000 0.500000 0 0 0
-0.048337 0.046088 -0.289129 0 0.000000 0.000000 0.500000 0 0 0
-0.058952 0.028636 -0.288547 3 0.806452 1.000000 0.161290 0 0 0
-0.059129 0.028872 -0.288989 3 0.806452 1.000000 0.161290 0 0 0
-0.059481 0.028890 -0.288480 3 0.806452 1.000000 0.161290 0 0 0
-0.058579 0.028656 -0.289131 3 0.806452 1.000000 0.161290 0 0 0
-0.058966 0.028913 -0.289320 3 0.806452 1.000000 0.161290 0 0 0
-0.058494 0.028405 -0.288532 3 0.806452 1.000000 0.161290 0 0 0
-0.062958 0.032005 -0.288503 2 0.161290 1.000000 0.806452 0 0 0
-0.062868 0.032174 -0.288865 2 0.161290 1.000000 0.806452 0 0 0
-0.063113 0.032336 -0.288404 2 0.161290 1.000000 0.806452 0 0 0
-0.063075 0.032762 -0.288795 2 0.161290 1.000000 0.806452 0 0 0
-0.062845 0.032584 -0.289274 2 0.161290 1.000000 0.806452 0 0 0
-0.062982 0.032873 -0.289145 2 0.161290 1.000000 0.806452 0 0 0
-0.063037 0.033193 -0.289090 2 0.161290 1.000000 0.806452 0 0 0
-0.063235 0.033380 -0.288541 2 0.161290 1.000000 0.806452 0 0 0
-0.060795 0.029726 -0.288676 2 0.161290 1.000000 0.806452 0 0 0
-0.061148 0.030061 -0.288881 2 0.161290 1.000000 0.806452 0 0 0
-0.061174 0.029909 -0.288468 2 0.161290 1.000000 0.806452 0 0 0
-0.060852 0.029895 -0.289002 2 0.161290 1.000000 0.806452 0 0 0
-0.061812 0.030386 -0.288393 2 0.161290 1.000000 0.806452 0 0 0
-0.061784 0.030480 -0.288650 2 0.161290 1.000000 0.806452 0 0 0
-0.062079 0.030645 -0.288361 2 0.161290 1.000000 0.806452 0 0 0
-0.062357 0.030914 -0.288298 2 0.161290 1.000000 0.806452 0 0 0
-0.062312 0.031070 -0.288656 2 0.161290 1.000000 0.806452 0 0 0
-0.062545 0.031143 -0.288259 2 0.161290 1.000000 0.806452 0 0 0
-0.061863 0.030774 -0.289026 2 0.161290 1.000000 0.806452 0 0 0
-0.062162 0.031092 -0.289022 2 0.161290 1.000000 0.806452 0 0 0
-0.061526 0.030207 -0.288542 2 0.161290 1.000000 0.806452 0 0 0
-0.061594 0.030420 -0.288881 2 0.161290 1.000000 0.806452 0 0 0
-0.061410 0.030267 -0.288896 2 0.161290 1.000000 0.806452 0 0 0
-0.059964 0.029200 -0.288625 2 0.161290 1.000000 0.806452 0 0 0
-0.060119 0.029446 -0.289056 2 0.161290 1.000000 0.806452 0 0 0
-0.060235 0.029374 -0.288702 2 0.161290 1.000000 0.806452 0 0 0
-0.059560 0.029175 -0.289159 2 0.161290 1.000000 0.806452 0 0 0
-0.060549 0.029755 -0.289138 2 0.161290 1.000000 0.806452 0 0 0
-0.060427 0.029524 -0.288785 2 0.161290 1.000000 0.806452 0 0 0
-0.059200 0.029018 -0.289282 3 0.806452 1.000000 0.161290 0 0 0
-0.062728 0.031603 -0.288526 2 0.161290 1.000000 0.806452 0 0 0
-0.062358 0.031376 -0.289041 2 0.161290 1.000000 0.806452 0 0 0
-0.062556 0.031808 -0.289172 2 0.161290 1.000000 0.806452 0 0 0
-0.062671 0.032185 -0.289334 2 0.161290 1.000000 0.806452 0 0 0
-0.063082 0.033632 -0.288968 2 0.161290 1.000000 0.806452 0 0 0
-0.063163 0.034052 -0.288640 2 0.161290 1.000000 0.806452 0 0 0
-0.063111 0.034527 -0.288584 2 0.161290 1.000000 0.806452 0 0 0
-0.062988 0.034444 -0.288931 2 0.161290 1.000000 0.806452 0 0 0
-0.062944 0.034028 -0.289199 2 0.161290 1.000000 0.806452 0 0 0
-0.062986 0.034744 -0.288769 1 0.000000 0.300000 1.000000 0 0 0
-0.062864 0.034426 -0.289221 2 0.161290 1.000000 0.806452 0 0 0
-0.062929 0.034961 -0.288733 1 0.000000 0.300000 1.000000 0 0 0
-0.062759 0.034889 -0.289152 1 0.000000 0.300000 1.000000 0 0 0
-0.062850 0.035311 -0.288572 1 0.000000 0.300000 1.000000 0 0 0
-0.062593 0.035455 -0.289047 1 0.000000 0.300000 1.000000 0 0 0
-0.062528 0.035304 -0.289348 1 0.000000 0.300000 1.000000 0 0 0
-0.062447 0.035535 -0.289314 1 0.000000 0.300000 1.000000 0 0 0
-0.062571 0.035823 -0.288688 1 0.000000 0.300000 1.000000 0 0 0
-0.062303 0.036261 -0.288805 1 0.000000 0.300000 1.000000 0 0 0
-0.062343 0.035855 -0.289194 1 0.000000 0.300000 1.000000 0 0 0
-0.062265 0.036567 -0.288497 1 0.000000 0.300000 1.000000 0 0 0
-0.062037 0.036718 -0.288859 1 0.000000 0.300000 1.000000 0 0 0
-0.062074 0.036351 -0.289234 1 0.000000 0.300000 1.000000 0 0 0
-0.061903 0.036664 -0.289247 1 0.000000 0.300000 1.000000 0 0 0
-0.062118 0.036900 -0.288405 1 0.000000 0.300000 1.000000 0 0 0
-0.061833 0.037262 -0.288615 1 0.000000 0.300000 1.000000 0 0 0
-0.061734 0.037009 -0.289202 1 0.000000 0.300000 1.000000 0 0 0
-0.061559 0.037489 -0.288994 1 0.000000 0.300000 1.000000 0 0 0
-0.061623 0.037585 -0.288699 1 0.000000 0.300000 1.000000 0 0 0
-0.061273 0.037821 -0.289262 1 0.000000 0.300000 1.000000 0 0 0
-0.061431 0.037913 -0.288732 1 0.000000 0.300000 1.000000 0 0 0
-0.059217 0.028608 -0.288000 3 0.806452 1.000000 0.161290 0 0 0
-0.059565 0.028793 -0.288022 3 0.806452 1.000000 0.161290 0 0 0
-0.058785 0.028431 -0.288142 3 0.806452 1.000000 0.161290 0 0 0
-0.063048 0.031942 -0.288186 2 0.161290 1.000000 0.806452 0 0 0
-0.063312 0.032344 -0.287830 2 0.161290 1.000000 0.806452 0 0 0
-0.063305 0.032845 -0.288204 2 0.161290 1.000000 0.806452 0 0 0
-0.063454 0.033339 -0.287962 2 0.161290 1.000000 0.806452 0 0 0
-0.061334 0.029763 -0.287745 2 0.161290 1.000000 0.806452 0 0 0
-0.061404 0.029948 -0.288120 2 0.161290 1.000000 0.806452 0 0 0
-0.061562 0.029967 -0.287855 2 0.161290 1.000000 0.806452 0 0 0
-0.060966 0.029633 -0.288088 2 0.161290 1.000000 0.806452 0 0 0
-0.061821 0.030234 -0.287984 2 0.161290 1.000000 0.806452 0 0 0
-0.062147 0.030520 -0.287935 2 0.161290 1.000000 0.806452 0 0 0
-0.062442 0.030826 -0.287879 2 0.161290 1.000000 0.806452 0 0 0
-0.062815 0.031338 -0.287895 2 0.161290 1.000000 0.806452 0 0 0
-0.060321 0.029175 -0.287910 2 0.161290 1.000000 0.806452 0 0 0
-0.060413 0.029362 -0.288327 2 0.161290 1.000000 0.806452 0 0 0
-0.060611 0.029312 -0.287793 2 0.161290 1.000000 0.806452 0 0 0
-0.059951 0.028999 -0.288009 3 0.806452 1.000000 0.161290 0 0 0
-0.062945 0.031654 -0.288090 2 0.161290 1.000000 0.806452 0 0 0
-0.063386 0.033868 -0.288091 2 0.161290 1.000000 0.806452 0 0 0
-0.063270 0.034499 -0.288136 2 0.161290 1.000000 0.806452 0 0 0
-0.063184 0.034988 -0.288016 1 0.000000 0.300000 1.000000 0 0 0
-0.063067 0.034893 -0.288431 1 0.000000 0.300000 1.000000 0 0 0
-0.063043 0.035213 -0.288196 1 0.000000 0.300000 1.000000 0 0 0
-0.062957 0.035439 -0.288175 1 0.000000 0.300000 1.000000 0 0 0
-0.062794 0.035797 -0.288146 1 0.000000 0.300000 1.000000 0 0 0
-0.062493 0.036239 -0.288355 1 0.000000 0.300000 1.000000 0 0 0
-0.062637 0.036269 -0.287933 1 0.000000 0.300000 1.000000 0 0 0
-0.062357 0.036704 -0.288055 1 0.000000 0.300000 1.000000 0 0 0
-0.059598 0.028693 -0.287601 3 0.806452 1.000000 0.161290 0 0 0
-0.059243 0.028506 -0.287581 3 0.806452 1.000000 0.161290 0 0 0
-0.058874 0.028340 -0.287634 3 0.806452 1.000000 0.161290 0 0 0
-0.063033 0.031418 -0.287422 2 0.161290 1.000000 0.806452 0 0 0
-0.063126 0.031768 -0.287718 2 0.161290 1.000000 0.806452 0 0 0
-0.063236 0.031676 -0.287240 2 0.161290 1.000000 0.806452 0 0 0
-0.063388 0.032065 -0.287305 2 0.161290 1.000000 0.806452 0 0 0
-0.063553 0.032556 -0.287284 2 0.161290 1.000000 0.806452 0 0 0
-0.063524 0.032954 -0.287650 2 0.161290 1.000000 0.806452 0 0 0
-0.063671 0.032986 -0.287198 2 0.161290 1.000000 0.806452 0 0 0
-0.063575 0.033324 -0.287651 2 0.161290 1.000000 0.806452 0 0 0
-0.063662 0.033328 -0.287366 2 0.161290 1.000000 0.806452 0 0 0
-0.061658 0.029933 -0.287546 2 0.161290 1.000000 0.806452 0 0 0
-0.061378 0.029669 -0.287376 2 0.161290 1.000000 0.806452 0 0 0
-0.060993 0.029443 -0.287457 2 0.161290 1.000000 0.806452 0 0 0
-0.062205 0.030396 -0.287483 2 0.161290 1.000000 0.806452 0 0 0
-0.061913 0.030146 -0.287559 2 0.161290 1.000000 0.806452 0 0 0
-0.062784 0.031005 -0.287317 2 0.161290 1.000000 0.806452 0 0 0
-0.062508 0.030693 -0.287417 2 0.161290 1.000000 0.806452 0 0 0
-0.060296 0.029043 -0.287508 3 0.806452 1.000000 0.161290 0 0 0
-0.060654 0.029234 -0.287458 2 0.161290 1.000000 0.806452 0 0 0
-0.059944 0.028876 -0.287601 3 0.806452 1.000000 0.161290 0 0 0
-0.063584 0.033694 -0.287595 2 0.161290 1.000000 0.806452 0 0 0
-0.063717 0.033678 -0.287181 2 0.161290 1.000000 0.806452 0 0 0
-0.063495 0.034262 -0.287639 2 0.161290 1.000000 0.806452 0 0 0
-0.063666 0.034083 -0.287230 2 0.161290 1.000000 0.806452 0 0 0
-0.063590 0.034526 -0.287229 2 0.161290 1.000000 0.806452 0 0 0
-0.063374 0.034903 -0.287529 1 0.000000 0.300000 1.000000 0 0 0
-0.063277 0.035326 -0.287386 1 0.000000 0.300000 1.000000 0 0 0
-0.063099 0.035422 -0.287782 1 0.000000 0.300000 1.000000 0 0 0
-0.063181 0.035634 -0.287289 1 0.000000 0.300000 1.000000 0 0 0
-0.062898 0.036056 -0.287510 1 0.000000 0.300000 1.000000 0 0 0
-0.062773 0.036438 -0.287309 1 0.000000 0.300000 1.000000 0 0 0
-0.062617 0.036538 -0.287595 1 0.000000 0.300000 1.000000 0 0 0
-0.050948 0.049342 -0.287456 0 0.000000 0.000000 0.500000 0 0 0
-0.050565 0.049225 -0.287508 0 0.000000 0.000000 0.500000 0 0 0
-0.050579 0.049403 -0.287301 0 0.000000 0.000000 0.500000 0 0 0
-0.051960 0.049934 -0.286886 0 0.000000 0.000000 0.500000 0 0 0
-0.051390 0.049721 -0.287092 0 0.000000 0.000000 0.500000 0 0 0
-0.051552 0.050069 -0.286720 0 0.000000 0.000000 0.500000 0 0 0
-0.051923 0.049564 -0.287299 0 0.000000 0.000000 0.500000 0 0 0
-0.050742 0.049673 -0.286995 0 0.000000 0.000000 0.500000 0 0 0
-0.051093 0.050051 -0.286633 0 0.000000 0.000000 0.500000 0 0 0
-0.050348 0.049263 -0.287379 0 0.000000 0.000000 0.500000 0 0 0
-0.050317 0.049445 -0.287119 0 0.000000 0.000000 0.500000 0 0 0
-0.049716 0.049194 -0.287023 0 0.000000 0.000000 0.500000 0 0 0
-0.050007 0.049402 -0.286973 0 0.000000 0.000000 0.500000 0 0 0
-0.050006 0.049143 -0.287316 0 0.000000 0.000000 0.500000 0 0 0
-0.050247 0.049708 -0.286693 0 0.000000 0.000000 0.500000 0 0 0
-0.051859 0.050290 -0.286468 0 0.000000 0.000000 0.500000 0 0 0
-0.051451 0.050275 -0.286453 0 0.000000 0.000000 0.500000 0 0 0
-0.045535 0.043475 -0.287465 5 0.500000 0.000000 0.000000 0 0 0
-0.045264 0.043008 -0.287624 5 0.500000 0.000000 0.000000 0 0 0
-0.045200 0.043194 -0.287050 5 0.500000 0.000000 0.000000 0 0 0
-0.045245 0.043404 -0.286704 5 0.500000 0.000000 0.000000 0 0 0
-0.045480 0.043692 -0.286801 5 0.500000 0.000000 0.000000 0 0 0
-0.045700 0.043846 -0.287214 5 0.500000 0.000000 0.000000 0 0 0
-0.046017 0.044302 -0.287215 5 0.500000 0.000000 0.000000 0 0 0
-0.045841 0.044040 -0.287246 5 0.500000 0.000000 0.000000 0 0 0
-0.045781 0.044074 -0.286958 5 0.500000 0.000000 0.000000 0 0 0
-0.045938 0.044374 -0.286762 5 0.500000 0.000000 0.000000 0 0 0
-0.046533 0.044961 -0.287438 5 0.500000 0.000000 0.000000 0 0 0
-0.046248 0.044591 -0.287320 5 0.500000 0.000000 0.000000 0 0 0
-0.046204 0.044726 -0.286867 5 0.500000 0.000000 0.000000 0 0 0
-0.046482 0.045221 -0.286739 5 0.500000 0.000000 0.000000 0 0 0
-0.047034 0.045694 -0.287592 5 0.500000 0.000000 0.000000 0 0 0
-0.046882 0.045381 -0.287688 5 0.500000 0.000000 0.000000 0 0 0
-0.046820 0.045619 -0.287111 5 0.500000 0.000000 0.000000 0 0 0
-0.046652 0.045581 -0.286590 5 0.500000 0.000000 0.000000 0 0 0
-0.046792 0.045796 -0.286673 5 0.500000 0.000000 0.000000 0 0 0
-0.046978 0.046123 -0.286674 5 0.500000 0.000000 0.000000 0 0 0
-0.047244 0.046145 -0.287452 5 0.500000 0.000000 0.000000 0 0 0
-0.047311 0.046685 -0.286815 5 0.500000 0.000000 0.000000 0 0 0
-0.047540 0.046769 -0.287373 0 0.000000 0.000000 0.500000 0 0 0
-0.044929 0.042626 -0.287409 5 0.500000 0.000000 0.000000 0 0 0
-0.044656 0.042295 -0.287316 5 0.500000 0.000000 0.000000 0 0 0
-0.044621 0.042414 -0.286949 5 0.500000 0.000000 0.000000 0 0 0
-0.044874 0.042874 -0.286691 5 0.500000 0.000000 0.000000 0 0 0
-0.044408 0.041968 -0.287227 5 0.500000 0.000000 0.000000 0 0 0
-0.044336 0.042134 -0.286639 5 0.500000 0.000000 0.000000 0 0 0
-0.045100 0.043228 -0.286620 5 0.500000 0.000000 0.000000 0 0 0
-0.047908 0.047558 -0.287101 0 0.000000 0.000000 0.500000 0 0 0
-0.047696 0.047308 -0.287032 0 0.000000 0.000000 0.500000 0 0 0
-0.047648 0.047382 -0.286670 0 0.000000 0.000000 0.500000 0 0 0
-0.047854 0.047671 -0.286748 0 0.000000 0.000000 0.500000 0 0 0
-0.049468 0.048791 -0.287354 0 0.000000 0.000000 0.500000 0 0 0
-0.049042 0.048532 -0.287352 0 0.000000 0.000000 0.500000 0 0 0
-0.049033 0.048732 -0.287010 0 0.000000 0.000000 0.500000 0 0 0
-0.048673 0.048542 -0.286806 0 0.000000 0.000000 0.500000 0 0 0
-0.048790 0.048450 -0.287175 0 0.000000 0.000000 0.500000 0 0 0
-0.048928 0.048888 -0.286554 0 0.000000 0.000000 0.500000 0 0 0
-0.048443 0.048132 -0.287149 0 0.000000 0.000000 0.500000 0 0 0
-0.048148 0.047850 -0.287127 0 0.000000 0.000000 0.500000 0 0 0
-0.048077 0.047934 -0.286771 0 0.000000 0.000000 0.500000 0 0 0
-0.048348 0.048320 -0.286588 0 0.000000 0.000000 0.500000 0 0 0
-0.047552 0.047073 -0.286993 0 0.000000 0.000000 0.500000 0 0 0
-0.047458 0.047054 -0.286682 5 0.500000 0.000000 0.000000 0 0 0
-0.049354 0.049113 -0.286752 0 0.000000 0.000000 0.500000 0 0 0
-0.040545 0.026274 -0.286957 4 1.000000 0.407407 0.000000 0 0 0
-0.040487 0.026574 -0.287326 4 1.000000 0.407407 0.000000 0 0 0
-0.040832 0.026262 -0.287315 4 1.000000 0.407407 0.000000 0 0 0
-0.040190 0.026512 -0.286864 4 1.000000 0.407407 0.000000 0 0 0
-0.040113 0.026760 -0.287112 4 1.000000 0.407407 0.000000 0 0 0
-0.039853 0.026785 -0.286782 4 1.000000 0.407407 0.000000 0 0 0
-0.040207 0.026982 -0.287462 4 1.000000 0.407407 0.000000 0 0 0
-0.039880 0.027012 -0.287108 4 1.000000 0.407407 0.000000 0 0 0
-0.039892 0.027234 -0.287345 4 1.000000 0.407407 0.000000 0 0 0
-0.039689 0.027261 -0.287112 4 1.000000 0.407407 0.000000 0 0 0
-0.039700 0.027458 -0.287286 4 1.000000 0.407407 0.000000 0 0 0
-0.039869 0.027467 -0.287495 4 1.000000 0.407407 0.000000 0 0 0
-0.041390 0.025736 -0.286824 4 1.000000 0.407407 0.000000 0 0 0
-0.041855 0.025528 -0.286860 4 1.000000 0.407407 0.000000 0 0 0
-0.041654 0.025541 -0.286513 4 1.000000 0.407407 0.000000 0 0 0
-0.041324 0.025653 -0.286254 4 1.000000 0.407407 0.000000 0 0 0
-0.040850 0.025902 -0.286398 4 1.000000 0.407407 0.000000 0 0 0
-0.040930 0.026028 -0.286976 4 1.000000 0.407407 0.000000 0 0 0
-0.040601 0.026094 -0.286654 4 1.000000 0.407407 0.000000 0 0 0
-0.040894 0.036843 -0.286833 5 0.500000 0.000000 0.000000 0 0 0
-0.040693 0.036440 -0.286908 5 0.500000 0.000000 0.000000 0 0 0
-0.040616 0.036780 -0.286568 5 0.500000 0.000000 0.000000 0 0 0
-0.041290 0.037395 -0.286838 5 0.500000 0.000000 0.000000 0 0 0
-0.041129 0.037128 -0.286871 5 0.500000 0.000000 0.000000 0 0 0
-0.041053 0.037377 -0.286578 5 0.500000 0.000000 0.000000 0 0 0
-0.040826 0.037069 -0.286575 5 0.500000 0.000000 0.000000 0 0 0
-0.041283 0.037604 -0.286648 5 0.500000 0.000000 0.000000 0 0 0
-0.041128 0.037580 -0.286486 5 0.500000 0.000000 0.000000 0 0 0
-0.040741 0.037308 -0.286248 5 0.500000 0.000000 0.000000 0 0 0
-0.040992 0.037548 -0.286344 5 0.500000 0.000000 0.000000 0 0 0
-0.043179 0.040032 -0.287104 5 0.500000 0.000000 0.000000 0 0 0
-0.043058 0.039796 -0.287130 5 0.500000 0.000000 0.000000 0 0 0
-0.043038 0.039995 -0.286853 5 0.500000 0.000000 0.000000 0 0 0
-0.041958 0.038318 -0.286810 5 0.500000 0.000000 0.000000 0 0 0
-0.041546 0.037904 -0.286681 5 0.500000 0.000000 0.000000 0 0 0
-0.041644 0.038209 -0.286501 5 0.500000 0.000000 0.000000 0 0 0
-0.042537 0.039073 -0.286950 5 0.500000 0.000000 0.000000 0 0 0
-0.042326 0.038800 -0.286882 5 0.500000 0.000000 0.000000 0 0 0
-0.042421 0.039164 -0.286655 5 0.500000 0.000000 0.000000 0 0 0
-0.041666 0.038476 -0.286219 5 0.500000 0.000000 0.000000 0 0 0
-0.042049 0.038896 -0.286310 5 0.500000 0.000000 0.000000 0 0 0
-0.041188 0.037780 -0.286356 5 0.500000 0.000000 0.000000 0 0 0
-0.041409 0.038120 -0.286276 5 0.500000 0.000000 0.000000 0 0 0
-0.042762 0.039462 -0.286920 5 0.500000 0.000000 0.000000 0 0 0
-0.042524 0.039390 -0.286574 5 0.500000 0.000000 0.000000 0 0 0
-0.042355 0.039347 -0.286288 5 0.500000 0.000000 0.000000 0 0 0
-0.042584 0.039577 -0.286431 5 0.500000 0.000000 0.000000 0 0 0
-0.042824 0.039962 -0.286387 5 0.500000 0.000000 0.000000 0 0 0
-0.043097 0.040273 -0.286591 5 0.500000 0.000000 0.000000 0 0 0
-0.043362 0.040421 -0.286992 5 0.500000 0.000000 0.000000 0 0 0
-0.043215 0.040482 -0.286558 5 0.500000 0.000000 0.000000 0 0 0
-0.043748 0.041070 -0.287014 5 0.500000 0.000000 0.000000 0 0 0
-0.043652 0.040846 -0.287110 5 0.500000 0.000000 0.000000 0 0 0
-0.043583 0.040938 -0.286782 5 0.500000 0.000000 0.000000 0 0 0
-0.043350 0.040733 -0.286481 5 0.500000 0.000000 0.000000 0 0 0
-0.044144 0.041778 -0.286824 5 0.500000 0.000000 0.000000 0 0 0
-0.044012 0.041806 -0.286266 5 0.500000 0.000000 0.000000 0 0 0
-0.044297 0.042248 -0.286165 5 0.500000 0.000000 0.000000 0 0 0
-0.043572 0.041145 -0.286328 5 0.500000 0.000000 0.000000 0 0 0
-0.043857 0.041365 -0.286768 5 0.500000 0.000000 0.000000 0 0 0
-0.043775 0.041447 -0.286321 5 0.500000 0.000000 0.000000 0 0 0
-0.059999 0.042635 -0.286190 1 0.000000 0.300000 1.000000 0 0 0
-0.060068 0.042380 -0.286453 1 0.000000 0.300000 1.000000 0 0 0
-0.059806 0.042753 -0.286631 1 0.000000 0.300000 1.000000 0 0 0
-0.060008 0.042225 -0.286934 1 0.000000 0.300000 1.000000 0 0 0
-0.059827 0.042548 -0.286971 1 0.000000 0.300000 1.000000 0 0 0
-0.059813 0.043006 -0.286064 1 0.000000 0.300000 1.000000 0 0 0
-0.059689 0.042738 -0.287072 1 0.000000 0.300000 1.000000 0 0 0
-0.059513 0.043347 -0.286399 1 0.000000 0.300000 1.000000 0 0 0
-0.059501 0.043106 -0.286960 1 0.000000 0.300000 1.000000 0 0 0
-0.059268 0.043572 -0.286774 1 0.000000 0.300000 1.000000 0 0 0
-0.059302 0.043667 -0.286441 1 0.000000 0.300000 1.000000 0 0 0
-0.058920 0.044007 -0.286987 1 0.000000 0.300000 1.000000 0 0 0
-0.059143 0.043873 -0.286529 1 0.000000 0.300000 1.000000 0 0 0
-0.058935 0.044240 -0.286377 1 0.000000 0.300000 1.000000 0 0 0
-0.058616 0.044564 -0.286715 1 0.000000 0.300000 1.000000 0 0 0
-0.058645 0.044371 -0.287087 1 0.000000 0.300000 1.000000 0 0 0
-0.040772 0.025867 -0.285633 4 1.000000 0.407407 0.000000 0 0 0
-0.040403 0.026073 -0.285817 4 1.000000 0.407407 0.000000 0 0 0
-0.040962 0.025786 -0.285891 4 1.000000 0.407407 0.000000 0 0 0
-0.040450 0.026095 -0.286338 4 1.000000 0.407407 0.000000 0 0 0
-0.040176 0.026243 -0.286224 4 1.000000 0.407407 0.000000 0 0 0
-0.039890 0.026379 -0.285963 4 1.000000 0.407407 0.000000 0 0 0
-0.040299 0.026268 -0.286578 4 1.000000 0.407407 0.000000 0 0 0
-0.039919 0.026507 -0.286410 4 1.000000 0.407407 0.000000 0 0 0
-0.039622 0.026608 -0.286079 4 1.000000 0.407407 0.000000 0 0 0
-0.039568 0.026557 -0.285781 4 1.000000 0.407407 0.000000 0 0 0
-0.039316 0.026812 -0.285866 4 1.000000 0.407407 0.000000 0 0 0
-0.039356 0.026677 -0.285536 4 1.000000 0.407407 0.000000 0 0 0
-0.039171 0.026846 -0.285584 4 1.000000 0.407407 0.000000 0 0 0
-0.039506 0.026891 -0.286365 4 1.000000 0.407407 0.000000 0 0 0
-0.039107 0.027185 -0.286062 4 1.000000 0.407407 0.000000 0 0 0
-0.039249 0.027342 -0.286521 4 1.000000 0.407407 0.000000 0 0 0
-0.039021 0.027067 -0.285648 4 1.000000 0.407407 0.000000 0 0 0
-0.038898 0.027607 -0.286220 4 1.000000 0.407407 0.000000 0 0 0
-0.038769 0.027497 -0.285737 4 1.000000 0.407407 0.000000 0 0 0
-0.038608 0.027886 -0.285971 4 1.000000 0.407407 0.000000 0 0 0
-0.038720 0.028021 -0.286347 4 1.000000 0.407407 0.000000 0 0 0
-0.038498 0.028176 -0.286099 4 1.000000 0.407407 0.000000 0 0 0
-0.038543 0.027834 -0.285667 4 1.000000 0.407407 0.000000 0 0 0
-0.038339 0.028265 -0.285724 4 1.000000 0.407407 0.000000 0 0 0
-0.038394 0.028377 -0.286080 4 1.000000 0.407407 0.000000 0 0 0
-0.038290 0.028719 -0.286127 4 1.000000 0.407407 0.000000 0 0 0
-0.038059 0.028860 -0.285714 4 1.000000 0.407407 0.000000 0 0 0
-0.038066 0.028630 -0.285362 4 1.000000 0.407407 0.000000 0 0 0
-0.037907 0.029003 -0.285395 4 1.000000 0.407407 0.000000 0 0 0
-0.038061 0.029178 -0.286005 4 1.000000 0.407407 0.000000 0 0 0
-0.038267 0.029254 -0.286410 4 1.000000 0.407407 0.000000 0 0 0
-0.037829 0.029417 -0.285620 4 1.000000 0.407407 0.000000 0 0 0
-0.037966 0.029678 -0.286105 4 1.000000 0.407407 0.000000 0 0 0
-0.037730 0.029961 -0.285777 4 1.000000 0.407407 0.000000 0 0 0
-0.037829 0.030030 -0.286031 4 1.000000 0.407407 0.000000 0 0 0
-0.037766 0.030412 -0.285964 4 1.000000 0.407407 0.000000 0 0 0
-0.037646 0.030260 -0.285697 4 1.000000 0.407407 0.000000 0 0 0
-0.037599 0.030534 -0.285538 4 1.000000 0.407407 0.000000 0 0 0
-0.037660 0.031002 -0.285753 5 0.500000 0.000000 0.000000 0 0 0
-0.037873 0.030972 -0.286192 4 1.000000 0.407407 0.000000 0 0 0
-0.037542 0.031006 -0.285254 5 0.500000 0.000000 0.000000 0 0 0
-0.037759 0.031469 -0.285994 5 0.500000 0.000000 0.000000 0 0 0
-0.037986 0.031460 -0.286363 5 0.500000 0.000000 0.000000 0 0 0
-0.037883 0.031812 -0.286192 5 0.500000 0.000000 0.000000 0 0 0
-0.037725 0.031938 -0.285894 5 0.500000 0.000000 0.000000 0 0 0
-0.037590 0.031616 -0.285513 5 0.500000 0.000000 0.000000 0 0 0
-0.037615 0.032132 -0.285595 5 0.500000 0.000000 0.000000 0 0 0
-0.037916 0.032193 -0.286166 5 0.500000 0.000000 0.000000 0 0 0
-0.037754 0.032383 -0.285850 5 0.500000 0.000000 0.000000 0 0 0
-0.038297 0.033002 -0.286351 5 0.500000 0.000000 0.000000 0 0 0
-0.038022 0.032660 -0.286153 5 0.500000 0.000000 0.000000 0 0 0
-0.038074 0.033221 -0.285993 5 0.500000 0.000000 0.000000 0 0 0
-0.037781 0.032861 -0.285718 5 0.500000 0.000000 0.000000 0 0 0
-0.037853 0.033211 -0.285714 5 0.500000 0.000000 0.000000 0 0 0
-0.037626 0.032486 -0.285525 5 0.500000 0.000000 0.000000 0 0 0
-0.038619 0.033931 -0.286271 5 0.500000 0.000000 0.000000 0 0 0
-0.038503 0.033468 -0.286371 5 0.500000 0.000000 0.000000 0 0 0
-0.038268 0.033779 -0.285948 5 0.500000 0.000000 0.000000 0 0 0
-0.039183 0.034507 -0.286563 5 0.500000 0.000000 0.000000 0 0 0
-0.038900 0.034230 -0.286414 5 0.500000 0.000000 0.000000 0 0 0
-0.038957 0.034575 -0.286269 5 0.500000 0.000000 0.000000 0 0 0
-0.038590 0.034314 -0.285996 5 0.500000 0.000000 0.000000 0 0 0
-0.039290 0.034897 -0.286433 5 0.500000 0.000000 0.000000 0 0 0
-0.038859 0.034903 -0.285910 5 0.500000 0.000000 0.000000 0 0 0
-0.038398 0.034622 -0.285466 5 0.500000 0.000000 0.000000 0 0 0
-0.038627 0.034986 -0.285517 5 0.500000 0.000000 0.000000 0 0 0
-0.039239 0.035286 -0.286098 5 0.500000 0.000000 0.000000 0 0 0
-0.039010 0.035255 -0.285840 5 0.500000 0.000000 0.000000 0 0 0
-0.038841 0.035243 -0.285600 5 0.500000 0.000000 0.000000 0 0 0
-0.037927 0.033530 -0.285648 5 0.500000 0.000000 0.000000 0 0 0
-0.038063 0.033831 -0.285665 5 0.500000 0.000000 0.000000 0 0 0
-0.038205 0.034117 -0.285638 5 0.500000 0.000000 0.000000 0 0 0
-0.039937 0.036194 -0.286200 5 0.500000 0.000000 0.000000 0 0 0
-0.039574 0.035738 -0.286138 5 0.500000 0.000000 0.000000 0 0 0
-0.039634 0.036054 -0.285945 5 0.500000 0.000000 0.000000 0 0 0
-0.040449 0.036788 -0.286366 5 0.500000 0.000000 0.000000 0 0 0
-0.040327 0.036569 -0.286379 5 0.500000 0.000000 0.000000 0 0 0
-0.040340 0.036830 -0.286177 5 0.500000 0.000000 0.000000 0 0 0
-0.039665 0.036294 -0.285731 5 0.500000 0.000000 0.000000 0 0 0
-0.040027 0.036734 -0.285787 5 0.500000 0.000000 0.000000 0 0 0
-0.039140 0.035562 -0.285723 5 0.500000 0.000000 0.000000 0 0 0
-0.039408 0.035970 -0.285693 5 0.500000 0.000000 0.000000 0 0 0
-0.040553 0.036976 -0.286327 5 0.500000 0.000000 0.000000 0 0 0
-0.040402 0.037078 -0.286011 5 0.500000 0.000000 0.000000 0 0 0
-0.040270 0.037188 -0.285665 5 0.500000 0.000000 0.000000 0 0 0
-0.040545 0.037418 -0.285846 5 0.500000 0.000000 0.000000 0 0 0
-0.040868 0.037676 -0.286031 5 0.500000 0.000000 0.000000 0 0 0
-0.040664 0.037729 -0.285648 5 0.500000 0.000000 0.000000 0 0 0
-0.040686 0.026057 -0.284815 4 1.000000 0.407407 0.000000 0 0 0
-0.040190 0.026234 -0.285116 4 1.000000 0.407407 0.000000 0 0 0
-0.040738 0.025936 -0.285307 4 1.000000 0.407407 0.000000 0 0 0
-0.039754 0.026418 -0.285457 4 1.000000 0.407407 0.000000 0 0 0
-0.039805 0.026417 -0.285101 4 1.000000 0.407407 0.000000 0 0 0
-0.039592 0.026531 -0.285099 4 1.000000 0.407407 0.000000 0 0 0
-0.039374 0.026648 -0.285242 4 1.000000 0.407407 0.000000 0 0 0
-0.039081 0.026908 -0.285284 4 1.000000 0.407407 0.000000 0 0 0
-0.038813 0.027266 -0.285352 4 1.000000 0.407407 0.000000 0 0 0
-0.038860 0.027142 -0.285133 4 1.000000 0.407407 0.000000 0 0 0
-0.038745 0.027333 -0.285090 4 1.000000 0.407407 0.000000 0 0 0
-0.038546 0.027742 -0.285220 4 1.000000 0.407407 0.000000 0 0 0
-0.038241 0.028265 -0.285216 4 1.000000 0.407407 0.000000 0 0 0
-0.038071 0.028571 -0.284963 4 1.000000 0.407407 0.000000 0 0 0
-0.037923 0.028878 -0.285125 4 1.000000 0.407407 0.000000 0 0 0
-0.037782 0.029278 -0.285118 4 1.000000 0.407407 0.000000 0 0 0
-0.037673 0.029623 -0.285288 4 1.000000 0.407407 0.000000 0 0 0
-0.037657 0.029812 -0.285481 4 1.000000 0.407407 0.000000 0 0 0
-0.037588 0.029939 -0.285207 4 1.000000 0.407407 0.000000 0 0 0
-0.037601 0.030145 -0.285465 4 1.000000 0.407407 0.000000 0 0 0
-0.037551 0.030388 -0.285030 4 1.000000 0.407407 0.000000 0 0 0
-0.037521 0.030964 -0.284748 5 0.500000 0.000000 0.000000 0 0 0
-0.037510 0.031534 -0.284888 5 0.500000 0.000000 0.000000 0 0 0
-0.037529 0.032215 -0.285147 5 0.500000 0.000000 0.000000 0 0 0
-0.037721 0.033211 -0.285461 5 0.500000 0.000000 0.000000 0 0 0
-0.037595 0.032818 -0.285272 5 0.500000 0.000000 0.000000 0 0 0
-0.037588 0.033278 -0.285059 5 0.500000 0.000000 0.000000 0 0 0
-0.038481 0.034939 -0.285304 5 0.500000 0.000000 0.000000 0 0 0
-0.038615 0.035185 -0.285259 5 0.500000 0.000000 0.000000 0 0 0
-0.038864 0.035525 -0.285298 5 0.500000 0.000000 0.000000 0 0 0
-0.037923 0.033875 -0.285390 5 0.500000 0.000000 0.000000 0 0 0
-0.037732 0.033538 -0.285304 5 0.500000 0.000000 0.000000 0 0 0
-0.038083 0.034243 -0.285312 5 0.500000 0.000000 0.000000 0 0 0
-0.037730 0.033744 -0.285126 5 0.500000 0.000000 0.000000 0 0 0
-0.037857 0.034077 -0.284970 5 0.500000 0.000000 0.000000 0 0 0
-0.037641 0.033556 -0.285089 5 0.500000 0.000000 0.000000 0 0 0
-0.038115 0.034488 -0.285049 5 0.500000 0.000000 0.000000 0 0 0
-0.038334 0.034929 -0.284934 5 0.500000 0.000000 0.000000 0 0 0
-0.039678 0.036512 -0.285491 5 0.500000 0.000000 0.000000 0 0 0
-0.039125 0.035868 -0.285342 5 0.500000 0.000000 0.000000 0 0 0
-0.038917 0.035805 -0.284972 5 0.500000 0.000000 0.000000 0 0 0
-0.039114 0.036027 -0.285083 5 0.500000 0.000000 0.000000 0 0 0
-0.039382 0.036271 -0.285243 5 0.500000 0.000000 0.000000 0 0 0
-0.039696 0.036725 -0.285187 5 0.500000 0.000000 0.000000 0 0 0
-0.040049 0.037186 -0.285213 5 0.500000 0.000000 0.000000 0 0 0
-0.040392 0.037506 -0.285457 5 0.500000 0.000000 0.000000 0 0 0
-0.040570 0.037817 -0.285323 5 0.500000 0.000000 0.000000 0 0 0
-0.061386 0.028678 -0.284565 3 0.806452 1.000000 0.161290 0 0 0
-0.061417 0.028825 -0.284896 3 0.806452 1.000000 0.161290 0 0 0
-0.061738 0.028905 -0.284518 3 0.806452 1.000000 0.161290 0 0 0
-0.061000 0.028490 -0.284699 3 0.806452 1.000000 0.161290 0 0 0
-0.061169 0.028786 -0.285222 3 0.806452 1.000000 0.161290 0 0 0
-0.060766 0.028574 -0.285288 3 0.806452 1.000000 0.161290 0 0 0
-0.059291 0.027516 -0.284454 3 0.806452 1.000000 0.161290 0 0 0
-0.059341 0.027646 -0.284743 3 0.806452 1.000000 0.161290 0 0 0
-0.059530 0.027623 -0.284442 3 0.806452 1.000000 0.161290 0 0 0
-0.058906 0.027376 -0.284547 3 0.806452 1.000000 0.161290 0 0 0
-0.059007 0.027631 -0.285133 3 0.806452 1.000000 0.161290 0 0 0
-0.058553 0.027391 -0.285058 3 0.806452 1.000000 0.161290 0 0 0
-0.059831 0.027869 -0.284716 3 0.806452 1.000000 0.161290 0 0 0
-0.060084 0.028133 -0.285083 3 0.806452 1.000000 0.161290 0 0 0
-0.060266 0.028089 -0.284719 3 0.806452 1.000000 0.161290 0 0 0
-0.059797 0.028004 -0.285126 3 0.806452 1.000000 0.161290 0 0 0
-0.060503 0.028310 -0.284968 3 0.806452 1.000000 0.161290 0 0 0
-0.060318 0.028383 -0.285431 3 0.806452 1.000000 0.161290 0 0 0
-0.059486 0.027868 -0.285166 3 0.806452 1.000000 0.161290 0 0 0
-0.063140 0.030331 -0.284490 2 0.161290 1.000000 0.806452 0 0 0
-0.063313 0.030739 -0.284844 2 0.161290 1.000000 0.806452 0 0 0
-0.063417 0.030711 -0.284387 2 0.161290 1.000000 0.806452 0 0 0
-0.063463 0.031109 -0.285129 2 0.161290 1.000000 0.806452 0 0 0
-0.063604 0.031111 -0.284552 2 0.161290 1.000000 0.806452 0 0 0
-0.063709 0.031489 -0.284945 2 0.161290 1.000000 0.806452 0 0 0
-0.063576 0.031447 -0.285429 2 0.161290 1.000000 0.806452 0 0 0
-0.063369 0.031125 -0.285573 2 0.161290 1.000000 0.806452 0 0 0
-0.063902 0.031859 -0.284848 2 0.161290 1.000000 0.806452 0 0 0
-0.064021 0.032293 -0.285054 2 0.161290 1.000000 0.806452 0 0 0
-0.064066 0.032092 -0.284528 2 0.161290 1.000000 0.806452 0 0 0
-0.063792 0.031834 -0.285278 2 0.161290 1.000000 0.806452 0 0 0
-0.064171 0.032458 -0.284628 2 0.161290 1.000000 0.806452 0 0 0
-0.064171 0.032641 -0.284878 2 0.161290 1.000000 0.806452 0 0 0
-0.064290 0.032851 -0.284504 2 0.161290 1.000000 0.806452 0 0 0
-0.064332 0.033404 -0.284656 2 0.161290 1.000000 0.806452 0 0 0
-0.064200 0.032980 -0.285043 2 0.161290 1.000000 0.806452 0 0 0
-0.064245 0.033396 -0.285095 2 0.161290 1.000000 0.806452 0 0 0
-0.064113 0.032646 -0.285137 2 0.161290 1.000000 0.806452 0 0 0
-0.062021 0.029103 -0.284472 2 0.161290 1.000000 0.806452 0 0 0
-0.061999 0.029181 -0.284711 2 0.161290 1.000000 0.806452 0 0 0
-0.062260 0.029307 -0.284447 2 0.161290 1.000000 0.806452 0 0 0
-0.062597 0.029711 -0.284609 2 0.161290 1.000000 0.806452 0 0 0
-0.062839 0.030090 -0.284882 2 0.161290 1.000000 0.806452 0 0 0
-0.062900 0.029995 -0.284460 2 0.161290 1.000000 0.806452 0 0 0
-0.062512 0.029875 -0.285288 2 0.161290 1.000000 0.806452 0 0 0
-0.062203 0.029459 -0.284964 2 0.161290 1.000000 0.806452 0 0 0
-0.061752 0.029155 -0.285142 2 0.161290 1.000000 0.806452 0 0 0
-0.061435 0.028957 -0.285224 3 0.806452 1.000000 0.161290 0 0 0
-0.063048 0.030434 -0.285076 2 0.161290 1.000000 0.806452 0 0 0
-0.062816 0.030234 -0.285353 2 0.161290 1.000000 0.806452 0 0 0
-0.063191 0.030778 -0.285423 2 0.161290 1.000000 0.806452 0 0 0
-0.062973 0.030472 -0.285453 2 0.161290 1.000000 0.806452 0 0 0
-0.064276 0.033743 -0.284994 2 0.161290 1.000000 0.806452 0 0 0
-0.064348 0.033929 -0.284608 2 0.161290 1.000000 0.806452 0 0 0
-0.064257 0.034136 -0.284945 2 0.161290 1.000000 0.806452 0 0 0
-0.064287 0.034450 -0.284607 2 0.161290 1.000000 0.806452 0 0 0
-0.064123 0.034565 -0.285180 2 0.161290 1.000000 0.806452 0 0 0
-0.064188 0.034748 -0.284797 2 0.161290 1.000000 0.806452 0 0 0
-0.063997 0.034995 -0.285275 1 0.000000 0.300000 1.000000 0 0 0
-0.064081 0.035031 -0.284911 1 0.000000 0.300000 1.000000 0 0 0
-0.063872 0.035424 -0.285216 1 0.000000 0.300000 1.000000 0 0 0
-0.064029 0.035505 -0.284505 1 0.000000 0.300000 1.000000 0 0 0
-0.040311 0.038145 -0.283661 5 0.500000 0.000000 0.000000 0 0 0
-0.040549 0.038414 -0.283882 5 0.500000 0.000000 0.000000 0 0 0
-0.040364 0.038085 -0.284111 5 0.500000 0.000000 0.000000 0 0 0
-0.040533 0.038316 -0.284106 5 0.500000 0.000000 0.000000 0 0 0
-0.040439 0.038390 -0.283478 5 0.500000 0.000000 0.000000 0 0 0
-0.040089 0.037690 -0.284211 5 0.500000 0.000000 0.000000 0 0 0
-0.040043 0.037750 -0.283689 5 0.500000 0.000000 0.000000 0 0 0
-0.040681 0.038720 -0.283575 5 0.500000 0.000000 0.000000 0 0 0
-0.060959 0.027379 -0.282309 3 0.806452 1.000000 0.161290 0 0 0
-0.061118 0.027700 -0.282755 3 0.806452 1.000000 0.161290 0 0 0
-0.061328 0.027722 -0.282548 3 0.806452 1.000000 0.161290 0 0 0
-0.061832 0.027916 -0.282235 3 0.806452 1.000000 0.161290 0 0 0
-0.061862 0.028159 -0.282620 3 0.806452 1.000000 0.161290 0 0 0
-0.062156 0.028189 -0.282193 3 0.806452 1.000000 0.161290 0 0 0
-0.062231 0.028475 -0.282576 3 0.806452 1.000000 0.161290 0 0 0
-0.061995 0.028432 -0.282936 3 0.806452 1.000000 0.161290 0 0 0
-0.062258 0.028669 -0.282922 3 0.806452 1.000000 0.161290 0 0 0
-0.061597 0.027888 -0.282513 3 0.806452 1.000000 0.161290 0 0 0
-0.061433 0.027999 -0.282940 3 0.806452 1.000000 0.161290 0 0 0
-0.061761 0.028234 -0.282931 3 0.806452 1.000000 0.161290 0 0 0
-0.061086 0.027804 -0.282997 3 0.806452 1.000000 0.161290 0 0 0
-0.059710 0.026860 -0.282313 3 0.806452 1.000000 0.161290 0 0 0
-0.059650 0.026946 -0.282559 3 0.806452 1.000000 0.161290 0 0 0
-0.060085 0.027008 -0.282352 3 0.806452 1.000000 0.161290 0 0 0
-0.060770 0.027612 -0.282968 3 0.806452 1.000000 0.161290 0 0 0
-0.060405 0.027305 -0.282694 3 0.806452 1.000000 0.161290 0 0 0
-0.060505 0.027188 -0.282364 3 0.806452 1.000000 0.161290 0 0 0
-0.059794 0.027194 -0.283024 3 0.806452 1.000000 0.161290 0 0 0
-0.059343 0.026744 -0.282311 3 0.806452 1.000000 0.161290 0 0 0
-0.059314 0.026928 -0.282800 3 0.806452 1.000000 0.161290 0 0 0
-0.058787 0.026707 -0.282675 3 0.806452 1.000000 0.161290 0 0 0
-0.058975 0.026928 -0.283130 3 0.806452 1.000000 0.161290 0 0 0
-0.058661 0.026789 -0.283052 3 0.806452 1.000000 0.161290 0 0 0
-0.059338 0.027053 -0.283109 3 0.806452 1.000000 0.161290 0 0 0
-0.063123 0.029570 -0.282641 2 0.161290 1.000000 0.806452 0 0 0
-0.063315 0.029999 -0.283010 2 0.161290 1.000000 0.806452 0 0 0
-0.063433 0.029913 -0.282372 2 0.161290 1.000000 0.806452 0 0 0
-0.063050 0.029630 -0.283023 2 0.161290 1.000000 0.806452 0 0 0
-0.063588 0.030432 -0.283030 2 0.161290 1.000000 0.806452 0 0 0
-0.063651 0.030356 -0.282575 2 0.161290 1.000000 0.806452 0 0 0
-0.063808 0.030731 -0.282814 2 0.161290 1.000000 0.806452 0 0 0
-0.063995 0.031193 -0.283041 2 0.161290 1.000000 0.806452 0 0 0
-0.064051 0.031016 -0.282387 2 0.161290 1.000000 0.806452 0 0 0
-0.063847 0.030665 -0.282488 2 0.161290 1.000000 0.806452 0 0 0
-0.064248 0.031365 -0.282262 2 0.161290 1.000000 0.806452 0 0 0
-0.064247 0.031535 -0.282609 2 0.161290 1.000000 0.806452 0 0 0
-0.064400 0.031639 -0.282113 2 0.161290 1.000000 0.806452 0 0 0
-0.064501 0.032066 -0.282410 2 0.161290 1.000000 0.806452 0 0 0
-0.064325 0.031916 -0.283001 2 0.161290 1.000000 0.806452 0 0 0
-0.064500 0.032305 -0.282824 2 0.161290 1.000000 0.806452 0 0 0
-0.064172 0.031566 -0.283045 2 0.161290 1.000000 0.806452 0 0 0
-0.064593 0.032733 -0.282935 2 0.161290 1.000000 0.806452 0 0 0
-0.064621 0.032507 -0.282532 2 0.161290 1.000000 0.806452 0 0 0
-0.064736 0.032897 -0.282433 2 0.161290 1.000000 0.806452 0 0 0
-0.064728 0.033238 -0.282737 2 0.161290 1.000000 0.806452 0 0 0
-0.064807 0.033222 -0.282371 2 0.161290 1.000000 0.806452 0 0 0
-0.064616 0.033111 -0.283171 2 0.161290 1.000000 0.806452 0 0 0
-0.062527 0.028835 -0.282671 3 0.806452 1.000000 0.161290 0 0 0
-0.062761 0.029271 -0.283033 2 0.161290 1.000000 0.806452 0 0 0
-0.062906 0.029119 -0.282309 2 0.161290 1.000000 0.806452 0 0 0
-0.062416 0.028906 -0.283081 3 0.806452 1.000000 0.161290 0 0 0
-0.064844 0.033613 -0.282342 2 0.161290 1.000000 0.806452 0 0 0
-0.064744 0.033649 -0.282805 2 0.161290 1.000000 0.806452 0 0 0
-0.064674 0.033450 -0.283083 2 0.161290 1.000000 0.806452 0 0 0
-0.064771 0.034066 -0.282651 2 0.161290 1.000000 0.806452 0 0 0
-0.064896 0.034160 -0.282162 2 0.161290 1.000000 0.806452 0 0 0
-0.064635 0.034573 -0.282975 2 0.161290 1.000000 0.806452 0 0 0
-0.064800 0.034520 -0.282415 2 0.161290 1.000000 0.806452 0 0 0
-0.064515 0.035206 -0.282969 2 0.161290 1.000000 0.806452 0 0 0
-0.064705 0.035034 -0.282455 2 0.161290 1.000000 0.806452 0 0 0
-0.064429 0.035534 -0.282977 1 0.000000 0.300000 1.000000 0 0 0
-0.064519 0.035651 -0.282578 1 0.000000 0.300000 1.000000 0 0 0
-0.064460 0.036034 -0.282416 1 0.000000 0.300000 1.000000 0 0 0
-0.064331 0.036058 -0.282743 1 0.000000 0.300000 1.000000 0 0 0
-0.064324 0.035804 -0.283035 1 0.000000 0.300000 1.000000 0 0 0
-0.064349 0.036340 -0.282427 1 0.000000 0.300000 1.000000 0 0 0
-0.054930 0.051361 -0.281433 1 0.000000 0.300000 1.000000 0 0 0
-0.054568 0.051595 -0.281805 1 0.000000 0.300000 1.000000 0 0 0
-0.054649 0.051670 -0.281450 1 0.000000 0.300000 1.000000 0 0 0
-0.054923 0.051106 -0.282045 1 0.000000 0.300000 1.000000 0 0 0
-0.054310 0.051853 -0.281795 0 0.000000 0.000000 0.500000 0 0 0
-0.054413 0.051876 -0.281516 0 0.000000 0.000000 0.500000 0 0 0
-0.054051 0.052094 -0.281730 0 0.000000 0.000000 0.500000 0 0 0
-0.054195 0.052172 -0.281268 0 0.000000 0.000000 0.500000 0 0 0
-0.053743 0.052308 -0.281765 0 0.000000 0.000000 0.500000 0 0 0
-0.053824 0.052379 -0.281472 0 0.000000 0.000000 0.500000 0 0 0
-0.053424 0.052520 -0.281694 0 0.000000 0.000000 0.500000 0 0 0
-0.053590 0.052603 -0.281300 0 0.000000 0.000000 0.500000 0 0 0
-0.053307 0.052725 -0.281346 0 0.000000 0.000000 0.500000 0 0 0
-0.053122 0.052716 -0.281562 0 0.000000 0.000000 0.500000 0 0 0
-0.053105 0.052630 -0.281783 0 0.000000 0.000000 0.500000 0 0 0
-0.052902 0.052891 -0.281236 0 0.000000 0.000000 0.500000 0 0 0
-0.052844 0.052727 -0.281714 0 0.000000 0.000000 0.500000 0 0 0
-0.052467 0.052977 -0.281200 0 0.000000 0.000000 0.500000 0 0 0
-0.052421 0.052856 -0.281536 0 0.000000 0.000000 0.500000 0 0 0
-0.052090 0.052857 -0.281570 0 0.000000 0.000000 0.500000 0 0 0
-0.052015 0.052975 -0.281168 0 0.000000 0.000000 0.500000 0 0 0
-0.049995 0.051787 -0.281432 0 0.000000 0.000000 0.500000 0 0 0
-0.049836 0.051533 -0.281898 0 0.000000 0.000000 0.500000 0 0 0
-0.049712 0.051489 -0.281299 0 0.000000 0.000000 0.500000 0 0 0
-0.050154 0.051882 -0.281757 0 0.000000 0.000000 0.500000 0 0 0
-0.050722 0.052375 -0.281592 0 0.000000 0.000000 0.500000 0 0 0
-0.050464 0.052104 -0.281910 0 0.000000 0.000000 0.500000 0 0 0
-0.050345 0.052146 -0.281276 0 0.000000 0.000000 0.500000 0 0 0
-0.050715 0.052472 -0.281178 0 0.000000 0.000000 0.500000 0 0 0
-0.051787 0.052759 -0.281720 0 0.000000 0.000000 0.500000 0 0 0
-0.051315 0.052639 -0.281730 0 0.000000 0.000000 0.500000 0 0 0
-0.051507 0.052821 -0.281332 0 0.000000 0.000000 0.500000 0 0 0
-0.051059 0.052636 -0.281352 0 0.000000 0.000000 0.500000 0 0 0
-0.050998 0.052503 -0.281758 0 0.000000 0.000000 0.500000 0 0 0
-0.051306 0.052866 -0.280955 0 0.000000 0.000000 0.500000 0 0 0
-0.051610 0.052956 -0.281017 0 0.000000 0.000000 0.500000 0 0 0
-0.060435 0.046761 -0.278970 1 0.000000 0.300000 1.000000 0 0 0
-0.059902 0.046624 -0.279202 1 0.000000 0.300000 1.000000 0 0 0
-0.059874 0.047283 -0.278999 1 0.000000 0.300000 1.000000 0 0 0
-0.059465 0.047453 -0.279096 1 0.000000 0.300000 1.000000 0 0 0
-0.059405 0.047040 -0.279316 1 0.000000 0.300000 1.000000 0 0 0
-0.059581 0.046617 -0.279373 1 0.000000 0.300000 1.000000 0 0 0
-0.059232 0.047516 -0.279196 1 0.000000 0.300000 1.000000 0 0 0
-0.059388 0.047994 -0.278940 1 0.000000 0.300000 1.000000 0 0 0
-0.058892 0.048107 -0.279107 1 0.000000 0.300000 1.000000 0 0 0
-0.058905 0.047763 -0.279297 1 0.000000 0.300000 1.000000 0 0 0
-0.058691 0.048560 -0.278994 1 0.000000 0.300000 1.000000 0 0 0
-0.059167 0.048619 -0.278764 1 0.000000 0.300000 1.000000 0 0 0
-0.058922 0.048914 -0.278720 1 0.000000 0.300000 1.000000 0 0 0
-0.044729 0.043968 -0.278576 5 0.500000 0.000000 0.000000 0 0 0
-0.044620 0.043659 -0.279065 5 0.500000 0.000000 0.000000 0 0 0
-0.044313 0.043186 -0.278674 5 0.500000 0.000000 0.000000 0 0 0
-0.044911 0.044146 -0.279383 5 0.500000 0.000000 0.000000 0 0 0
-0.045162 0.044715 -0.278777 5 0.500000 0.000000 0.000000 0 0 0
-0.045231 0.044705 -0.279394 5 0.500000 0.000000 0.000000 0 0 0
-0.045608 0.045339 -0.279540 5 0.500000 0.000000 0.000000 0 0 0
-0.045556 0.045611 -0.278037 5 0.500000 0.000000 0.000000 0 0 0
-0.046453 0.046658 -0.279782 5 0.500000 0.000000 0.000000 0 0 0
-0.046164 0.046149 -0.280060 5 0.500000 0.000000 0.000000 0 0 0
-0.046196 0.046421 -0.279011 5 0.500000 0.000000 0.000000 0 0 0
-0.046112 0.046579 -0.277941 5 0.500000 0.000000 0.000000 0 0 0
-0.043850 0.042361 -0.278648 5 0.500000 0.000000 0.000000 0 0 0
-0.044080 0.042685 -0.279310 5 0.500000 0.000000 0.000000 0 0 0
-0.044479 0.043364 -0.279629 5 0.500000 0.000000 0.000000 0 0 0
-0.047317 0.048040 -0.279647 5 0.500000 0.000000 0.000000 0 0 0
-0.046787 0.047250 -0.279491 5 0.500000 0.000000 0.000000 0 0 0
-0.047104 0.047891 -0.278850 5 0.500000 0.000000 0.000000 0 0 0
-0.047514 0.048514 -0.278893 5 0.500000 0.000000 0.000000 0 0 0
-0.048206 0.049467 -0.279635 5 0.500000 0.000000 0.000000 0 0 0
-0.047761 0.048733 -0.279686 5 0.500000 0.000000 0.000000 0 0 0
-0.047905 0.049104 -0.278991 5 0.500000 0.000000 0.000000 0 0 0
-0.047718 0.049033 -0.278195 5 0.500000 0.000000 0.000000 0 0 0
-0.046640 0.047355 -0.278217 5 0.500000 0.000000 0.000000 0 0 0
-0.048269 0.049798 -0.278565 5 0.500000 0.000000 0.000000 0 0 0
-0.048844 0.050505 -0.279459 0 0.000000 0.000000 0.500000 0 0 0
-0.048661 0.050370 -0.278652 5 0.500000 0.000000 0.000000 0 0 0
-0.049034 0.050980 -0.278622 0 0.000000 0.000000 0.500000 0 0 0
-0.048839 0.050626 -0.278751 0 0.000000 0.000000 0.500000 0 0 0
-0.049308 0.051285 -0.279046 0 0.000000 0.000000 0.500000 0 0 0
-0.049355 0.051233 -0.279587 0 0.000000 0.000000 0.500000 0 0 0
-0.049321 0.051459 -0.278549 0 0.000000 0.000000 0.500000 0 0 0
-0.049452 0.051804 -0.278249 0 0.000000 0.000000 0.500000 0 0 0
-0.049136 0.051356 -0.278094 0 0.000000 0.000000 0.500000 0 0 0
-0.049309 0.051890 -0.277697 0 0.000000 0.000000 0.500000 0 0 0
-0.049615 0.052173 -0.278058 0 0.000000 0.000000 0.500000 0 0 0
-0.049656 0.052075 -0.278356 0 0.000000 0.000000 0.500000 0 0 0
-0.039833 0.024282 -0.278436 4 1.000000 0.407407 0.000000 0 0 0
-0.040250 0.024082 -0.278455 4 1.000000 0.407407 0.000000 0 0 0
-0.039857 0.024103 -0.278051 4 1.000000 0.407407 0.000000 0 0 0
-0.039750 0.024028 -0.277727 4 1.000000 0.407407 0.000000 0 0 0
-0.039422 0.024250 -0.277801 4 1.000000 0.407407 0.000000 0 0 0
-0.039380 0.024497 -0.278365 4 1.000000 0.407407 0.000000 0 0 0
-0.039052 0.024531 -0.277959 4 1.000000 0.407407 0.000000 0 0 0
-0.038879 0.024732 -0.278226 4 1.000000 0.407407 0.000000 0 0 0
-0.038571 0.024796 -0.277866 4 1.000000 0.407407 0.000000 0 0 0
-0.038540 0.024963 -0.278283 4 1.000000 0.407407 0.000000 0 0 0
-0.038352 0.025025 -0.278092 4 1.000000 0.407407 0.000000 0 0 0
-0.038128 0.025137 -0.277923 4 1.000000 0.407407 0.000000 0 0 0
-0.038177 0.025228 -0.278284 4 1.000000 0.407407 0.000000 0 0 0
-0.037756 0.025529 -0.278075 4 1.000000 0.407407 0.000000 0 0 0
-0.037959 0.025441 -0.278377 4 1.000000 0.407407 0.000000 0 0 0
-0.037821 0.025296 -0.277697 4 1.000000 0.407407 0.000000 0 0 0
-0.037829 0.025629 -0.278488 4 1.000000 0.407407 0.000000 0 0 0
-0.037627 0.025495 -0.277744 4 1.000000 0.407407 0.000000 0 0 0
-0.037410 0.025722 -0.277723 4 1.000000 0.407407 0.000000 0 0 0
-0.037342 0.026003 -0.278040 4 1.000000 0.407407 0.000000 0 0 0
-0.037587 0.025866 -0.278362 4 1.000000 0.407407 0.000000 0 0 0
-0.037222 0.025974 -0.277758 4 1.000000 0.407407 0.000000 0 0 0
-0.037367 0.026286 -0.278459 4 1.000000 0.407407 0.000000 0 0 0
-0.037054 0.026229 -0.277753 4 1.000000 0.407407 0.000000 0 0 0
-0.037098 0.026438 -0.278115 4 1.000000 0.407407 0.000000 0 0 0
-0.037153 0.026508 -0.278326 4 1.000000 0.407407 0.000000 0 0 0
-0.037071 0.026616 -0.278260 4 1.000000 0.407407 0.000000 0 0 0
-0.036875 0.026626 -0.277789 4 1.000000 0.407407 0.000000 0 0 0
-0.036959 0.026814 -0.278130 4 1.000000 0.407407 0.000000 0 0 0
-0.036769 0.027013 -0.277816 4 1.000000 0.407407 0.000000 0 0 0
-0.037028 0.027405 -0.278375 4 1.000000 0.407407 0.000000 0 0 0
-0.036858 0.027239 -0.278086 4 1.000000 0.407407 0.000000 0 0 0
-0.036852 0.027593 -0.278104 4 1.000000 0.407407 0.000000 0 0 0
-0.036625 0.027536 -0.277679 4 1.000000 0.407407 0.000000 0 0 0
-0.037028 0.027833 -0.278332 4 1.000000 0.407407 0.000000 0 0 0
-0.036803 0.027928 -0.277987 4 1.000000 0.407407 0.000000 0 0 0
-0.036645 0.028013 -0.277735 4 1.000000 0.407407 0.000000 0 0 0
-0.036989 0.028287 -0.278145 4 1.000000 0.407407 0.000000 0 0 0
-0.036764 0.028260 -0.277849 4 1.000000 0.407407 0.000000 0 0 0
-0.036623 0.028294 -0.277625 4 1.000000 0.407407 0.000000 0 0 0
-0.057361 0.024482 -0.277501 3 0.806452 1.000000 0.161290 0 0 0
-0.057727 0.024338 -0.277425 3 0.806452 1.000000 0.161290 0 0 0
-0.057336 0.024327 -0.277287 3 0.806452 1.000000 0.161290 0 0 0
-0.057115 0.024477 -0.277421 3 0.806452 1.000000 0.161290 0 0 0
-0.056950 0.024305 -0.277154 3 0.806452 1.000000 0.161290 0 0 0
-0.056331 0.024483 -0.277236 3 0.806452 1.000000 0.161290 0 0 0
-0.056583 0.024185 -0.276901 3 0.806452 1.000000 0.161290 0 0 0
-0.056766 0.024629 -0.277550 3 0.806452 1.000000 0.161290 0 0 0
-0.056359 0.024704 -0.277553 3 0.806452 1.000000 0.161290 0 0 0
-0.056057 0.024185 -0.276776 3 0.806452 1.000000 0.161290 0 0 0
-0.055651 0.024534 -0.277156 3 0.806452 1.000000 0.161290 0 0 0
-0.055666 0.024332 -0.276870 3 0.806452 1.000000 0.161290 0 0 0
-0.055331 0.024382 -0.276877 3 0.806452 1.000000 0.161290 0 0 0
-0.055013 0.024626 -0.277170 3 0.806452 1.000000 0.161290 0 0 0
-0.055924 0.024803 -0.277620 3 0.806452 1.000000 0.161290 0 0 0
-0.055201 0.024874 -0.277603 3 0.806452 1.000000 0.161290 0 0 0
-0.054828 0.024412 -0.276844 3 0.806452 1.000000 0.161290 0 0 0
-0.054447 0.024641 -0.277118 3 0.806452 1.000000 0.161290 0 0 0
-0.054283 0.024413 -0.276798 3 0.806452 1.000000 0.161290 0 0 0
-0.053905 0.024627 -0.277064 3 0.806452 1.000000 0.161290 0 0 0
-0.054592 0.024855 -0.277479 3 0.806452 1.000000 0.161290 0 0 0
-0.054044 0.024835 -0.277405 3 0.806452 1.000000 0.161290 0 0 0
-0.053607 0.024385 -0.276747 3 0.806452 1.000000 0.161290 0 0 0
-0.053549 0.024619 -0.277044 3 0.806452 1.000000 0.161290 0 0 0
-0.053191 0.024618 -0.277075 3 0.806452 1.000000 0.161290 0 0 0
-0.052893 0.024413 -0.276818 3 0.806452 1.000000 0.161290 0 0 0
-0.053496 0.024787 -0.277325 3 0.806452 1.000000 0.161290 0 0 0
-0.053019 0.024778 -0.277358 3 0.806452 1.000000 0.161290 0 0 0
-0.052601 0.024637 -0.277212 3 0.806452 1.000000 0.161290 0 0 0
-0.052381 0.024422 -0.276896 3 0.806452 1.000000 0.161290 0 0 0
-0.051943 0.024506 -0.277151 3 0.806452 1.000000 0.161290 0 0 0
-0.052001 0.024285 -0.276761 3 0.806452 1.000000 0.161290 0 0 0
-0.052701 0.024835 -0.277561 3 0.806452 1.000000 0.161290 0 0 0
-0.052114 0.024778 -0.277693 3 0.806452 1.000000 0.161290 0 0 0
-0.051644 0.024335 -0.276918 3 0.806452 1.000000 0.161290 0 0 0
-0.051431 0.024418 -0.277146 3 0.806452 1.000000 0.161290 0 0 0
-0.051326 0.024266 -0.276907 3 0.806452 1.000000 0.161290 0 0 0
-0.051082 0.024317 -0.277109 3 0.806452 1.000000 0.161290 0 0 0
-0.051156 0.024448 -0.277345 3 0.806452 1.000000 0.161290 0 0 0
-0.050951 0.024389 -0.277333 3 0.806452 1.000000 0.161290 0 0 0
-0.051487 0.024577 -0.277495 3 0.806452 1.000000 0.161290 0 0 0
-0.050726 0.024266 -0.277222 3 0.806452 1.000000 0.161290 0 0 0
-0.036108 0.027569 -0.276660 4 1.000000 0.407407 0.000000 0 0 0
-0.035872 0.027578 -0.276160 4 1.000000 0.407407 0.000000 0 0 0
-0.035870 0.027998 -0.276252 4 1.000000 0.407407 0.000000 0 0 0
-0.036070 0.028210 -0.276662 4 1.000000 0.407407 0.000000 0 0 0
-0.035724 0.027799 -0.275889 4 1.000000 0.407407 0.000000 0 0 0
-0.035658 0.028259 -0.275792 4 1.000000 0.407407 0.000000 0 0 0
-0.035890 0.028553 -0.276262 4 1.000000 0.407407 0.000000 0 0 0
-0.036130 0.028648 -0.276671 4 1.000000 0.407407 0.000000 0 0 0
-0.035705 0.028699 -0.275894 4 1.000000 0.407407 0.000000 0 0 0
-0.036791 0.029975 -0.276677 4 1.000000 0.407407 0.000000 0 0 0
-0.036514 0.029613 -0.276657 4 1.000000 0.407407 0.000000 0 0 0
-0.036527 0.029857 -0.276437 4 1.000000 0.407407 0.000000 0 0 0
-0.036281 0.029478 -0.276432 4 1.000000 0.407407 0.000000 0 0 0
-0.036360 0.029703 -0.276355 4 1.000000 0.407407 0.000000 0 0 0
-0.036607 0.030092 -0.276268 4 1.000000 0.407407 0.000000 0 0 0
-0.036916 0.030407 -0.276342 4 1.000000 0.407407 0.000000 0 0 0
-0.037192 0.030342 -0.276915 4 1.000000 0.407407 0.000000 0 0 0
-0.037177 0.030612 -0.276535 4 1.000000 0.407407 0.000000 0 0 0
-0.036395 0.029881 -0.276208 4 1.000000 0.407407 0.000000 0 0 0
-0.037124 0.030739 -0.276270 4 1.000000 0.407407 0.000000 0 0 0
-0.036097 0.029095 -0.276394 4 1.000000 0.407407 0.000000 0 0 0
-0.035831 0.028922 -0.276063 4 1.000000 0.407407 0.000000 0 0 0
-0.035697 0.028982 -0.275781 4 1.000000 0.407407 0.000000 0 0 0
-0.035857 0.029246 -0.275913 4 1.000000 0.407407 0.000000 0 0 0
-0.036131 0.029655 -0.276012 4 1.000000 0.407407 0.000000 0 0 0
-0.045532 0.046444 -0.275911 5 0.500000 0.000000 0.000000 0 0 0
-0.045338 0.045928 -0.276256 5 0.500000 0.000000 0.000000 0 0 0
-0.045180 0.045996 -0.275573 5 0.500000 0.000000 0.000000 0 0 0
-0.045400 0.046423 -0.275500 5 0.500000 0.000000 0.000000 0 0 0
-0.045970 0.047014 -0.276311 5 0.500000 0.000000 0.000000 0 0 0
-0.045776 0.046691 -0.276273 5 0.500000 0.000000 0.000000 0 0 0
-0.045814 0.046972 -0.275857 5 0.500000 0.000000 0.000000 0 0 0
-0.045584 0.046790 -0.275435 5 0.500000 0.000000 0.000000 0 0 0
-0.043243 0.042507 -0.275632 5 0.500000 0.000000 0.000000 0 0 0
-0.043228 0.042230 -0.276123 5 0.500000 0.000000 0.000000 0 0 0
-0.043085 0.042170 -0.275769 5 0.500000 0.000000 0.000000 0 0 0
-0.043541 0.042754 -0.276157 5 0.500000 0.000000 0.000000 0 0 0
-0.043901 0.043493 -0.276040 5 0.500000 0.000000 0.000000 0 0 0
-0.043736 0.043127 -0.276125 5 0.500000 0.000000 0.000000 0 0 0
-0.043566 0.043100 -0.275605 5 0.500000 0.000000 0.000000 0 0 0
-0.043792 0.043554 -0.275549 5 0.500000 0.000000 0.000000 0 0 0
-0.044414 0.044604 -0.275722 5 0.500000 0.000000 0.000000 0 0 0
-0.044268 0.044208 -0.276006 5 0.500000 0.000000 0.000000 0 0 0
-0.044165 0.044256 -0.275527 5 0.500000 0.000000 0.000000 0 0 0
-0.044442 0.044471 -0.276104 5 0.500000 0.000000 0.000000 0 0 0
-0.044015 0.043895 -0.275703 5 0.500000 0.000000 0.000000 0 0 0
-0.044119 0.043872 -0.276117 5 0.500000 0.000000 0.000000 0 0 0
-0.044893 0.045198 -0.276192 5 0.500000 0.000000 0.000000 0 0 0
-0.044617 0.044740 -0.276169 5 0.500000 0.000000 0.000000 0 0 0
-0.044660 0.045008 -0.275767 5 0.500000 0.000000 0.000000 0 0 0
-0.044519 0.044939 -0.275387 5 0.500000 0.000000 0.000000 0 0 0
-0.044672 0.045158 -0.275489 5 0.500000 0.000000 0.000000 0 0 0
-0.044861 0.045416 -0.275628 5 0.500000 0.000000 0.000000 0 0 0
-0.045083 0.045611 -0.276007 5 0.500000 0.000000 0.000000 0 0 0
-0.046456 0.047873 -0.276253 5 0.500000 0.000000 0.000000 0 0 0
-0.046254 0.047569 -0.276186 5 0.500000 0.000000 0.000000 0 0 0
-0.046237 0.047702 -0.275879 5 0.500000 0.000000 0.000000 0 0 0
-0.046417 0.048045 -0.275814 5 0.500000 0.000000 0.000000 0 0 0
-0.045776 0.047096 -0.275505 5 0.500000 0.000000 0.000000 0 0 0
-0.045970 0.047440 -0.275513 5 0.500000 0.000000 0.000000 0 0 0
-0.046082 0.047342 -0.276051 5 0.500000 0.000000 0.000000 0 0 0
-0.046639 0.048317 -0.275989 5 0.500000 0.000000 0.000000 0 0 0
-0.046509 0.048390 -0.275493 5 0.500000 0.000000 0.000000 0 0 0
-0.047082 0.048893 -0.276255 5 0.500000 0.000000 0.000000 0 0 0
-0.046834 0.048559 -0.276124 5 0.500000 0.000000 0.000000 0 0 0
-0.046801 0.048699 -0.275792 5 0.500000 0.000000 0.000000 0 0 0
-0.047004 0.049167 -0.275598 5 0.500000 0.000000 0.000000 0 0 0
-0.047576 0.049701 -0.276269 5 0.500000 0.000000 0.000000 0 0 0
-0.047414 0.049305 -0.276470 5 0.500000 0.000000 0.000000 0 0 0
-0.047305 0.049418 -0.275990 5 0.500000 0.000000 0.000000 0 0 0
-0.047472 0.049792 -0.275864 5 0.500000 0.000000 0.000000 0 0 0
-0.047942 0.050431 -0.276198 5 0.500000 0.000000 0.000000 0 0 0
-0.047854 0.050045 -0.276502 5 0.500000 0.000000 0.000000 0 0 0
-0.047696 0.050106 -0.276006 5 0.500000 0.000000 0.000000 0 0 0
-0.047503 0.050092 -0.275568 5 0.500000 0.000000 0.000000 0 0 0
-0.048637 0.051519 -0.276554 5 0.500000 0.000000 0.000000 0 0 0
-0.048448 0.051208 -0.276462 5 0.500000 0.000000 0.000000 0 0 0
-0.048423 0.051463 -0.276167 5 0.500000 0.000000 0.000000 0 0 0
-0.047798 0.050600 -0.275682 5 0.500000 0.000000 0.000000 0 0 0
-0.048167 0.050932 -0.276148 5 0.500000 0.000000 0.000000 0 0 0
-0.048004 0.050979 -0.275739 5 0.500000 0.000000 0.000000 0 0 0
-0.048137 0.051395 -0.275668 5 0.500000 0.000000 0.000000 0 0 0
-0.057161 0.023246 -0.275881 3 0.806452 1.000000 0.161290 0 0 0
-0.057366 0.022950 -0.275559 3 0.806452 1.000000 0.161290 0 0 0
-0.056875 0.023069 -0.275595 3 0.806452 1.000000 0.161290 0 0 0
-0.056477 0.023412 -0.275931 3 0.806452 1.000000 0.161290 0 0 0
-0.056323 0.023000 -0.275400 3 0.806452 1.000000 0.161290 0 0 0
-0.055973 0.022743 -0.275020 3 0.806452 1.000000 0.161290 0 0 0
-0.056508 0.022667 -0.275024 3 0.806452 1.000000 0.161290 0 0 0
-0.055607 0.023028 -0.275315 3 0.806452 1.000000 0.161290 0 0 0
-0.055308 0.022753 -0.274930 3 0.806452 1.000000 0.161290 0 0 0
-0.055160 0.023034 -0.275262 3 0.806452 1.000000 0.161290 0 0 0
-0.054623 0.023057 -0.275229 3 0.806452 1.000000 0.161290 0 0 0
-0.054701 0.022704 -0.274787 3 0.806452 1.000000 0.161290 0 0 0
-0.054159 0.022842 -0.274905 3 0.806452 1.000000 0.161290 0 0 0
-0.053927 0.023111 -0.275234 3 0.806452 1.000000 0.161290 0 0 0
-0.055766 0.023336 -0.275713 3 0.806452 1.000000 0.161290 0 0 0
-0.055093 0.023295 -0.275570 3 0.806452 1.000000 0.161290 0 0 0
-0.054532 0.023376 -0.275609 3 0.806452 1.000000 0.161290 0 0 0
-0.054089 0.023331 -0.275521 3 0.806452 1.000000 0.161290 0 0 0
-0.053521 0.022945 -0.274977 3 0.806452 1.000000 0.161290 0 0 0
-0.053494 0.023179 -0.275288 3 0.806452 1.000000 0.161290 0 0 0
-0.053089 0.023163 -0.275237 3 0.806452 1.000000 0.161290 0 0 0
-0.052932 0.022956 -0.274935 3 0.806452 1.000000 0.161290 0 0 0
-0.052602 0.023155 -0.275191 3 0.806452 1.000000 0.161290 0 0 0
-0.052528 0.022985 -0.274937 3 0.806452 1.000000 0.161290 0 0 0
-0.052243 0.023098 -0.275080 3 0.806452 1.000000 0.161290 0 0 0
-0.052246 0.022938 -0.274838 3 0.806452 1.000000 0.161290 0 0 0
-0.053676 0.023307 -0.275464 3 0.806452 1.000000 0.161290 0 0 0
-0.053264 0.023364 -0.275509 3 0.806452 1.000000 0.161290 0 0 0
-0.052741 0.023374 -0.275497 3 0.806452 1.000000 0.161290 0 0 0
-0.052107 0.023350 -0.275443 3 0.806452 1.000000 0.161290 0 0 0
-0.051757 0.023061 -0.274983 3 0.806452 1.000000 0.161290 0 0 0
-0.051394 0.023340 -0.275428 3 0.806452 1.000000 0.161290 0 0 0
-0.051331 0.023160 -0.275122 3 0.806452 1.000000 0.161290 0 0 0
-0.050996 0.023206 -0.275192 3 0.806452 1.000000 0.161290 0 0 0
-0.050796 0.023401 -0.275560 3 0.806452 1.000000 0.161290 0 0 0
-0.050499 0.023219 -0.275218 3 0.806452 1.000000 0.161290 0 0 0
-0.050230 0.023414 -0.275634 3 0.806452 1.000000 0.161290 0 0 0
-0.049804 0.023176 -0.275149 3 0.806452 1.000000 0.161290 0 0 0
-0.049754 0.023440 -0.275743 3 0.806452 1.000000 0.161290 0 0 0
-0.049220 0.023416 -0.275734 3 0.806452 1.000000 0.161290 0 0 0
-0.048986 0.023161 -0.275144 3 0.806452 1.000000 0.161290 0 0 0
-0.048739 0.023347 -0.275576 3 0.806452 1.000000 0.161290 0 0 0
-0.048437 0.023226 -0.275316 3 0.806452 1.000000 0.161290 0 0 0
-0.048504 0.023032 -0.274906 3 0.806452 1.000000 0.161290 0 0 0
-0.048747 0.023470 -0.275909 3 0.806452 1.000000 0.161290 0 0 0
-0.048306 0.023407 -0.275782 3 0.806452 1.000000 0.161290 0 0 0
-0.048098 0.023084 -0.275068 3 0.806452 1.000000 0.161290 0 0 0
-0.047996 0.023248 -0.275427 3 0.806452 1.000000 0.161290 0 0 0
-0.047726 0.023094 -0.275177 3 0.806452 1.000000 0.161290 0 0 0
-0.047561 0.023225 -0.275483 3 0.806452 1.000000 0.161290 0 0 0
-0.047850 0.023369 -0.275740 3 0.806452 1.000000 0.161290 0 0 0
-0.047533 0.023381 -0.275841 3 0.806452 1.000000 0.161290 0 0 0
-0.046537 0.022781 -0.274987 3 0.806452 1.000000 0.161290 0 0 0
-0.046609 0.023033 -0.275368 3 0.806452 1.000000 0.161290 0 0 0
-0.047203 0.022902 -0.275009 3 0.806452 1.000000 0.161290 0 0 0
-0.046073 0.022858 -0.275212 3 0.806452 1.000000 0.161290 0 0 0
-0.046237 0.023095 -0.275559 3 0.806452 1.000000 0.161290 0 0 0
-0.045846 0.023054 -0.275595 3 0.806452 1.000000 0.161290 0 0 0
-0.045533 0.022854 -0.275328 3 0.806452 1.000000 0.161290 0 0 0
-0.045367 0.023063 -0.275762 3 0.806452 1.000000 0.161290 0 0 0
-0.045150 0.022860 -0.275420 3 0.806452 1.000000 0.161290 0 0 0
-0.044910 0.022943 -0.275636 4 1.000000 0.407407 0.000000 0 0 0
-0.047057 0.023270 -0.275709 3 0.806452 1.000000 0.161290 0 0 0
-0.046546 0.023241 -0.275753 3 0.806452 1.000000 0.161290 0 0 0
-0.046108 0.023246 -0.275898 3 0.806452 1.000000 0.161290 0 0 0
-0.045752 0.023172 -0.275852 3 0.806452 1.000000 0.161290 0 0 0
-0.042204 0.022234 -0.274873 4 1.000000 0.407407 0.000000 0 0 0
-0.042265 0.022337 -0.275162 4 1.000000 0.407407 0.000000 0 0 0
-0.042506 0.022259 -0.274907 4 1.000000 0.407407 0.000000 0 0 0
-0.041921 0.022308 -0.275042 4 1.000000 0.407407 0.000000 0 0 0
-0.041963 0.022406 -0.275375 4 1.000000 0.407407 0.000000 0 0 0
-0.041735 0.022373 -0.275195 4 1.000000 0.407407 0.000000 0 0 0
-0.044793 0.022757 -0.275317 4 1.000000 0.407407 0.000000 0 0 0
-0.044562 0.022856 -0.275557 4 1.000000 0.407407 0.000000 0 0 0
-0.044331 0.022679 -0.275283 4 1.000000 0.407407 0.000000 0 0 0
-0.044181 0.022849 -0.275665 4 1.000000 0.407407 0.000000 0 0 0
-0.043751 0.022653 -0.275370 4 1.000000 0.407407 0.000000 0 0 0
-0.043774 0.022841 -0.275804 4 1.000000 0.407407 0.000000 0 0 0
-0.042990 0.022508 -0.275304 4 1.000000 0.407407 0.000000 0 0 0
-0.042962 0.022600 -0.275545 4 1.000000 0.407407 0.000000 0 0 0
-0.043242 0.022568 -0.275332 4 1.000000 0.407407 0.000000 0 0 0
-0.043350 0.022725 -0.275681 4 1.000000 0.407407 0.000000 0 0 0
-0.043447 0.022641 -0.275406 4 1.000000 0.407407 0.000000 0 0 0
-0.043045 0.022707 -0.275780 4 1.000000 0.407407 0.000000 0 0 0
-0.042710 0.022421 -0.275239 4 1.000000 0.407407 0.000000 0 0 0
-0.042313 0.022477 -0.275530 4 1.000000 0.407407 0.000000 0 0 0
-0.042635 0.022559 -0.275623 4 1.000000 0.407407 0.000000 0 0 0
-0.042802 0.022690 -0.275894 4 1.000000 0.407407 0.000000 0 0 0
-0.036790 0.024798 -0.275132 4 1.000000 0.407407 0.000000 0 0 0
-0.036965 0.024648 -0.275350 4 1.000000 0.407407 0.000000 0 0 0
-0.036975 0.024570 -0.275009 4 1.000000 0.407407 0.000000 0 0 0
-0.036760 0.024764 -0.274713 4 1.000000 0.407407 0.000000 0 0 0
-0.036688 0.025053 -0.275494 4 1.000000 0.407407 0.000000 0 0 0
-0.036948 0.024734 -0.275637 4 1.000000 0.407407 0.000000 0 0 0
-0.036619 0.025008 -0.275052 4 1.000000 0.407407 0.000000 0 0 0
-0.036465 0.025276 -0.275152 4 1.000000 0.407407 0.000000 0 0 0
-0.036395 0.025520 -0.275450 4 1.000000 0.407407 0.000000 0 0 0
-0.036225 0.025636 -0.274998 4 1.000000 0.407407 0.000000 0 0 0
-0.036205 0.025869 -0.275412 4 1.000000 0.407407 0.000000 0 0 0
-0.036011 0.026139 -0.275152 4 1.000000 0.407407 0.000000 0 0 0
-0.036108 0.026191 -0.275586 4 1.000000 0.407407 0.000000 0 0 0
-0.035904 0.026640 -0.275494 4 1.000000 0.407407 0.000000 0 0 0
-0.035750 0.026530 -0.274871 4 1.000000 0.407407 0.000000 0 0 0
-0.035668 0.026944 -0.275144 4 1.000000 0.407407 0.000000 0 0 0
-0.035596 0.026861 -0.274834 4 1.000000 0.407407 0.000000 0 0 0
-0.035481 0.027206 -0.274836 4 1.000000 0.407407 0.000000 0 0 0
-0.035596 0.027254 -0.275227 4 1.000000 0.407407 0.000000 0 0 0
-0.035544 0.027693 -0.275344 4 1.000000 0.407407 0.000000 0 0 0
-0.035334 0.027653 -0.274745 4 1.000000 0.407407 0.000000 0 0 0
-0.035286 0.028125 -0.274817 4 1.000000 0.407407 0.000000 0 0 0
-0.035456 0.028295 -0.275302 4 1.000000 0.407407 0.000000 0 0 0
-0.035339 0.028634 -0.274988 4 1.000000 0.407407 0.000000 0 0 0
-0.035544 0.028747 -0.275491 4 1.000000 0.407407 0.000000 0 0 0
-0.036696 0.030863 -0.275272 4 1.000000 0.407407 0.000000 0 0 0
-0.036924 0.031114 -0.275340 4 1.000000 0.407407 0.000000 0 0 0
-0.036850 0.030750 -0.275761 4 1.000000 0.407407 0.000000 0 0 0
-0.037324 0.031440 -0.275800 5 0.500000 0.000000 0.000000 0 0 0
-0.037195 0.030971 -0.276109 4 1.000000 0.407407 0.000000 0 0 0
-0.036467 0.030357 -0.275668 4 1.000000 0.407407 0.000000 0 0 0
-0.036325 0.030534 -0.275104 4 1.000000 0.407407 0.000000 0 0 0
-0.037035 0.031479 -0.275002 5 0.500000 0.000000 0.000000 0 0 0
-0.035445 0.029055 -0.275099 4 1.000000 0.407407 0.000000 0 0 0
-0.035648 0.029255 -0.275473 4 1.000000 0.407407 0.000000 0 0 0
-0.035539 0.029565 -0.274880 4 1.000000 0.407407 0.000000 0 0 0
-0.035745 0.029609 -0.275377 4 1.000000 0.407407 0.000000 0 0 0
-0.036150 0.030070 -0.275534 4 1.000000 0.407407 0.000000 0 0 0
-0.035929 0.029759 -0.275575 4 1.000000 0.407407 0.000000 0 0 0
-0.035857 0.029892 -0.275232 4 1.000000 0.407407 0.000000 0 0 0
-0.036031 0.030164 -0.275174 4 1.000000 0.407407 0.000000 0 0 0
-0.045300 0.046473 -0.275076 5 0.500000 0.000000 0.000000 0 0 0
-0.045033 0.046018 -0.275008 5 0.500000 0.000000 0.000000 0 0 0
-0.045060 0.046285 -0.274608 5 0.500000 0.000000 0.000000 0 0 0
-0.045079 0.046488 -0.274315 5 0.500000 0.000000 0.000000 0 0 0
-0.045305 0.046873 -0.274425 5 0.500000 0.000000 0.000000 0 0 0
-0.045524 0.046945 -0.274977 5 0.500000 0.000000 0.000000 0 0 0
-0.043238 0.042801 -0.275059 5 0.500000 0.000000 0.000000 0 0 0
-0.043025 0.042364 -0.275216 5 0.500000 0.000000 0.000000 0 0 0
-0.042892 0.042390 -0.274733 5 0.500000 0.000000 0.000000 0 0 0
-0.043089 0.042842 -0.274435 5 0.500000 0.000000 0.000000 0 0 0
-0.043624 0.043439 -0.275157 5 0.500000 0.000000 0.000000 0 0 0
-0.043455 0.043149 -0.275124 5 0.500000 0.000000 0.000000 0 0 0
-0.043399 0.043261 -0.274678 5 0.500000 0.000000 0.000000 0 0 0
-0.043679 0.043726 -0.274750 5 0.500000 0.000000 0.000000 0 0 0
-0.044045 0.044181 -0.275221 5 0.500000 0.000000 0.000000 0 0 0
-0.043869 0.043854 -0.275236 5 0.500000 0.000000 0.000000 0 0 0
-0.043938 0.044150 -0.274840 5 0.500000 0.000000 0.000000 0 0 0
-0.044047 0.044493 -0.274481 5 0.500000 0.000000 0.000000 0 0 0
-0.044255 0.044613 -0.275070 5 0.500000 0.000000 0.000000 0 0 0
-0.044259 0.044830 -0.274572 5 0.500000 0.000000 0.000000 0 0 0
-0.043751 0.044053 -0.274281 5 0.500000 0.000000 0.000000 0 0 0
-0.042748 0.041970 -0.275153 5 0.500000 0.000000 0.000000 0 0 0
-0.042442 0.041865 -0.274365 5 0.500000 0.000000 0.000000 0 0 0
-0.044515 0.045316 -0.274505 5 0.500000 0.000000 0.000000 0 0 0
-0.044464 0.045111 -0.274768 5 0.500000 0.000000 0.000000 0 0 0
-0.044371 0.045114 -0.274374 5 0.500000 0.000000 0.000000 0 0 0
-0.044471 0.044982 -0.275098 5 0.500000 0.000000 0.000000 0 0 0
-0.044729 0.045673 -0.274589 5 0.500000 0.000000 0.000000 0 0 0
-0.044657 0.045277 -0.275166 5 0.500000 0.000000 0.000000 0 0 0
-0.044892 0.045673 -0.275194 5 0.500000 0.000000 0.000000 0 0 0
-0.044903 0.046196 -0.274233 5 0.500000 0.000000 0.000000 0 0 0
-0.045853 0.047463 -0.275118 5 0.500000 0.000000 0.000000 0 0 0
-0.045734 0.047189 -0.275214 5 0.500000 0.000000 0.000000 0 0 0
-0.045688 0.047407 -0.274730 5 0.500000 0.000000 0.000000 0 0 0
-0.045523 0.047387 -0.274298 5 0.500000 0.000000 0.000000 0 0 0
-0.045674 0.047616 -0.274387 5 0.500000 0.000000 0.000000 0 0 0
-0.045854 0.047970 -0.274401 5 0.500000 0.000000 0.000000 0 0 0
-0.046011 0.047820 -0.275014 5 0.500000 0.000000 0.000000 0 0 0
-0.046444 0.048647 -0.274952 5 0.500000 0.000000 0.000000 0 0 0
-0.046278 0.048220 -0.275132 5 0.500000 0.000000 0.000000 0 0 0
-0.046170 0.048303 -0.274740 5 0.500000 0.000000 0.000000 0 0 0
-0.046290 0.048625 -0.274615 5 0.500000 0.000000 0.000000 0 0 0
-0.046854 0.049155 -0.275236 5 0.500000 0.000000 0.000000 0 0 0
-0.046722 0.048861 -0.275330 5 0.500000 0.000000 0.000000 0 0 0
-0.046695 0.049108 -0.274941 5 0.500000 0.000000 0.000000 0 0 0
-0.046407 0.049017 -0.274444 5 0.500000 0.000000 0.000000 0 0 0
-0.047515 0.050402 -0.275273 5 0.500000 0.000000 0.000000 0 0 0
-0.047249 0.050018 -0.275107 5 0.500000 0.000000 0.000000 0 0 0
-0.047370 0.050436 -0.274956 5 0.500000 0.000000 0.000000 0 0 0
-0.047627 0.050885 -0.275100 5 0.500000 0.000000 0.000000 0 0 0
-0.047332 0.050642 -0.274736 5 0.500000 0.000000 0.000000 0 0 0
-0.047356 0.051021 -0.274573 5 0.500000 0.000000 0.000000 0 0 0
-0.047669 0.051423 -0.274861 5 0.500000 0.000000 0.000000 0 0 0
-0.047781 0.051257 -0.275112 5 0.500000 0.000000 0.000000 0 0 0
-0.046735 0.049488 -0.274617 5 0.500000 0.000000 0.000000 0 0 0
-0.046974 0.049486 -0.275106 5 0.500000 0.000000 0.000000 0 0 0
-0.046984 0.049821 -0.274768 5 0.500000 0.000000 0.000000 0 0 0
-0.047103 0.050256 -0.274617 5 0.500000 0.000000 0.000000 0 0 0
-0.047181 0.050634 -0.274487 5 0.500000 0.000000 0.000000 0 0 0
-0.055482 0.022323 -0.274415 3 0.806452 1.000000 0.161290 0 0 0
-0.055910 0.022252 -0.274405 3 0.806452 1.000000 0.161290 0 0 0
-0.055433 0.022124 -0.274165 3 0.806452 1.000000 0.161290 0 0 0
-0.055067 0.022437 -0.274493 3 0.806452 1.000000 0.161290 0 0 0
-0.054784 0.022152 -0.274087 3 0.806452 1.000000 0.161290 0 0 0
-0.054614 0.022415 -0.274397 3 0.806452 1.000000 0.161290 0 0 0
-0.054170 0.022351 -0.274244 3 0.806452 1.000000 0.161290 0 0 0
-0.054307 0.022072 -0.273895 3 0.806452 1.000000 0.161290 0 0 0
-0.054686 0.022538 -0.274567 3 0.806452 1.000000 0.161290 0 0 0
-0.054360 0.022585 -0.274585 3 0.806452 1.000000 0.161290 0 0 0
-0.053798 0.022140 -0.273890 3 0.806452 1.000000 0.161290 0 0 0
-0.053505 0.022430 -0.274248 3 0.806452 1.000000 0.161290 0 0 0
-0.053028 0.022191 -0.273817 3 0.806452 1.000000 0.161290 0 0 0
-0.052979 0.022527 -0.274309 3 0.806452 1.000000 0.161290 0 0 0
-0.053824 0.022646 -0.274598 3 0.806452 1.000000 0.161290 0 0 0
-0.053232 0.022714 -0.274618 3 0.806452 1.000000 0.161290 0 0 0
-0.052497 0.022520 -0.274223 3 0.806452 1.000000 0.161290 0 0 0
-0.052359 0.022318 -0.273883 3 0.806452 1.000000 0.161290 0 0 0
-0.051903 0.022533 -0.274145 3 0.806452 1.000000 0.161290 0 0 0
-0.051930 0.022269 -0.273723 3 0.806452 1.000000 0.161290 0 0 0
-0.052640 0.022773 -0.274632 3 0.806452 1.000000 0.161290 0 0 0
-0.052086 0.022770 -0.274555 3 0.806452 1.000000 0.161290 0 0 0
-0.051468 0.022448 -0.273935 3 0.806452 1.000000 0.161290 0 0 0
-0.051502 0.022606 -0.274199 3 0.806452 1.000000 0.161290 0 0 0
-0.051156 0.022646 -0.274220 3 0.806452 1.000000 0.161290 0 0 0
-0.051494 0.022790 -0.274509 3 0.806452 1.000000 0.161290 0 0 0
-0.050880 0.022873 -0.274586 3 0.806452 1.000000 0.161290 0 0 0
-0.050733 0.022693 -0.274251 3 0.806452 1.000000 0.161290 0 0 0
-0.050416 0.022837 -0.274478 3 0.806452 1.000000 0.161290 0 0 0
-0.050354 0.022642 -0.274133 3 0.806452 1.000000 0.161290 0 0 0
-0.050073 0.022802 -0.274397 3 0.806452 1.000000 0.161290 0 0 0
-0.049795 0.022644 -0.274124 3 0.806452 1.000000 0.161290 0 0 0
-0.046605 0.021914 -0.273742 3 0.806452 1.000000 0.161290 0 0 0
-0.046653 0.022055 -0.273936 3 0.806452 1.000000 0.161290 0 0 0
-0.046955 0.022059 -0.273838 3 0.806452 1.000000 0.161290 0 0 0
-0.046371 0.022031 -0.273973 3 0.806452 1.000000 0.161290 0 0 0
-0.046242 0.021774 -0.273631 3 0.806452 1.000000 0.161290 0 0 0
-0.045824 0.021971 -0.273994 3 0.806452 1.000000 0.161290 0 0 0
-0.045802 0.021705 -0.273622 3 0.806452 1.000000 0.161290 0 0 0
-0.045359 0.021726 -0.273711 3 0.806452 1.000000 0.161290 0 0 0
-0.045101 0.022029 -0.274176 3 0.806452 1.000000 0.161290 0 0 0
-0.049743 0.022903 -0.274586 3 0.806452 1.000000 0.161290 0 0 0
-0.049382 0.022806 -0.274415 3 0.806452 1.000000 0.161290 0 0 0
-0.049179 0.022580 -0.274042 3 0.806452 1.000000 0.161290 0 0 0
-0.048867 0.022868 -0.274569 3 0.806452 1.000000 0.161290 0 0 0
-0.048625 0.022608 -0.274161 3 0.806452 1.000000 0.161290 0 0 0
-0.048453 0.022784 -0.274469 3 0.806452 1.000000 0.161290 0 0 0
-0.047908 0.022264 -0.273812 3 0.806452 1.000000 0.161290 0 0 0
-0.048022 0.022430 -0.274023 3 0.806452 1.000000 0.161290 0 0 0
-0.048316 0.022376 -0.273864 3 0.806452 1.000000 0.161290 0 0 0
-0.047738 0.022446 -0.274138 3 0.806452 1.000000 0.161290 0 0 0
-0.047472 0.022187 -0.273846 3 0.806452 1.000000 0.161290 0 0 0
-0.048141 0.022613 -0.274272 3 0.806452 1.000000 0.161290 0 0 0
-0.047701 0.022712 -0.274554 3 0.806452 1.000000 0.161290 0 0 0
-0.049352 0.022992 -0.274770 3 0.806452 1.000000 0.161290 0 0 0
-0.047200 0.022441 -0.274310 3 0.806452 1.000000 0.161290 0 0 0
-0.046678 0.022230 -0.274169 3 0.806452 1.000000 0.161290 0 0 0
-0.046223 0.022268 -0.274331 3 0.806452 1.000000 0.161290 0 0 0
-0.045670 0.022300 -0.274480 3 0.806452 1.000000 0.161290 0 0 0
-0.045127 0.022389 -0.274694 3 0.806452 1.000000 0.161290 0 0 0
-0.042006 0.041556 -0.273379 5 0.500000 0.000000 0.000000 0 0 0
-0.041865 0.041278 -0.273698 5 0.500000 0.000000 0.000000 0 0 0
-0.041801 0.041261 -0.273428 5 0.500000 0.000000 0.000000 0 0 0
-0.042091 0.041540 -0.273866 5 0.500000 0.000000 0.000000 0 0 0
-0.042524 0.042370 -0.273229 5 0.500000 0.000000 0.000000 0 0 0
-0.042314 0.041926 -0.273639 5 0.500000 0.000000 0.000000 0 0 0
-0.042229 0.041930 -0.273176 5 0.500000 0.000000 0.000000 0 0 0
-0.042588 0.042282 -0.273818 5 0.500000 0.000000 0.000000 0 0 0
-0.045191 0.046935 -0.273995 5 0.500000 0.000000 0.000000 0 0 0
-0.045034 0.046608 -0.273997 5 0.500000 0.000000 0.000000 0 0 0
-0.045091 0.046923 -0.273734 5 0.500000 0.000000 0.000000 0 0 0
-0.042989 0.042838 -0.274052 5 0.500000 0.000000 0.000000 0 0 0
-0.042808 0.042495 -0.274179 5 0.500000 0.000000 0.000000 0 0 0
-0.042848 0.042744 -0.273678 5 0.500000 0.000000 0.000000 0 0 0
-0.043013 0.043134 -0.273352 5 0.500000 0.000000 0.000000 0 0 0
-0.043213 0.043263 -0.273919 5 0.500000 0.000000 0.000000 0 0 0
-0.043187 0.043413 -0.273409 5 0.500000 0.000000 0.000000 0 0 0
-0.043667 0.044145 -0.273706 5 0.500000 0.000000 0.000000 0 0 0
-0.043505 0.043764 -0.273929 5 0.500000 0.000000 0.000000 0 0 0
-0.043387 0.043759 -0.273435 5 0.500000 0.000000 0.000000 0 0 0
-0.043591 0.044217 -0.273240 5 0.500000 0.000000 0.000000 0 0 0
-0.043839 0.044600 -0.273402 5 0.500000 0.000000 0.000000 0 0 0
-0.043924 0.044499 -0.273955 5 0.500000 0.000000 0.000000 0 0 0
-0.042794 0.042815 -0.273207 5 0.500000 0.000000 0.000000 0 0 0
-0.044179 0.045281 -0.273359 5 0.500000 0.000000 0.000000 0 0 0
-0.044075 0.044893 -0.273701 5 0.500000 0.000000 0.000000 0 0 0
-0.044012 0.044931 -0.273386 5 0.500000 0.000000 0.000000 0 0 0
-0.044322 0.045231 -0.273944 5 0.500000 0.000000 0.000000 0 0 0
-0.044585 0.045864 -0.273724 5 0.500000 0.000000 0.000000 0 0 0
-0.044545 0.045597 -0.274049 5 0.500000 0.000000 0.000000 0 0 0
-0.044411 0.045544 -0.273678 5 0.500000 0.000000 0.000000 0 0 0
-0.044713 0.045908 -0.274080 5 0.500000 0.000000 0.000000 0 0 0
-0.044789 0.046225 -0.273816 5 0.500000 0.000000 0.000000 0 0 0
-0.044623 0.046163 -0.273410 5 0.500000 0.000000 0.000000 0 0 0
-0.044852 0.046626 -0.273468 5 0.500000 0.000000 0.000000 0 0 0
-0.045037 0.047109 -0.273391 5 0.500000 0.000000 0.000000 0 0 0
-0.045314 0.047339 -0.273826 5 0.500000 0.000000 0.000000 0 0 0
-0.045175 0.047418 -0.273400 5 0.500000 0.000000 0.000000 0 0 0
-0.045713 0.047989 -0.274035 5 0.500000 0.000000 0.000000 0 0 0
-0.045611 0.047700 -0.274119 5 0.500000 0.000000 0.000000 0 0 0
-0.045553 0.047899 -0.273770 5 0.500000 0.000000 0.000000 0 0 0
-0.045296 0.047802 -0.273312 5 0.500000 0.000000 0.000000 0 0 0
-0.046313 0.049202 -0.274080 5 0.500000 0.000000 0.000000 0 0 0
-0.046133 0.048906 -0.274004 5 0.500000 0.000000 0.000000 0 0 0
-0.046208 0.049253 -0.273847 5 0.500000 0.000000 0.000000 0 0 0
-0.045810 0.048385 -0.273853 5 0.500000 0.000000 0.000000 0 0 0
-0.045542 0.048177 -0.273484 5 0.500000 0.000000 0.000000 0 0 0
-0.045413 0.048242 -0.273182 5 0.500000 0.000000 0.000000 0 0 0
-0.045611 0.048554 -0.273321 5 0.500000 0.000000 0.000000 0 0 0
-0.045912 0.049053 -0.273500 5 0.500000 0.000000 0.000000 0 0 0
-0.046486 0.049638 -0.274055 5 0.500000 0.000000 0.000000 0 0 0
-0.046173 0.049479 -0.273637 5 0.500000 0.000000 0.000000 0 0 0
-0.047016 0.050475 -0.274319 5 0.500000 0.000000 0.000000 0 0 0
-0.046824 0.050181 -0.274212 5 0.500000 0.000000 0.000000 0 0 0
-0.046878 0.050527 -0.274091 5 0.500000 0.000000 0.000000 0 0 0
-0.046237 0.049933 -0.273489 5 0.500000 0.000000 0.000000 0 0 0
-0.046605 0.050345 -0.273812 5 0.500000 0.000000 0.000000 0 0 0
-0.046003 0.049536 -0.273339 5 0.500000 0.000000 0.000000 0 0 0
-0.044729 0.046928 -0.272859 5 0.500000 0.000000 0.000000 0 0 0
-0.045030 0.047418 -0.273078 5 0.500000 0.000000 0.000000 0 0 0
-0.044858 0.047448 -0.272704 5 0.500000 0.000000 0.000000 0 0 0
-0.045053 0.047799 -0.272826 5 0.500000 0.000000 0.000000 0 0 0
-0.044679 0.047296 -0.272461 5 0.500000 0.000000 0.000000 0 0 0
-0.044507 0.046960 -0.272354 5 0.500000 0.000000 0.000000 0 0 0
-0.044505 0.047343 -0.272098 5 0.500000 0.000000 0.000000 0 0 0
-0.044277 0.046915 -0.271944 5 0.500000 0.000000 0.000000 0 0 0
-0.044322 0.046567 -0.272270 5 0.500000 0.000000 0.000000 0 0 0
-0.044261 0.047395 -0.271647 5 0.500000 0.000000 0.000000 0 0 0
-0.044777 0.047796 -0.272326 5 0.500000 0.000000 0.000000 0 0 0
-0.044507 0.047692 -0.271909 5 0.500000 0.000000 0.000000 0 0 0
-0.044401 0.047772 -0.271694 5 0.500000 0.000000 0.000000 0 0 0
-0.040827 0.040215 -0.271837 5 0.500000 0.000000 0.000000 0 0 0
-0.040609 0.039865 -0.272310 5 0.500000 0.000000 0.000000 0 0 0
-0.040553 0.039890 -0.271559 5 0.500000 0.000000 0.000000 0 0 0
-0.040789 0.040122 -0.272126 5 0.500000 0.000000 0.000000 0 0 0
-0.039652 0.039043 -0.269968 5 0.500000 0.000000 0.000000 0 0 0
-0.039442 0.038695 -0.270195 5 0.500000 0.000000 0.000000 0 0 0
-0.039385 0.038820 -0.269574 5 0.500000 0.000000 0.000000 0 0 0
-0.039729 0.039336 -0.269513 5 0.500000 0.000000 0.000000 0 0 0
-0.039152 0.038392 -0.269911 5 0.500000 0.000000 0.000000 0 0 0
-0.038874 0.037967 -0.270097 5 0.500000 0.000000 0.000000 0 0 0
-0.038923 0.038175 -0.269608 5 0.500000 0.000000 0.000000 0 0 0
-0.039087 0.038461 -0.269425 5 0.500000 0.000000 0.000000 0 0 0
-0.038576 0.037602 -0.269927 5 0.500000 0.000000 0.000000 0 0 0
-0.038675 0.037865 -0.269533 5 0.500000 0.000000 0.000000 0 0 0
-0.040160 0.039715 -0.270070 5 0.500000 0.000000 0.000000 0 0 0
-0.039949 0.039402 -0.270122 5 0.500000 0.000000 0.000000 0 0 0
-0.040056 0.039737 -0.269683 5 0.500000 0.000000 0.000000 0 0 0
-0.039901 0.039686 -0.269314 5 0.500000 0.000000 0.000000 0 0 0
-0.040044 0.039873 -0.269380 5 0.500000 0.000000 0.000000 0 0 0
-0.040221 0.040178 -0.269414 5 0.500000 0.000000 0.000000 0 0 0
-0.040349 0.040036 -0.270012 5 0.500000 0.000000 0.000000 0 0 0
-0.040545 0.040480 -0.269795 5 0.500000 0.000000 0.000000 0 0 0
-0.040619 0.040369 -0.270196 5 0.500000 0.000000 0.000000 0 0 0
-0.037731 0.022703 -0.269443 4 1.000000 0.407407 0.000000 0 0 0
-0.038145 0.022627 -0.269919 4 1.000000 0.407407 0.000000 0 0 0
-0.038149 0.022471 -0.269381 4 1.000000 0.407407 0.000000 0 0 0
-0.037558 0.022969 -0.270020 4 1.000000 0.407407 0.000000 0 0 0
-0.037963 0.022809 -0.270264 4 1.000000 0.407407 0.000000 0 0 0
-0.037879 0.022938 -0.270581 4 1.000000 0.407407 0.000000 0 0 0
-0.037378 0.022921 -0.269495 4 1.000000 0.407407 0.000000 0 0 0
-0.036871 0.023210 -0.269312 4 1.000000 0.407407 0.000000 0 0 0
-0.037043 0.023382 -0.270335 4 1.000000 0.407407 0.000000 0 0 0
-0.036438 0.023826 -0.270276 4 1.000000 0.407407 0.000000 0 0 0
-0.036124 0.023863 -0.269467 4 1.000000 0.407407 0.000000 0 0 0
-0.035739 0.024434 -0.270138 4 1.000000 0.407407 0.000000 0 0 0
-0.035558 0.024338 -0.269082 4 1.000000 0.407407 0.000000 0 0 0
-0.041080 0.020863 -0.269268 4 1.000000 0.407407 0.000000 0 0 0
-0.041511 0.020589 -0.269234 4 1.000000 0.407407 0.000000 0 0 0
-0.041275 0.020565 -0.268944 4 1.000000 0.407407 0.000000 0 0 0
-0.040939 0.020612 -0.268677 4 1.000000 0.407407 0.000000 0 0 0
-0.040595 0.020898 -0.268766 4 1.000000 0.407407 0.000000 0 0 0
-0.040515 0.021176 -0.269189 4 1.000000 0.407407 0.000000 0 0 0
-0.040814 0.021226 -0.269710 4 1.000000 0.407407 0.000000 0 0 0
-0.040279 0.021495 -0.269618 4 1.000000 0.407407 0.000000 0 0 0
-0.040293 0.021136 -0.268826 4 1.000000 0.407407 0.000000 0 0 0
-0.040015 0.021383 -0.268981 4 1.000000 0.407407 0.000000 0 0 0
-0.039864 0.021643 -0.269362 4 1.000000 0.407407 0.000000 0 0 0
-0.039566 0.021690 -0.269073 4 1.000000 0.407407 0.000000 0 0 0
-0.039638 0.021780 -0.269396 4 1.000000 0.407407 0.000000 0 0 0
-0.039306 0.021933 -0.269400 4 1.000000 0.407407 0.000000 0 0 0
-0.039261 0.021827 -0.269012 4 1.000000 0.407407 0.000000 0 0 0
-0.038871 0.021931 -0.268829 4 1.000000 0.407407 0.000000 0 0 0
-0.038676 0.022268 -0.269555 4 1.000000 0.407407 0.000000 0 0 0
-0.038277 0.022264 -0.268941 4 1.000000 0.407407 0.000000 0 0 0
-0.037909 0.022496 -0.269073 4 1.000000 0.407407 0.000000 0 0 0
-0.037618 0.022636 -0.269023 4 1.000000 0.407407 0.000000 0 0 0
-0.037377 0.022837 -0.269213 4 1.000000 0.407407 0.000000 0 0 0
-0.037314 0.022747 -0.268804 4 1.000000 0.407407 0.000000 0 0 0
-0.033980 0.026879 -0.268482 4 1.000000 0.407407 0.000000 0 0 0
-0.034188 0.026428 -0.268655 4 1.000000 0.407407 0.000000 0 0 0
-0.034013 0.026620 -0.268148 4 1.000000 0.407407 0.000000 0 0 0
-0.034070 0.026850 -0.268909 4 1.000000 0.407407 0.000000 0 0 0
-0.033926 0.027207 -0.268684 4 1.000000 0.407407 0.000000 0 0 0
-0.033880 0.027150 -0.268388 4 1.000000 0.407407 0.000000 0 0 0
-0.033795 0.027479 -0.268281 4 1.000000 0.407407 0.000000 0 0 0
-0.033877 0.027671 -0.268816 4 1.000000 0.407407 0.000000 0 0 0
-0.033749 0.028067 -0.268406 4 1.000000 0.407407 0.000000 0 0 0
-0.033869 0.028250 -0.268976 4 1.000000 0.407407 0.000000 0 0 0
-0.033766 0.028539 -0.268546 4 1.000000 0.407407 0.000000 0 0 0
-0.033841 0.028721 -0.268848 4 1.000000 0.407407 0.000000 0 0 0
-0.034137 0.029925 -0.268941 4 1.000000 0.407407 0.000000 0 0 0
-0.034013 0.029413 -0.269035 4 1.000000 0.407407 0.000000 0 0 0
-0.033948 0.029723 -0.268509 4 1.000000 0.407407 0.000000 0 0 0
-0.033919 0.029937 -0.268213 4 1.000000 0.407407 0.000000 0 0 0
-0.034098 0.030301 -0.268388 4 1.000000 0.407407 0.000000 0 0 0
-0.034255 0.030264 -0.268923 4 1.000000 0.407407 0.000000 0 0 0
-0.034742 0.031227 -0.269091 5 0.500000 0.000000 0.000000 0 0 0
-0.034464 0.030691 -0.268999 5 0.500000 0.000000 0.000000 0 0 0
-0.034563 0.031194 -0.268666 5 0.500000 0.000000 0.000000 0 0 0
-0.034332 0.030931 -0.268348 5 0.500000 0.000000 0.000000 0 0 0
-0.033801 0.029094 -0.268459 4 1.000000 0.407407 0.000000 0 0 0
-0.033908 0.029005 -0.268991 4 1.000000 0.407407 0.000000 0 0 0
-0.033793 0.029631 -0.268042 4 1.000000 0.407407 0.000000 0 0 0
-0.035199 0.032493 -0.268672 5 0.500000 0.000000 0.000000 0 0 0
-0.035028 0.032086 -0.268753 5 0.500000 0.000000 0.000000 0 0 0
-0.035079 0.032445 -0.268465 5 0.500000 0.000000 0.000000 0 0 0
-0.034762 0.031553 -0.268744 5 0.500000 0.000000 0.000000 0 0 0
-0.034614 0.031447 -0.268502 5 0.500000 0.000000 0.000000 0 0 0
-0.034497 0.031321 -0.268344 5 0.500000 0.000000 0.000000 0 0 0
-0.034652 0.031727 -0.268272 5 0.500000 0.000000 0.000000 0 0 0
-0.034881 0.032190 -0.268304 5 0.500000 0.000000 0.000000 0 0 0
-0.037167 0.035522 -0.269246 5 0.500000 0.000000 0.000000 0 0 0
-0.036999 0.035200 -0.269283 5 0.500000 0.000000 0.000000 0 0 0
-0.037077 0.035520 -0.268991 5 0.500000 0.000000 0.000000 0 0 0
-0.036597 0.034696 -0.268986 5 0.500000 0.000000 0.000000 0 0 0
-0.036344 0.034439 -0.268740 5 0.500000 0.000000 0.000000 0 0 0
-0.036303 0.034657 -0.268381 5 0.500000 0.000000 0.000000 0 0 0
-0.036578 0.034947 -0.268584 5 0.500000 0.000000 0.000000 0 0 0
-0.036049 0.034463 -0.268125 5 0.500000 0.000000 0.000000 0 0 0
-0.036008 0.034226 -0.268326 5 0.500000 0.000000 0.000000 0 0 0
-0.036167 0.034242 -0.268616 5 0.500000 0.000000 0.000000 0 0 0
-0.036826 0.035307 -0.268661 5 0.500000 0.000000 0.000000 0 0 0
-0.037286 0.035839 -0.269085 5 0.500000 0.000000 0.000000 0 0 0
-0.037083 0.035703 -0.268719 5 0.500000 0.000000 0.000000 0 0 0
-0.037235 0.036089 -0.268510 5 0.500000 0.000000 0.000000 0 0 0
-0.037550 0.036395 -0.268925 5 0.500000 0.000000 0.000000 0 0 0
-0.037429 0.036432 -0.268468 5 0.500000 0.000000 0.000000 0 0 0
-0.036971 0.035729 -0.268386 5 0.500000 0.000000 0.000000 0 0 0
-0.037971 0.037291 -0.268419 5 0.500000 0.000000 0.000000 0 0 0
-0.037857 0.036895 -0.268932 5 0.500000 0.000000 0.000000 0 0 0
-0.037616 0.036744 -0.268434 5 0.500000 0.000000 0.000000 0 0 0
-0.038101 0.037247 -0.268987 5 0.500000 0.000000 0.000000 0 0 0
-0.038279 0.037572 -0.268812 5 0.500000 0.000000 0.000000 0 0 0
-0.038239 0.037653 -0.268469 5 0.500000 0.000000 0.000000 0 0 0
-0.035866 0.034284 -0.267994 5 0.500000 0.000000 0.000000 0 0 0
-0.039144 0.038737 -0.268966 5 0.500000 0.000000 0.000000 0 0 0
-0.038816 0.038216 -0.269092 5 0.500000 0.000000 0.000000 0 0 0
-0.038844 0.038497 -0.268551 5 0.500000 0.000000 0.000000 0 0 0
-0.038499 0.038002 -0.268534 5 0.500000 0.000000 0.000000 0 0 0
-0.038523 0.037814 -0.269074 5 0.500000 0.000000 0.000000 0 0 0
-0.038652 0.038415 -0.268167 5 0.500000 0.000000 0.000000 0 0 0
-0.038847 0.038658 -0.268257 5 0.500000 0.000000 0.000000 0 0 0
-0.039074 0.038997 -0.268340 5 0.500000 0.000000 0.000000 0 0 0
-0.039313 0.039091 -0.268749 5 0.500000 0.000000 0.000000 0 0 0
-0.039668 0.039601 -0.268893 5 0.500000 0.000000 0.000000 0 0 0
-0.039465 0.039285 -0.268818 5 0.500000 0.000000 0.000000 0 0 0
-0.039399 0.039346 -0.268585 5 0.500000 0.000000 0.000000 0 0 0
-0.039508 0.039620 -0.268510 5 0.500000 0.000000 0.000000 0 0 0
-0.040078 0.040183 -0.269064 5 0.500000 0.000000 0.000000 0 0 0
-0.039976 0.039930 -0.269138 5 0.500000 0.000000 0.000000 0 0 0
-0.039911 0.040107 -0.268812 5 0.500000 0.000000 0.000000 0 0 0
-0.039616 0.040031 -0.268347 5 0.500000 0.000000 0.000000 0 0 0
-0.040180 0.040542 -0.268925 5 0.500000 0.000000 0.000000 0 0 0
-0.039911 0.040391 -0.268556 5 0.500000 0.000000 0.000000 0 0 0
-0.039810 0.040454 -0.268337 5 0.500000 0.000000 0.000000 0 0 0
-0.040007 0.040838 -0.268405 5 0.500000 0.000000 0.000000 0 0 0
-0.040304 0.041003 -0.268763 5 0.500000 0.000000 0.000000 0 0 0
-0.040293 0.041338 -0.268532 5 0.500000 0.000000 0.000000 0 0 0
-0.040544 0.041345 -0.268924 5 0.500000 0.000000 0.000000 0 0 0
-0.040545 0.041757 -0.268674 5 0.500000 0.000000 0.000000 0 0 0
-0.040261 0.041772 -0.268269 5 0.500000 0.000000 0.000000 0 0 0
-0.040520 0.042118 -0.268460 5 0.500000 0.000000 0.000000 0 0 0
-0.040356 0.042218 -0.268208 5 0.500000 0.000000 0.000000 0 0 0
-0.043367 0.018449 -0.267436 4 1.000000 0.407407 0.000000 0 0 0
-0.043587 0.018606 -0.267817 4 1.000000 0.407407 0.000000 0 0 0
-0.044017 0.018342 -0.267662 4 1.000000 0.407407 0.000000 0 0 0
-0.042994 0.018383 -0.267097 4 1.000000 0.407407 0.000000 0 0 0
-0.043335 0.018133 -0.266940 4 1.000000 0.407407 0.000000 0 0 0
-0.043024 0.018541 -0.267358 4 1.000000 0.407407 0.000000 0 0 0
-0.043322 0.018677 -0.267762 4 1.000000 0.407407 0.000000 0 0 0
-0.042955 0.018754 -0.267633 4 1.000000 0.407407 0.000000 0 0 0
-0.042783 0.018584 -0.267259 4 1.000000 0.407407 0.000000 0 0 0
-0.042380 0.018806 -0.267305 4 1.000000 0.407407 0.000000 0 0 0
-0.042585 0.018990 -0.267732 4 1.000000 0.407407 0.000000 0 0 0
-0.042269 0.019151 -0.267732 4 1.000000 0.407407 0.000000 0 0 0
-0.041977 0.019085 -0.267413 4 1.000000 0.407407 0.000000 0 0 0
-0.041907 0.018886 -0.267079 4 1.000000 0.407407 0.000000 0 0 0
-0.041733 0.019464 -0.267761 4 1.000000 0.407407 0.000000 0 0 0
-0.041610 0.019125 -0.267195 4 1.000000 0.407407 0.000000 0 0 0
-0.041199 0.019383 -0.267235 4 1.000000 0.407407 0.000000 0 0 0
-0.041164 0.019707 -0.267634 4 1.000000 0.407407 0.000000 0 0 0
-0.041400 0.019790 -0.267938 4 1.000000 0.407407 0.000000 0 0 0
-0.040875 0.019644 -0.267325 4 1.000000 0.407407 0.000000 0 0 0
-0.040817 0.019457 -0.267041 4 1.000000 0.407407 0.000000 0 0 0
-0.041116 0.019960 -0.267932 4 1.000000 0.407407 0.000000 0 0 0
-0.040673 0.020003 -0.267621 4 1.000000 0.407407 0.000000 0 0 0
-0.040538 0.019675 -0.267103 4 1.000000 0.407407 0.000000 0 0 0
-0.040075 0.019976 -0.267109 4 1.000000 0.407407 0.000000 0 0 0
-0.040165 0.020328 -0.267608 4 1.000000 0.407407 0.000000 0 0 0
-0.039938 0.020276 -0.267359 4 1.000000 0.407407 0.000000 0 0 0
-0.039653 0.020326 -0.267186 4 1.000000 0.407407 0.000000 0 0 0
-0.039861 0.020474 -0.267535 4 1.000000 0.407407 0.000000 0 0 0
-0.039594 0.020654 -0.267526 4 1.000000 0.407407 0.000000 0 0 0
-0.039319 0.020606 -0.267237 4 1.000000 0.407407 0.000000 0 0 0
-0.039351 0.020782 -0.267470 4 1.000000 0.407407 0.000000 0 0 0
-0.039065 0.020915 -0.267384 4 1.000000 0.407407 0.000000 0 0 0
-0.038989 0.020621 -0.266975 4 1.000000 0.407407 0.000000 0 0 0
-0.038693 0.020887 -0.267022 4 1.000000 0.407407 0.000000 0 0 0
-0.039416 0.020946 -0.267732 4 1.000000 0.407407 0.000000 0 0 0
-0.038643 0.021240 -0.267406 4 1.000000 0.407407 0.000000 0 0 0
-0.039019 0.021300 -0.267843 4 1.000000 0.407407 0.000000 0 0 0
-0.038351 0.021095 -0.266957 4 1.000000 0.407407 0.000000 0 0 0
-0.038244 0.021437 -0.267287 4 1.000000 0.407407 0.000000 0 0 0
-0.038659 0.021487 -0.267754 4 1.000000 0.407407 0.000000 0 0 0
-0.038438 0.021524 -0.267592 4 1.000000 0.407407 0.000000 0 0 0
-0.037946 0.021336 -0.266862 4 1.000000 0.407407 0.000000 0 0 0
-0.037887 0.021663 -0.267248 4 1.000000 0.407407 0.000000 0 0 0
-0.038163 0.021735 -0.267649 4 1.000000 0.407407 0.000000 0 0 0
-0.037759 0.021578 -0.266981 4 1.000000 0.407407 0.000000 0 0 0
-0.037528 0.021786 -0.267030 4 1.000000 0.407407 0.000000 0 0 0
-0.037650 0.022081 -0.267674 4 1.000000 0.407407 0.000000 0 0 0
-0.037161 0.022148 -0.267162 4 1.000000 0.407407 0.000000 0 0 0
-0.037117 0.022412 -0.267606 4 1.000000 0.407407 0.000000 0 0 0
-0.037355 0.022394 -0.267918 4 1.000000 0.407407 0.000000 0 0 0
-0.037080 0.022599 -0.267978 4 1.000000 0.407407 0.000000 0 0 0
-0.036788 0.022469 -0.267235 4 1.000000 0.407407 0.000000 0 0 0
-0.036664 0.022778 -0.267690 4 1.000000 0.407407 0.000000 0 0 0
-0.036555 0.022671 -0.267264 4 1.000000 0.407407 0.000000 0 0 0
-0.036244 0.022876 -0.267138 4 1.000000 0.407407 0.000000 0 0 0
-0.036168 0.023214 -0.267740 4 1.000000 0.407407 0.000000 0 0 0
-0.036476 0.023123 -0.268187 4 1.000000 0.407407 0.000000 0 0 0
-0.035837 0.023309 -0.267234 4 1.000000 0.407407 0.000000 0 0 0
-0.042137 0.018004 -0.266000 4 1.000000 0.407407 0.000000 0 0 0
-0.041738 0.018211 -0.266028 4 1.000000 0.407407 0.000000 0 0 0
-0.042376 0.018148 -0.266351 4 1.000000 0.407407 0.000000 0 0 0
-0.042010 0.018564 -0.266695 4 1.000000 0.407407 0.000000 0 0 0
-0.041533 0.018600 -0.266415 4 1.000000 0.407407 0.000000 0 0 0
-0.041224 0.018509 -0.266081 4 1.000000 0.407407 0.000000 0 0 0
-0.041266 0.018268 -0.265797 4 1.000000 0.407407 0.000000 0 0 0
-0.040985 0.018415 -0.265802 4 1.000000 0.407407 0.000000 0 0 0
-0.041576 0.018853 -0.266793 4 1.000000 0.407407 0.000000 0 0 0
-0.041126 0.018859 -0.266479 4 1.000000 0.407407 0.000000 0 0 0
-0.040707 0.018686 -0.265966 4 1.000000 0.407407 0.000000 0 0 0
-0.040643 0.019068 -0.266409 4 1.000000 0.407407 0.000000 0 0 0
-0.040934 0.019205 -0.266801 4 1.000000 0.407407 0.000000 0 0 0
-0.040558 0.019382 -0.266749 4 1.000000 0.407407 0.000000 0 0 0
-0.040363 0.018976 -0.266093 4 1.000000 0.407407 0.000000 0 0 0
-0.040272 0.018788 -0.265797 4 1.000000 0.407407 0.000000 0 0 0
-0.040020 0.019036 -0.265925 4 1.000000 0.407407 0.000000 0 0 0
-0.040193 0.019295 -0.266368 4 1.000000 0.407407 0.000000 0 0 0
-0.039678 0.019364 -0.266072 4 1.000000 0.407407 0.000000 0 0 0
-0.039877 0.019643 -0.266557 4 1.000000 0.407407 0.000000 0 0 0
-0.039564 0.019667 -0.266347 4 1.000000 0.407407 0.000000 0 0 0
-0.039188 0.019701 -0.266093 4 1.000000 0.407407 0.000000 0 0 0
-0.039526 0.019965 -0.266665 4 1.000000 0.407407 0.000000 0 0 0
-0.039085 0.020117 -0.266485 4 1.000000 0.407407 0.000000 0 0 0
-0.038799 0.020030 -0.266152 4 1.000000 0.407407 0.000000 0 0 0
-0.038791 0.020290 -0.266435 4 1.000000 0.407407 0.000000 0 0 0
-0.038478 0.020328 -0.266203 4 1.000000 0.407407 0.000000 0 0 0
-0.038480 0.019979 -0.265827 4 1.000000 0.407407 0.000000 0 0 0
-0.038953 0.020390 -0.266684 4 1.000000 0.407407 0.000000 0 0 0
-0.038639 0.020595 -0.266641 4 1.000000 0.407407 0.000000 0 0 0
-0.038044 0.020274 -0.265757 4 1.000000 0.407407 0.000000 0 0 0
-0.038103 0.020810 -0.266394 4 1.000000 0.407407 0.000000 0 0 0
-0.037689 0.020664 -0.265837 4 1.000000 0.407407 0.000000 0 0 0
-0.037709 0.020916 -0.266129 4 1.000000 0.407407 0.000000 0 0 0
-0.037435 0.020956 -0.265900 4 1.000000 0.407407 0.000000 0 0 0
-0.037586 0.021241 -0.266374 4 1.000000 0.407407 0.000000 0 0 0
-0.037201 0.021248 -0.265975 4 1.000000 0.407407 0.000000 0 0 0
-0.037200 0.021536 -0.266312 4 1.000000 0.407407 0.000000 0 0 0
-0.037391 0.021614 -0.266627 4 1.000000 0.407407 0.000000 0 0 0
-0.037182 0.021716 -0.266520 4 1.000000 0.407407 0.000000 0 0 0
-0.036849 0.021581 -0.265969 4 1.000000 0.407407 0.000000 0 0 0
-0.036950 0.021825 -0.266399 4 1.000000 0.407407 0.000000 0 0 0
-0.036571 0.021990 -0.266151 4 1.000000 0.407407 0.000000 0 0 0
-0.036499 0.021789 -0.265799 4 1.000000 0.407407 0.000000 0 0 0
-0.036281 0.022050 -0.265854 4 1.000000 0.407407 0.000000 0 0 0
-0.034602 0.024411 -0.266518 4 1.000000 0.407407 0.000000 0 0 0
-0.034584 0.024196 -0.266201 4 1.000000 0.407407 0.000000 0 0 0
-0.034340 0.024626 -0.266274 4 1.000000 0.407407 0.000000 0 0 0
-0.034504 0.024717 -0.266715 4 1.000000 0.407407 0.000000 0 0 0
-0.034257 0.024371 -0.265825 4 1.000000 0.407407 0.000000 0 0 0
-0.034130 0.024719 -0.265990 4 1.000000 0.407407 0.000000 0 0 0
-0.034257 0.024959 -0.266500 4 1.000000 0.407407 0.000000 0 0 0
-0.034046 0.025033 -0.266162 4 1.000000 0.407407 0.000000 0 0 0
-0.034104 0.025221 -0.266480 4 1.000000 0.407407 0.000000 0 0 0
-0.033916 0.025416 -0.266292 4 1.000000 0.407407 0.000000 0 0 0
-0.034011 0.025498 -0.266572 4 1.000000 0.407407 0.000000 0 0 0
-0.033695 0.025446 -0.265895 4 1.000000 0.407407 0.000000 0 0 0
-0.038777 0.019781 -0.265857 4 1.000000 0.407407 0.000000 0 0 0
-0.038570 0.019699 -0.265597 4 1.000000 0.407407 0.000000 0 0 0
-0.038214 0.019777 -0.265381 4 1.000000 0.407407 0.000000 0 0 0
-0.037719 0.019999 -0.265177 4 1.000000 0.407407 0.000000 0 0 0
-0.037614 0.020375 -0.265464 4 1.000000 0.407407 0.000000 0 0 0
-0.037404 0.020282 -0.265175 4 1.000000 0.407407 0.000000 0 0 0
-0.037201 0.020669 -0.265364 4 1.000000 0.407407 0.000000 0 0 0
-0.037191 0.021010 -0.265706 4 1.000000 0.407407 0.000000 0 0 0
-0.036905 0.021177 -0.265578 4 1.000000 0.407407 0.000000 0 0 0
-0.036568 0.021516 -0.265563 4 1.000000 0.407407 0.000000 0 0 0
-0.036580 0.021269 -0.265314 4 1.000000 0.407407 0.000000 0 0 0
-0.036342 0.021478 -0.265262 4 1.000000 0.407407 0.000000 0 0 0
-0.036193 0.021817 -0.265457 4 1.000000 0.407407 0.000000 0 0 0
-0.036003 0.022201 -0.265678 4 1.000000 0.407407 0.000000 0 0 0
-0.035890 0.022062 -0.265352 4 1.000000 0.407407 0.000000 0 0 0
-0.035665 0.022379 -0.265440 4 1.000000 0.407407 0.000000 0 0 0
-0.035846 0.022444 -0.265777 4 1.000000 0.407407 0.000000 0 0 0
-0.035587 0.022739 -0.265807 4 1.000000 0.407407 0.000000 0 0 0
-0.035342 0.022707 -0.265398 4 1.000000 0.407407 0.000000 0 0 0
-0.035188 0.023025 -0.265596 4 1.000000 0.407407 0.000000 0 0 0
-0.035341 0.023078 -0.265913 4 1.000000 0.407407 0.000000 0 0 0
-0.034990 0.023472 -0.265910 4 1.000000 0.407407 0.000000 0 0 0
-0.034929 0.023229 -0.265474 4 1.000000 0.407407 0.000000 0 0 0
-0.034606 0.023492 -0.265315 4 1.000000 0.407407 0.000000 0 0 0
-0.034507 0.023903 -0.265681 4 1.000000 0.407407 0.000000 0 0 0
-0.034689 0.023902 -0.265997 4 1.000000 0.407407 0.000000 0 0 0
-0.034302 0.023879 -0.265320 4 1.000000 0.407407 0.000000 0 0 0
-0.034508 0.024089 -0.265927 4 1.000000 0.407407 0.000000 0 0 0
-0.034202 0.024142 -0.265472 4 1.000000 0.407407 0.000000 0 0 0
-0.037245 0.020040 -0.264790 4 1.000000 0.407407 0.000000 0 0 0
-0.037572 0.019627 -0.264676 4 1.000000 0.407407 0.000000 0 0 0
-0.037292 0.019746 -0.264550 4 1.000000 0.407407 0.000000 0 0 0
-0.037097 0.019788 -0.264418 4 1.000000 0.407407 0.000000 0 0 0
-0.036915 0.019987 -0.264437 4 1.000000 0.407407 0.000000 0 0 0
-0.036903 0.020240 -0.264659 4 1.000000 0.407407 0.000000 0 0 0
-0.037065 0.020370 -0.264939 4 1.000000 0.407407 0.000000 0 0 0
-0.036548 0.020233 -0.264316 4 1.000000 0.407407 0.000000 0 0 0
-0.036736 0.020577 -0.264810 4 1.000000 0.407407 0.000000 0 0 0
-0.036315 0.020670 -0.264472 4 1.000000 0.407407 0.000000 0 0 0
-0.036403 0.020912 -0.264778 4 1.000000 0.407407 0.000000 0 0 0
-0.036182 0.020909 -0.264548 4 1.000000 0.407407 0.000000 0 0 0
-0.036104 0.021144 -0.264679 4 1.000000 0.407407 0.000000 0 0 0
-0.036357 0.021222 -0.265021 4 1.000000 0.407407 0.000000 0 0 0
-0.035981 0.021579 -0.264954 4 1.000000 0.407407 0.000000 0 0 0
-0.035894 0.020923 -0.264270 4 1.000000 0.407407 0.000000 0 0 0
-0.035785 0.021338 -0.264513 4 1.000000 0.407407 0.000000 0 0 0
-0.035467 0.021738 -0.264521 4 1.000000 0.407407 0.000000 0 0 0
-0.035623 0.022044 -0.264998 4 1.000000 0.407407 0.000000 0 0 0
-0.035375 0.022035 -0.264680 4 1.000000 0.407407 0.000000 0 0 0
-0.035082 0.022133 -0.264429 4 1.000000 0.407407 0.000000 0 0 0
-0.035298 0.022232 -0.264781 4 1.000000 0.407407 0.000000 0 0 0
-0.035046 0.022491 -0.264735 4 1.000000 0.407407 0.000000 0 0 0
-0.034859 0.022453 -0.264454 4 1.000000 0.407407 0.000000 0 0 0
-0.034752 0.022735 -0.264614 4 1.000000 0.407407 0.000000 0 0 0
-0.034605 0.022599 -0.264293 4 1.000000 0.407407 0.000000 0 0 0
-0.034406 0.022961 -0.264421 4 1.000000 0.407407 0.000000 0 0 0
-0.034630 0.022978 -0.264722 4 1.000000 0.407407 0.000000 0 0 0
-0.034419 0.023283 -0.264787 4 1.000000 0.407407 0.000000 0 0 0
-0.034125 0.023306 -0.264426 4 1.000000 0.407407 0.000000 0 0 0
-0.034058 0.023558 -0.264602 4 1.000000 0.407407 0.000000 0 0 0
-0.034160 0.023755 -0.264956 4 1.000000 0.407407 0.000000 0 0 0
-0.033861 0.023836 -0.264629 4 1.000000 0.407407 0.000000 0 0 0
-0.033826 0.024130 -0.264872 4 1.000000 0.407407 0.000000 0 0 0
-0.034038 0.024114 -0.265175 4 1.000000 0.407407 0.000000 0 0 0
-0.033542 0.024130 -0.264493 4 1.000000 0.407407 0.000000 0 0 0
-0.033174 0.024527 -0.264360 4 1.000000 0.407407 0.000000 0 0 0
-0.033146 0.024058 -0.263968 4 1.000000 0.407407 0.000000 0 0 0
-0.032882 0.023958 -0.263623 4 1.000000 0.407407 0.000000 0 0 0
-0.032708 0.024232 -0.263630 4 1.000000 0.407407 0.000000 0 0 0
-0.032752 0.024631 -0.263927 4 1.000000 0.407407 0.000000 0 0 0
-0.032929 0.024863 -0.264292 4 1.000000 0.407407 0.000000 0 0 0
-0.032655 0.025128 -0.264113 4 1.000000 0.407407 0.000000 0 0 0
-0.032924 0.025169 -0.264480 4 1.000000 0.407407 0.000000 0 0 0
-0.032391 0.024557 -0.263498 4 1.000000 0.407407 0.000000 0 0 0
-0.032273 0.025057 -0.263625 4 1.000000 0.407407 0.000000 0 0 0
-0.032401 0.025452 -0.263963 4 1.000000 0.407407 0.000000 0 0 0
-0.032112 0.025620 -0.263669 4 1.000000 0.407407 0.000000 0 0 0
-0.032666 0.025605 -0.264380 4 1.000000 0.407407 0.000000 0 0 0
-0.032320 0.025861 -0.264024 4 1.000000 0.407407 0.000000 0 0 0
-0.032503 0.026073 -0.264359 4 1.000000 0.407407 0.000000 0 0 0
-0.032027 0.026105 -0.263709 4 1.000000 0.407407 0.000000 0 0 0
-0.032240 0.026322 -0.264063 4 1.000000 0.407407 0.000000 0 0 0
-0.032450 0.026533 -0.264440 4 1.000000 0.407407 0.000000 0 0 0
-0.031997 0.026538 -0.263764 4 1.000000 0.407407 0.000000 0 0 0
-0.032174 0.026836 -0.264081 4 1.000000 0.407407 0.000000 0 0 0
-0.032435 0.027121 -0.264569 4 1.000000 0.407407 0.000000 0 0 0
-0.031851 0.027006 -0.263608 4 1.000000 0.407407 0.000000 0 0 0
-0.032104 0.027505 -0.264051 4 1.000000 0.407407 0.000000 0 0 0
-0.032381 0.027793 -0.264577 4 1.000000 0.407407 0.000000 0 0 0
-0.031799 0.027610 -0.263546 4 1.000000 0.407407 0.000000 0 0 0
-0.032174 0.028173 -0.264197 4 1.000000 0.407407 0.000000 0 0 0
-0.032398 0.028391 -0.264635 4 1.000000 0.407407 0.000000 0 0 0
-0.031953 0.028011 -0.263799 4 1.000000 0.407407 0.000000 0 0 0
-0.032250 0.028727 -0.264320 4 1.000000 0.407407 0.000000 0 0 0
-0.032426 0.028839 -0.264663 4 1.000000 0.407407 0.000000 0 0 0
-0.031989 0.028625 -0.263832 4 1.000000 0.407407 0.000000 0 0 0
-0.032361 0.029131 -0.264488 4 1.000000 0.407407 0.000000 0 0 0
-0.032189 0.029208 -0.264139 4 1.000000 0.407407 0.000000 0 0 0
-0.031956 0.029275 -0.263701 4 1.000000 0.407407 0.000000 0 0 0
-0.032432 0.029657 -0.264525 4 1.000000 0.407407 0.000000 0 0 0
-0.032170 0.029833 -0.264003 4 1.000000 0.407407 0.000000 0 0 0
-0.031941 0.029709 -0.263617 4 1.000000 0.407407 0.000000 0 0 0
-0.058296 0.036721 -0.293680 1 0.000000 0.300000 1.000000 0 0 0
-0.057939 0.036990 -0.293909 1 0.000000 0.300000 1.000000 0 0 0
-0.058242 0.037070 -0.293669 1 0.000000 0.300000 1.000000 0 0 0
-0.058017 0.036403 -0.293918 1 0.000000 0.300000 1.000000 0 0 0
-0.057724 0.036568 -0.294109 1 0.000000 0.300000 1.000000 0 0 0
-0.057606 0.036845 -0.294170 1 0.000000 0.300000 1.000000 0 0 0
-0.058230 0.037472 -0.293596 1 0.000000 0.300000 1.000000 0 0 0
-0.058067 0.038032 -0.293609 1 0.000000 0.300000 1.000000 0 0 0
-0.057808 0.037617 -0.293904 1 0.000000 0.300000 1.000000 0 0 0
-0.057552 0.037201 -0.294162 1 0.000000 0.300000 1.000000 0 0 0
-0.057382 0.037717 -0.294203 1 0.000000 0.300000 1.000000 0 0 0
-0.057653 0.038270 -0.293894 1 0.000000 0.300000 1.000000 0 0 0
-0.057989 0.038492 -0.293561 1 0.000000 0.300000 1.000000 0 0 0
-0.057375 0.038838 -0.293991 1 0.000000 0.300000 1.000000 0 0 0
-0.057766 0.038847 -0.293654 1 0.000000 0.300000 1.000000 0 0 0
-0.057157 0.038326 -0.294271 1 0.000000 0.300000 1.000000 0 0 0
-0.057088 0.038759 -0.294240 1 0.000000 0.300000 1.000000 0 0 0
-0.057330 0.039287 -0.293904 1 0.000000 0.300000 1.000000 0 0 0
-0.057572 0.039192 -0.293726 1 0.000000 0.300000 1.000000 0 0 0
-0.057497 0.039591 -0.293649 1 0.000000 0.300000 1.000000 0 0 0
-0.057157 0.039635 -0.293927 1 0.000000 0.300000 1.000000 0 0 0
-0.057020 0.039161 -0.294185 1 0.000000 0.300000 1.000000 0 0 0
-0.056800 0.039658 -0.294198 1 0.000000 0.300000 1.000000 0 0 0
-0.057306 0.040033 -0.293639 1 0.000000 0.300000 1.000000 0 0 0
-0.056948 0.040058 -0.293933 1 0.000000 0.300000 1.000000 0 0 0
-0.056640 0.040069 -0.294169 1 0.000000 0.300000 1.000000 0 0 0
-0.056673 0.040522 -0.293936 1 0.000000 0.300000 1.000000 0 0 0
-0.057072 0.040407 -0.293671 1 0.000000 0.300000 1.000000 0 0 0
-0.056355 0.040689 -0.294099 1 0.000000 0.300000 1.000000 0 0 0
-0.056321 0.040308 -0.294299 1 0.000000 0.300000 1.000000 0 0 0
-0.056998 0.040922 -0.293465 1 0.000000 0.300000 1.000000 0 0 0
-0.056798 0.041372 -0.293379 1 0.000000 0.300000 1.000000 0 0 0
-0.056323 0.041173 -0.293843 1 0.000000 0.300000 1.000000 0 0 0
-0.056526 0.041603 -0.293447 1 0.000000 0.300000 1.000000 0 0 0
-0.056073 0.040735 -0.294275 1 0.000000 0.300000 1.000000 0 0 0
-0.055986 0.041034 -0.294178 1 0.000000 0.300000 1.000000 0 0 0
-0.056230 0.041772 -0.293544 1 0.000000 0.300000 1.000000 0 0 0
-0.055793 0.041770 -0.293809 1 0.000000 0.300000 1.000000 0 0 0
-0.055730 0.041274 -0.294185 1 0.000000 0.300000 1.000000 0 0 0
-0.055334 0.041362 -0.294358 1 0.000000 0.300000 1.000000 0 0 0
-0.055424 0.041631 -0.294127 1 0.000000 0.300000 1.000000 0 0 0
-0.055991 0.042064 -0.293498 1 0.000000 0.300000 1.000000 0 0 0
-0.055649 0.042354 -0.293465 1 0.000000 0.300000 1.000000 0 0 0
-0.055162 0.042082 -0.293913 1 0.000000 0.300000 1.000000 0 0 0
-0.055066 0.041632 -0.294304 1 0.000000 0.300000 1.000000 0 0 0
-0.054631 0.042305 -0.293952 1 0.000000 0.300000 1.000000 0 0 0
-0.054638 0.041876 -0.294279 1 0.000000 0.300000 1.000000 0 0 0
-0.054197 0.042241 -0.294124 1 0.000000 0.300000 1.000000 0 0 0
-0.052088 0.042007 -0.294185 1 0.000000 0.300000 1.000000 0 0 0
-0.058629 0.038108 -0.293081 1 0.000000 0.300000 1.000000 0 0 0
-0.058384 0.037919 -0.293362 1 0.000000 0.300000 1.000000 0 0 0
-0.058324 0.038401 -0.293282 1 0.000000 0.300000 1.000000 0 0 0
-0.058609 0.038495 -0.292978 1 0.000000 0.300000 1.000000 0 0 0
-0.058119 0.038893 -0.293316 1 0.000000 0.300000 1.000000 0 0 0
-0.058460 0.038848 -0.292997 1 0.000000 0.300000 1.000000 0 0 0
-0.057865 0.039380 -0.293384 1 0.000000 0.300000 1.000000 0 0 0
-0.058295 0.039371 -0.292955 1 0.000000 0.300000 1.000000 0 0 0
-0.058054 0.039746 -0.293052 1 0.000000 0.300000 1.000000 0 0 0
-0.058286 0.039830 -0.292766 1 0.000000 0.300000 1.000000 0 0 0
-0.057722 0.039998 -0.293261 1 0.000000 0.300000 1.000000 0 0 0
-0.058077 0.040136 -0.292840 1 0.000000 0.300000 1.000000 0 0 0
-0.057815 0.040591 -0.292863 1 0.000000 0.300000 1.000000 0 0 0
-0.057398 0.040488 -0.293334 1 0.000000 0.300000 1.000000 0 0 0
-0.057435 0.040960 -0.293046 1 0.000000 0.300000 1.000000 0 0 0
-0.057196 0.041192 -0.293154 1 0.000000 0.300000 1.000000 0 0 0
-0.057028 0.041244 -0.293277 1 0.000000 0.300000 1.000000 0 0 0
-0.057089 0.041483 -0.293068 1 0.000000 0.300000 1.000000 0 0 0
-0.056780 0.041792 -0.293114 1 0.000000 0.300000 1.000000 0 0 0
-0.056466 0.041893 -0.293298 1 0.000000 0.300000 1.000000 0 0 0
-0.056245 0.042108 -0.293303 1 0.000000 0.300000 1.000000 0 0 0
-0.056524 0.042180 -0.293028 1 0.000000 0.300000 1.000000 0 0 0
-0.056012 0.042298 -0.293313 1 0.000000 0.300000 1.000000 0 0 0
-0.056446 0.029020 -0.291366 3 0.806452 1.000000 0.161290 0 0 0
-0.056167 0.029372 -0.291931 3 0.806452 1.000000 0.161290 0 0 0
-0.056622 0.029387 -0.291712 3 0.806452 1.000000 0.161290 0 0 0
-0.056026 0.029012 -0.291600 3 0.806452 1.000000 0.161290 0 0 0
-0.055709 0.029093 -0.291864 3 0.806452 1.000000 0.161290 0 0 0
-0.055743 0.028796 -0.291489 3 0.806452 1.000000 0.161290 0 0 0
-0.055421 0.028819 -0.291692 3 0.806452 1.000000 0.161290 0 0 0
-0.055269 0.029029 -0.292012 3 0.806452 1.000000 0.161290 0 0 0
-0.056605 0.029683 -0.292047 3 0.806452 1.000000 0.161290 0 0 0
-0.055014 0.028683 -0.291735 3 0.806452 1.000000 0.161290 0 0 0
-0.054893 0.028943 -0.292102 3 0.806452 1.000000 0.161290 0 0 0
-0.054555 0.028675 -0.291967 3 0.806452 1.000000 0.161290 0 0 0
-0.049434 0.027217 -0.291459 3 0.806452 1.000000 0.161290 0 0 0
-0.049755 0.027298 -0.291693 3 0.806452 1.000000 0.161290 0 0 0
-0.049825 0.027098 -0.291379 3 0.806452 1.000000 0.161290 0 0 0
-0.049309 0.027575 -0.291924 3 0.806452 1.000000 0.161290 0 0 0
-0.049813 0.027491 -0.291973 3 0.806452 1.000000 0.161290 0 0 0
-0.048991 0.027355 -0.291572 3 0.806452 1.000000 0.161290 0 0 0
-0.048702 0.027591 -0.291831 3 0.806452 1.000000 0.161290 0 0 0
-0.048461 0.027314 -0.291440 3 0.806452 1.000000 0.161290 0 0 0
-0.048241 0.027589 -0.291771 3 0.806452 1.000000 0.161290 0 0 0
-0.047865 0.027437 -0.291565 3 0.806452 1.000000 0.161290 0 0 0
-0.047898 0.027136 -0.291174 3 0.806452 1.000000 0.161290 0 0 0
-0.047273 0.027288 -0.291376 3 0.806452 1.000000 0.161290 0 0 0
-0.047454 0.027572 -0.291705 3 0.806452 1.000000 0.161290 0 0 0
-0.048846 0.027853 -0.292149 3 0.806452 1.000000 0.161290 0 0 0
-0.048314 0.027880 -0.292101 3 0.806452 1.000000 0.161290 0 0 0
-0.047821 0.027730 -0.291894 3 0.806452 1.000000 0.161290 0 0 0
-0.047313 0.027823 -0.291959 3 0.806452 1.000000 0.161290 0 0 0
-0.046962 0.027591 -0.291706 3 0.806452 1.000000 0.161290 0 0 0
-0.046597 0.027341 -0.291436 3 0.806452 1.000000 0.161290 0 0 0
-0.046325 0.027661 -0.291743 3 0.806452 1.000000 0.161290 0 0 0
-0.046105 0.027391 -0.291474 3 0.806452 1.000000 0.161290 0 0 0
-0.045753 0.027580 -0.291618 3 0.806452 1.000000 0.161290 0 0 0
-0.045815 0.027875 -0.291887 3 0.806452 1.000000 0.161290 0 0 0
-0.045347 0.027814 -0.291755 3 0.806452 1.000000 0.161290 0 0 0
-0.045257 0.027513 -0.291476 3 0.806452 1.000000 0.161290 0 0 0
-0.046782 0.027891 -0.291991 3 0.806452 1.000000 0.161290 0 0 0
-0.046261 0.028016 -0.292060 3 0.806452 1.000000 0.161290 0 0 0
-0.045783 0.028185 -0.292136 3 0.806452 1.000000 0.161290 0 0 0
-0.045445 0.028063 -0.291980 3 0.806452 1.000000 0.161290 0 0 0
-0.044798 0.027830 -0.291614 4 1.000000 0.407407 0.000000 0 0 0
-0.044786 0.027438 -0.291305 4 1.000000 0.407407 0.000000 0 0 0
-0.044410 0.027677 -0.291367 4 1.000000 0.407407 0.000000 0 0 0
-0.044367 0.027369 -0.291119 4 1.000000 0.407407 0.000000 0 0 0
-0.044000 0.027674 -0.291187 4 1.000000 0.407407 0.000000 0 0 0
-0.045058 0.028097 -0.291911 3 0.806452 1.000000 0.161290 0 0 0
-0.044151 0.028120 -0.291557 4 1.000000 0.407407 0.000000 0 0 0
-0.044645 0.028226 -0.291860 4 1.000000 0.407407 0.000000 0 0 0
-0.044318 0.028484 -0.291880 4 1.000000 0.407407 0.000000 0 0 0
-0.043614 0.028041 -0.291232 4 1.000000 0.407407 0.000000 0 0 0
-0.043643 0.028395 -0.291462 4 1.000000 0.407407 0.000000 0 0 0
-0.043271 0.028403 -0.291236 4 1.000000 0.407407 0.000000 0 0 0
-0.043364 0.028740 -0.291462 4 1.000000 0.407407 0.000000 0 0 0
-0.043867 0.028706 -0.291751 4 1.000000 0.407407 0.000000 0 0 0
-0.043623 0.033942 -0.291447 5 0.500000 0.000000 0.000000 0 0 0
-0.043478 0.033585 -0.291461 5 0.500000 0.000000 0.000000 0 0 0
-0.043388 0.034000 -0.291199 5 0.500000 0.000000 0.000000 0 0 0
-0.043080 0.033616 -0.291074 5 0.500000 0.000000 0.000000 0 0 0
-0.043736 0.034224 -0.291424 5 0.500000 0.000000 0.000000 0 0 0
-0.043538 0.034388 -0.291158 5 0.500000 0.000000 0.000000 0 0 0
-0.043016 0.033962 -0.290855 5 0.500000 0.000000 0.000000 0 0 0
-0.043255 0.034279 -0.290937 5 0.500000 0.000000 0.000000 0 0 0
-0.044074 0.035104 -0.291326 5 0.500000 0.000000 0.000000 0 0 0
-0.043924 0.034709 -0.291369 5 0.500000 0.000000 0.000000 0 0 0
-0.043800 0.035139 -0.291038 5 0.500000 0.000000 0.000000 0 0 0
-0.044177 0.035454 -0.291254 5 0.500000 0.000000 0.000000 0 0 0
-0.043894 0.035463 -0.290965 5 0.500000 0.000000 0.000000 0 0 0
-0.043382 0.034729 -0.290830 5 0.500000 0.000000 0.000000 0 0 0
-0.043511 0.035107 -0.290765 5 0.500000 0.000000 0.000000 0 0 0
-0.043609 0.035419 -0.290696 5 0.500000 0.000000 0.000000 0 0 0
-0.042777 0.033635 -0.290767 5 0.500000 0.000000 0.000000 0 0 0
-0.044712 0.036307 -0.291387 5 0.500000 0.000000 0.000000 0 0 0
-0.044530 0.035978 -0.291354 5 0.500000 0.000000 0.000000 0 0 0
-0.044563 0.036343 -0.291211 5 0.500000 0.000000 0.000000 0 0 0
-0.043971 0.035849 -0.290837 5 0.500000 0.000000 0.000000 0 0 0
-0.044300 0.036274 -0.290964 5 0.500000 0.000000 0.000000 0 0 0
-0.044769 0.036608 -0.291301 5 0.500000 0.000000 0.000000 0 0 0
-0.044485 0.036562 -0.291017 5 0.500000 0.000000 0.000000 0 0 0
-0.044231 0.036609 -0.290712 5 0.500000 0.000000 0.000000 0 0 0
-0.044550 0.036992 -0.290869 5 0.500000 0.000000 0.000000 0 0 0
-0.044968 0.037010 -0.291326 5 0.500000 0.000000 0.000000 0 0 0
-0.044913 0.037384 -0.291086 5 0.500000 0.000000 0.000000 0 0 0
-0.044862 0.037816 -0.290816 5 0.500000 0.000000 0.000000 0 0 0
-0.045481 0.038102 -0.291389 5 0.500000 0.000000 0.000000 0 0 0
-0.045152 0.038075 -0.291028 5 0.500000 0.000000 0.000000 0 0 0
-0.046120 0.039064 -0.291645 5 0.500000 0.000000 0.000000 0 0 0
-0.045790 0.038610 -0.291495 5 0.500000 0.000000 0.000000 0 0 0
-0.045835 0.039101 -0.291317 5 0.500000 0.000000 0.000000 0 0 0
-0.045276 0.038517 -0.290955 5 0.500000 0.000000 0.000000 0 0 0
-0.045532 0.039020 -0.291009 5 0.500000 0.000000 0.000000 0 0 0
-0.046494 0.040131 -0.291510 5 0.500000 0.000000 0.000000 0 0 0
-0.046250 0.039815 -0.291418 5 0.500000 0.000000 0.000000 0 0 0
-0.046197 0.040214 -0.291159 5 0.500000 0.000000 0.000000 0 0 0
-0.046020 0.039440 -0.291358 5 0.500000 0.000000 0.000000 0 0 0
-0.045733 0.039377 -0.291068 5 0.500000 0.000000 0.000000 0 0 0
-0.045437 0.039490 -0.290664 5 0.500000 0.000000 0.000000 0 0 0
-0.045863 0.039844 -0.290980 5 0.500000 0.000000 0.000000 0 0 0
-0.045967 0.040178 -0.290931 5 0.500000 0.000000 0.000000 0 0 0
-0.047731 0.042536 -0.291325 0 0.000000 0.000000 0.500000 0 0 0
-0.047490 0.042171 -0.291322 0 0.000000 0.000000 0.500000 0 0 0
-0.046556 0.040538 -0.291358 5 0.500000 0.000000 0.000000 0 0 0
-0.046267 0.040531 -0.291067 5 0.500000 0.000000 0.000000 0 0 0
-0.046322 0.040906 -0.290912 5 0.500000 0.000000 0.000000 0 0 0
-0.046778 0.040996 -0.291334 5 0.500000 0.000000 0.000000 0 0 0
-0.046657 0.041321 -0.291029 5 0.500000 0.000000 0.000000 0 0 0
-0.046016 0.040466 -0.290827 5 0.500000 0.000000 0.000000 0 0 0
-0.047154 0.041794 -0.291240 0 0.000000 0.000000 0.500000 0 0 0
-0.047058 0.041406 -0.291377 0 0.000000 0.000000 0.500000 0 0 0
-0.046865 0.041644 -0.291050 5 0.500000 0.000000 0.000000 0 0 0
-0.046571 0.041650 -0.290739 5 0.500000 0.000000 0.000000 0 0 0
-0.046915 0.042058 -0.290837 5 0.500000 0.000000 0.000000 0 0 0
-0.044961 0.038223 -0.290731 5 0.500000 0.000000 0.000000 0 0 0
-0.058042 0.042584 -0.290994 1 0.000000 0.300000 1.000000 0 0 0
-0.057810 0.043009 -0.290882 1 0.000000 0.300000 1.000000 0 0 0
-0.057788 0.042635 -0.291307 1 0.000000 0.300000 1.000000 0 0 0
-0.057704 0.043414 -0.290602 1 0.000000 0.300000 1.000000 0 0 0
-0.057456 0.043398 -0.290939 1 0.000000 0.300000 1.000000 0 0 0
-0.057485 0.042980 -0.291341 1 0.000000 0.300000 1.000000 0 0 0
-0.061125 0.030901 -0.290246 2 0.161290 1.000000 0.806452 0 0 0
-0.060874 0.031025 -0.290646 2 0.161290 1.000000 0.806452 0 0 0
-0.061309 0.031221 -0.290388 2 0.161290 1.000000 0.806452 0 0 0
-0.059581 0.029679 -0.290126 2 0.161290 1.000000 0.806452 0 0 0
-0.059608 0.029923 -0.290467 2 0.161290 1.000000 0.806452 0 0 0
-0.059922 0.029943 -0.290203 2 0.161290 1.000000 0.806452 0 0 0
-0.058852 0.029352 -0.290227 2 0.161290 1.000000 0.806452 0 0 0
-0.059217 0.029719 -0.290492 2 0.161290 1.000000 0.806452 0 0 0
-0.059441 0.030027 -0.290747 2 0.161290 1.000000 0.806452 0 0 0
-0.059078 0.030009 -0.290992 2 0.161290 1.000000 0.806452 0 0 0
-0.060378 0.030248 -0.290170 2 0.161290 1.000000 0.806452 0 0 0
-0.060397 0.030653 -0.290695 2 0.161290 1.000000 0.806452 0 0 0
-0.060808 0.030639 -0.290257 2 0.161290 1.000000 0.806452 0 0 0
-0.059863 0.030302 -0.290742 2 0.161290 1.000000 0.806452 0 0 0
-0.060102 0.030586 -0.290906 2 0.161290 1.000000 0.806452 0 0 0
-0.060519 0.031040 -0.291032 2 0.161290 1.000000 0.806452 0 0 0
-0.060201 0.030801 -0.291068 2 0.161290 1.000000 0.806452 0 0 0
-0.059425 0.030232 -0.291018 2 0.161290 1.000000 0.806452 0 0 0
-0.061994 0.031853 -0.290166 2 0.161290 1.000000 0.806452 0 0 0
-0.062002 0.032149 -0.290373 2 0.161290 1.000000 0.806452 0 0 0
-0.062203 0.032255 -0.290170 2 0.161290 1.000000 0.806452 0 0 0
-0.061630 0.031332 -0.290146 2 0.161290 1.000000 0.806452 0 0 0
-0.061595 0.031627 -0.290450 2 0.161290 1.000000 0.806452 0 0 0
-0.061828 0.031541 -0.290122 2 0.161290 1.000000 0.806452 0 0 0
-0.061109 0.031519 -0.290869 2 0.161290 1.000000 0.806452 0 0 0
-0.060805 0.031265 -0.290979 2 0.161290 1.000000 0.806452 0 0 0
-0.061778 0.032057 -0.290563 2 0.161290 1.000000 0.806452 0 0 0
-0.061446 0.031923 -0.290823 2 0.161290 1.000000 0.806452 0 0 0
-0.062315 0.032643 -0.290224 2 0.161290 1.000000 0.806452 0 0 0
-0.061986 0.032464 -0.290545 2 0.161290 1.000000 0.806452 0 0 0
-0.062159 0.032954 -0.290517 2 0.161290 1.000000 0.806452 0 0 0
-0.062492 0.033046 -0.290111 2 0.161290 1.000000 0.806452 0 0 0
-0.062504 0.033375 -0.290172 2 0.161290 1.000000 0.806452 0 0 0
-0.062604 0.033311 -0.290012 2 0.161290 1.000000 0.806452 0 0 0
-0.062311 0.033355 -0.290414 2 0.161290 1.000000 0.806452 0 0 0
-0.062435 0.033617 -0.290257 2 0.161290 1.000000 0.806452 0 0 0
-0.062604 0.033563 -0.289998 2 0.161290 1.000000 0.806452 0 0 0
-0.062206 0.033780 -0.290535 2 0.161290 1.000000 0.806452 0 0 0
-0.062484 0.034023 -0.290089 2 0.161290 1.000000 0.806452 0 0 0
-0.062372 0.034372 -0.290181 2 0.161290 1.000000 0.806452 0 0 0
-0.062210 0.034273 -0.290434 2 0.161290 1.000000 0.806452 0 0 0
-0.062262 0.034736 -0.290188 1 0.000000 0.300000 1.000000 0 0 0
-0.061917 0.034643 -0.290709 1 0.000000 0.300000 1.000000 0 0 0
-0.062007 0.035041 -0.290441 1 0.000000 0.300000 1.000000 0 0 0
-0.061901 0.035412 -0.290409 1 0.000000 0.300000 1.000000 0 0 0
-0.062147 0.035241 -0.290111 1 0.000000 0.300000 1.000000 0 0 0
-0.061762 0.035158 -0.290731 1 0.000000 0.300000 1.000000 0 0 0
-0.061681 0.035532 -0.290666 1 0.000000 0.300000 1.000000 0 0 0
-0.062015 0.035643 -0.290066 1 0.000000 0.300000 1.000000 0 0 0
-0.061743 0.035831 -0.290381 1 0.000000 0.300000 1.000000 0 0 0
-0.061502 0.035826 -0.290747 1 0.000000 0.300000 1.000000 0 0 0
-0.061537 0.036087 -0.290532 1 0.000000 0.300000 1.000000 0 0 0
-0.061359 0.036148 -0.290749 1 0.000000 0.300000 1.000000 0 0 0
-0.061414 0.036347 -0.290523 1 0.000000 0.300000 1.000000 0 0 0
-0.061628 0.036260 -0.290231 1 0.000000 0.300000 1.000000 0 0 0
-0.061114 0.036542 -0.290819 1 0.000000 0.300000 1.000000 0 0 0
-0.061394 0.036673 -0.290262 1 0.000000 0.300000 1.000000 0 0 0
-0.061031 0.037219 -0.290424 1 0.000000 0.300000 1.000000 0 0 0
-0.060817 0.037035 -0.290940 1 0.000000 0.300000 1.000000 0 0 0
-0.060752 0.037387 -0.290793 1 0.000000 0.300000 1.000000 0 0 0
-0.060765 0.037602 -0.290594 1 0.000000 0.300000 1.000000 0 0 0
-0.060851 0.037760 -0.290280 1 0.000000 0.300000 1.000000 0 0 0
-0.060647 0.037893 -0.290555 1 0.000000 0.300000 1.000000 0 0 0
-0.061113 0.037653 -0.289831 1 0.000000 0.300000 1.000000 0 0 0
-0.060851 0.038040 -0.289988 1 0.000000 0.300000 1.000000 0 0 0
-0.060697 0.038346 -0.289997 1 0.000000 0.300000 1.000000 0 0 0
-0.060660 0.038137 -0.290298 1 0.000000 0.300000 1.000000 0 0 0
-0.060586 0.038692 -0.289868 1 0.000000 0.300000 1.000000 0 0 0
-0.060457 0.038555 -0.290297 1 0.000000 0.300000 1.000000 0 0 0
-0.060373 0.038900 -0.290133 1 0.000000 0.300000 1.000000 0 0 0
-0.060280 0.038864 -0.290366 1 0.000000 0.300000 1.000000 0 0 0
-0.060400 0.039104 -0.289849 1 0.000000 0.300000 1.000000 0 0 0
-0.060253 0.039404 -0.289871 1 0.000000 0.300000 1.000000 0 0 0
-0.060125 0.039272 -0.290290 1 0.000000 0.300000 1.000000 0 0 0
-0.060090 0.039829 -0.289805 1 0.000000 0.300000 1.000000 0 0 0
-0.059866 0.039804 -0.290341 1 0.000000 0.300000 1.000000 0 0 0
-0.059877 0.040016 -0.290116 1 0.000000 0.300000 1.000000 0 0 0
-0.059723 0.040141 -0.290329 1 0.000000 0.300000 1.000000 0 0 0
-0.059817 0.040279 -0.289984 1 0.000000 0.300000 1.000000 0 0 0
-0.059958 0.040337 -0.289588 1 0.000000 0.300000 1.000000 0 0 0
-0.059738 0.040719 -0.289705 1 0.000000 0.300000 1.000000 0 0 0
-0.059495 0.040616 -0.290349 1 0.000000 0.300000 1.000000 0 0 0
-0.059436 0.041240 -0.289850 1 0.000000 0.300000 1.000000 0 0 0
-0.059341 0.041048 -0.290264 1 0.000000 0.300000 1.000000 0 0 0
-0.059335 0.041638 -0.289658 1 0.000000 0.300000 1.000000 0 0 0
-0.059177 0.041686 -0.289944 1 0.000000 0.300000 1.000000 0 0 0
-0.059176 0.041330 -0.290313 1 0.000000 0.300000 1.000000 0 0 0
-0.058907 0.041773 -0.290391 1 0.000000 0.300000 1.000000 0 0 0
-0.059231 0.041892 -0.289598 1 0.000000 0.300000 1.000000 0 0 0
-0.058942 0.042214 -0.289837 1 0.000000 0.300000 1.000000 0 0 0
-0.058810 0.042103 -0.290237 1 0.000000 0.300000 1.000000 0 0 0
-0.058078 0.028575 -0.289489 3 0.806452 1.000000 0.161290 0 0 0
-0.057986 0.028799 -0.290000 3 0.806452 1.000000 0.161290 0 0 0
-0.058428 0.028845 -0.289710 3 0.806452 1.000000 0.161290 0 0 0
-0.057475 0.028456 -0.289784 3 0.806452 1.000000 0.161290 0 0 0
-0.057358 0.028624 -0.290207 3 0.806452 1.000000 0.161290 0 0 0
-0.056728 0.028056 -0.289581 3 0.806452 1.000000 0.161290 0 0 0
-0.056897 0.028255 -0.289875 3 0.806452 1.000000 0.161290 0 0 0
-0.057072 0.028138 -0.289470 3 0.806452 1.000000 0.161290 0 0 0
-0.056448 0.028082 -0.289850 3 0.806452 1.000000 0.161290 0 0 0
-0.056561 0.028327 -0.290261 3 0.806452 1.000000 0.161290 0 0 0
-0.056063 0.028125 -0.290222 3 0.806452 1.000000 0.161290 0 0 0
-0.057044 0.028541 -0.290290 3 0.806452 1.000000 0.161290 0 0 0
-0.055633 0.027793 -0.289699 3 0.806452 1.000000 0.161290 0 0 0
-0.055655 0.027909 -0.290023 3 0.806452 1.000000 0.161290 0 0 0
-0.056004 0.027911 -0.289751 3 0.806452 1.000000 0.161290 0 0 0
-0.055374 0.027781 -0.289864 3 0.806452 1.000000 0.161290 0 0 0
-0.055268 0.027862 -0.290172 3 0.806452 1.000000 0.161290 0 0 0
-0.054982 0.027710 -0.289890 3 0.806452 1.000000 0.161290 0 0 0
-0.055541 0.028059 -0.290443 3 0.806452 1.000000 0.161290 0 0 0
-0.055201 0.027945 -0.290428 3 0.806452 1.000000 0.161290 0 0 0
-0.054819 0.027842 -0.290399 3 0.806452 1.000000 0.161290 0 0 0
-0.054606 0.027661 -0.290019 3 0.806452 1.000000 0.161290 0 0 0
-0.054379 0.027685 -0.290285 3 0.806452 1.000000 0.161290 0 0 0
-0.054297 0.027593 -0.290031 3 0.806452 1.000000 0.161290 0 0 0
-0.051612 0.026763 -0.289918 3 0.806452 1.000000 0.161290 0 0 0
-0.051832 0.026820 -0.290103 3 0.806452 1.000000 0.161290 0 0 0
-0.052045 0.026884 -0.289724 3 0.806452 1.000000 0.161290 0 0 0
-0.051636 0.026772 -0.290179 3 0.806452 1.000000 0.161290 0 0 0
-0.051339 0.026754 -0.290300 3 0.806452 1.000000 0.161290 0 0 0
-0.051204 0.026695 -0.289753 3 0.806452 1.000000 0.161290 0 0 0
-0.050885 0.026684 -0.290113 3 0.806452 1.000000 0.161290 0 0 0
-0.050899 0.026749 -0.290509 3 0.806452 1.000000 0.161290 0 0 0
-0.050594 0.026656 -0.290024 3 0.806452 1.000000 0.161290 0 0 0
-0.053770 0.027430 -0.289801 3 0.806452 1.000000 0.161290 0 0 0
-0.053937 0.027571 -0.290271 3 0.806452 1.000000 0.161290 0 0 0
-0.054117 0.027518 -0.289846 3 0.806452 1.000000 0.161290 0 0 0
-0.053477 0.027411 -0.290141 3 0.806452 1.000000 0.161290 0 0 0
-0.053317 0.027299 -0.289740 3 0.806452 1.000000 0.161290 0 0 0
-0.052969 0.027262 -0.290206 3 0.806452 1.000000 0.161290 0 0 0
-0.052433 0.027004 -0.289617 3 0.806452 1.000000 0.161290 0 0 0
-0.052480 0.027048 -0.289988 3 0.806452 1.000000 0.161290 0 0 0
-0.052814 0.027133 -0.289589 3 0.806452 1.000000 0.161290 0 0 0
-0.052106 0.026944 -0.290299 3 0.806452 1.000000 0.161290 0 0 0
-0.052500 0.027132 -0.290482 3 0.806452 1.000000 0.161290 0 0 0
-0.061154 0.038230 -0.289020 1 0.000000 0.300000 1.000000 0 0 0
-0.060913 0.038295 -0.289545 1 0.000000 0.300000 1.000000 0 0 0
-0.060951 0.038639 -0.289007 1 0.000000 0.300000 1.000000 0 0 0
-0.060659 0.038940 -0.289396 1 0.000000 0.300000 1.000000 0 0 0
-0.060564 0.039368 -0.289120 1 0.000000 0.300000 1.000000 0 0 0
-0.060389 0.039403 -0.289540 1 0.000000 0.300000 1.000000 0 0 0
-0.060354 0.039769 -0.289201 1 0.000000 0.300000 1.000000 0 0 0
-0.060142 0.040164 -0.289309 1 0.000000 0.300000 1.000000 0 0 0
-0.059984 0.040688 -0.289128 1 0.000000 0.300000 1.000000 0 0 0
-0.059850 0.041090 -0.289029 1 0.000000 0.300000 1.000000 0 0 0
-0.059710 0.041140 -0.289320 1 0.000000 0.300000 1.000000 0 0 0
-0.059748 0.041372 -0.288963 1 0.000000 0.300000 1.000000 0 0 0
-0.059472 0.041717 -0.289230 1 0.000000 0.300000 1.000000 0 0 0
-0.059361 0.042121 -0.289011 1 0.000000 0.300000 1.000000 0 0 0
-0.059203 0.042182 -0.289309 1 0.000000 0.300000 1.000000 0 0 0
-0.056631 0.027852 -0.289050 3 0.806452 1.000000 0.161290 0 0 0
-0.056792 0.027971 -0.289299 3 0.806452 1.000000 0.161290 0 0 0
-0.057097 0.027976 -0.288981 3 0.806452 1.000000 0.161290 0 0 0
-0.056383 0.027894 -0.289401 3 0.806452 1.000000 0.161290 0 0 0
-0.056220 0.027735 -0.288955 3 0.806452 1.000000 0.161290 0 0 0
-0.057477 0.028115 -0.289011 3 0.806452 1.000000 0.161290 0 0 0
-0.057391 0.028184 -0.289279 3 0.806452 1.000000 0.161290 0 0 0
-0.057792 0.028292 -0.289131 3 0.806452 1.000000 0.161290 0 0 0
-0.058769 0.028917 -0.289538 3 0.806452 1.000000 0.161290 0 0 0
-0.058164 0.028461 -0.289159 3 0.806452 1.000000 0.161290 0 0 0
-0.055793 0.027737 -0.289317 3 0.806452 1.000000 0.161290 0 0 0
-0.055303 0.027690 -0.289551 3 0.806452 1.000000 0.161290 0 0 0
-0.054771 0.027582 -0.289475 3 0.806452 1.000000 0.161290 0 0 0
-0.054702 0.027622 -0.289779 3 0.806452 1.000000 0.161290 0 0 0
-0.054440 0.027566 -0.289752 3 0.806452 1.000000 0.161290 0 0 0
-0.054142 0.027455 -0.289390 3 0.806452 1.000000 0.161290 0 0 0
-0.051580 0.026759 -0.289456 3 0.806452 1.000000 0.161290 0 0 0
-0.051905 0.026842 -0.289248 3 0.806452 1.000000 0.161290 0 0 0
-0.051272 0.026698 -0.289399 3 0.806452 1.000000 0.161290 0 0 0
-0.050961 0.026659 -0.289357 3 0.806452 1.000000 0.161290 0 0 0
-0.050739 0.026647 -0.289752 3 0.806452 1.000000 0.161290 0 0 0
-0.053632 0.027348 -0.289433 3 0.806452 1.000000 0.161290 0 0 0
-0.053246 0.027238 -0.289280 3 0.806452 1.000000 0.161290 0 0 0
-0.052388 0.026984 -0.289172 3 0.806452 1.000000 0.161290 0 0 0
-0.052871 0.027127 -0.289133 3 0.806452 1.000000 0.161290 0 0 0
-0.050531 0.026618 -0.289405 3 0.806452 1.000000 0.161290 0 0 0
-0.040727 0.029146 -0.289155 4 1.000000 0.407407 0.000000 0 0 0
-0.041027 0.028743 -0.289352 4 1.000000 0.407407 0.000000 0 0 0
-0.040748 0.028597 -0.289005 4 1.000000 0.407407 0.000000 0 0 0
-0.040812 0.031603 -0.289294 4 1.000000 0.407407 0.000000 0 0 0
-0.040648 0.031203 -0.289173 4 1.000000 0.407407 0.000000 0 0 0
-0.040617 0.031727 -0.289046 4 1.000000 0.407407 0.000000 0 0 0
-0.040979 0.032032 -0.289386 5 0.500000 0.000000 0.000000 0 0 0
-0.040613 0.032232 -0.288922 5 0.500000 0.000000 0.000000 0 0 0
-0.040913 0.032618 -0.289148 5 0.500000 0.000000 0.000000 0 0 0
-0.040609 0.032727 -0.288777 5 0.500000 0.000000 0.000000 0 0 0
-0.040876 0.033122 -0.288937 5 0.500000 0.000000 0.000000 0 0 0
-0.040619 0.033026 -0.288691 5 0.500000 0.000000 0.000000 0 0 0
-0.041528 0.033926 -0.289323 5 0.500000 0.000000 0.000000 0 0 0
-0.041292 0.033482 -0.289256 5 0.500000 0.000000 0.000000 0 0 0
-0.041253 0.033886 -0.289041 5 0.500000 0.000000 0.000000 0 0 0
-0.040607 0.033298 -0.288577 5 0.500000 0.000000 0.000000 0 0 0
-0.040928 0.033673 -0.288776 5 0.500000 0.000000 0.000000 0 0 0
-0.041412 0.034228 -0.289048 5 0.500000 0.000000 0.000000 0 0 0
-0.041110 0.034093 -0.288786 5 0.500000 0.000000 0.000000 0 0 0
-0.040801 0.034090 -0.288450 5 0.500000 0.000000 0.000000 0 0 0
-0.042025 0.035013 -0.289270 5 0.500000 0.000000 0.000000 0 0 0
-0.041737 0.034650 -0.289170 5 0.500000 0.000000 0.000000 0 0 0
-0.041801 0.035051 -0.289011 5 0.500000 0.000000 0.000000 0 0 0
-0.042022 0.035337 -0.289071 5 0.500000 0.000000 0.000000 0 0 0
-0.041708 0.035264 -0.288782 5 0.500000 0.000000 0.000000 0 0 0
-0.041158 0.034553 -0.288601 5 0.500000 0.000000 0.000000 0 0 0
-0.041510 0.034977 -0.288742 5 0.500000 0.000000 0.000000 0 0 0
-0.041446 0.035291 -0.288487 5 0.500000 0.000000 0.000000 0 0 0
-0.043153 0.036745 -0.289409 5 0.500000 0.000000 0.000000 0 0 0
-0.042919 0.036419 -0.289351 5 0.500000 0.000000 0.000000 0 0 0
-0.042937 0.036782 -0.289139 5 0.500000 0.000000 0.000000 0 0 0
-0.043149 0.037096 -0.289186 5 0.500000 0.000000 0.000000 0 0 0
-0.042835 0.037004 -0.288879 5 0.500000 0.000000 0.000000 0 0 0
-0.043734 0.037997 -0.289352 5 0.500000 0.000000 0.000000 0 0 0
-0.043420 0.037571 -0.289219 5 0.500000 0.000000 0.000000 0 0 0
-0.043479 0.038035 -0.289011 5 0.500000 0.000000 0.000000 0 0 0
-0.042884 0.037465 -0.288639 5 0.500000 0.000000 0.000000 0 0 0
-0.043200 0.037937 -0.288722 5 0.500000 0.000000 0.000000 0 0 0
-0.042520 0.036227 -0.289033 5 0.500000 0.000000 0.000000 0 0 0
-0.042317 0.035765 -0.289114 5 0.500000 0.000000 0.000000 0 0 0
-0.042277 0.036108 -0.288846 5 0.500000 0.000000 0.000000 0 0 0
-0.041754 0.035646 -0.288588 5 0.500000 0.000000 0.000000 0 0 0
-0.042024 0.036043 -0.288614 5 0.500000 0.000000 0.000000 0 0 0
-0.042244 0.036398 -0.288616 5 0.500000 0.000000 0.000000 0 0 0
-0.042628 0.036657 -0.288870 5 0.500000 0.000000 0.000000 0 0 0
-0.042571 0.037030 -0.288558 5 0.500000 0.000000 0.000000 0 0 0
-0.045509 0.041899 -0.289280 5 0.500000 0.000000 0.000000 0 0 0
-0.045239 0.041589 -0.289143 5 0.500000 0.000000 0.000000 0 0 0
-0.045277 0.041935 -0.288927 5 0.500000 0.000000 0.000000 0 0 0
-0.045218 0.042113 -0.288684 5 0.500000 0.000000 0.000000 0 0 0
-0.044107 0.039015 -0.289243 5 0.500000 0.000000 0.000000 0 0 0
-0.043949 0.038768 -0.289179 5 0.500000 0.000000 0.000000 0 0 0
-0.043948 0.039128 -0.288965 5 0.500000 0.000000 0.000000 0 0 0
-0.043662 0.038417 -0.289014 5 0.500000 0.000000 0.000000 0 0 0
-0.043376 0.038268 -0.288737 5 0.500000 0.000000 0.000000 0 0 0
-0.043124 0.038343 -0.288363 5 0.500000 0.000000 0.000000 0 0 0
-0.043413 0.038621 -0.288562 5 0.500000 0.000000 0.000000 0 0 0
-0.043693 0.038878 -0.288774 5 0.500000 0.000000 0.000000 0 0 0
-0.044242 0.039357 -0.289223 5 0.500000 0.000000 0.000000 0 0 0
-0.043989 0.039399 -0.288856 5 0.500000 0.000000 0.000000 0 0 0
-0.044056 0.039750 -0.288728 5 0.500000 0.000000 0.000000 0 0 0
-0.044380 0.039859 -0.289116 5 0.500000 0.000000 0.000000 0 0 0
-0.044270 0.040125 -0.288794 5 0.500000 0.000000 0.000000 0 0 0
-0.049694 0.026375 -0.288333 3 0.806452 1.000000 0.161290 0 0 0
-0.049316 0.026287 -0.288596 3 0.806452 1.000000 0.161290 0 0 0
-0.049571 0.026420 -0.288922 3 0.806452 1.000000 0.161290 0 0 0
-0.044698 0.025325 -0.287904 3 0.806452 1.000000 0.161290 0 0 0
-0.045053 0.025387 -0.288426 3 0.806452 1.000000 0.161290 0 0 0
-0.045416 0.025358 -0.287967 3 0.806452 1.000000 0.161290 0 0 0
-0.044496 0.025401 -0.288487 3 0.806452 1.000000 0.161290 0 0 0
-0.044072 0.025379 -0.288163 4 1.000000 0.407407 0.000000 0 0 0
-0.044056 0.025469 -0.288624 4 1.000000 0.407407 0.000000 0 0 0
-0.043714 0.025481 -0.288423 4 1.000000 0.407407 0.000000 0 0 0
-0.043481 0.025425 -0.287960 4 1.000000 0.407407 0.000000 0 0 0
-0.043288 0.025650 -0.288543 4 1.000000 0.407407 0.000000 0 0 0
-0.042912 0.025573 -0.288068 4 1.000000 0.407407 0.000000 0 0 0
-0.042981 0.025424 -0.287656 4 1.000000 0.407407 0.000000 0 0 0
-0.042662 0.025854 -0.288474 4 1.000000 0.407407 0.000000 0 0 0
-0.042709 0.025520 -0.287806 4 1.000000 0.407407 0.000000 0 0 0
-0.042397 0.025675 -0.287897 4 1.000000 0.407407 0.000000 0 0 0
-0.042239 0.025921 -0.288265 4 1.000000 0.407407 0.000000 0 0 0
-0.041941 0.025931 -0.287998 4 1.000000 0.407407 0.000000 0 0 0
-0.042036 0.026040 -0.288297 4 1.000000 0.407407 0.000000 0 0 0
-0.041800 0.026182 -0.288276 4 1.000000 0.407407 0.000000 0 0 0
-0.041688 0.026085 -0.288027 4 1.000000 0.407407 0.000000 0 0 0
-0.041462 0.026258 -0.288038 4 1.000000 0.407407 0.000000 0 0 0
-0.041539 0.026416 -0.288316 4 1.000000 0.407407 0.000000 0 0 0
-0.041359 0.026474 -0.288203 4 1.000000 0.407407 0.000000 0 0 0
-0.041143 0.026494 -0.287983 4 1.000000 0.407407 0.000000 0 0 0
-0.041313 0.026757 -0.288427 4 1.000000 0.407407 0.000000 0 0 0
-0.040726 0.026849 -0.287898 4 1.000000 0.407407 0.000000 0 0 0
-0.040896 0.027125 -0.288336 4 1.000000 0.407407 0.000000 0 0 0
-0.040612 0.027221 -0.288116 4 1.000000 0.407407 0.000000 0 0 0
-0.040707 0.027400 -0.288350 4 1.000000 0.407407 0.000000 0 0 0
-0.040915 0.027381 -0.288551 4 1.000000 0.407407 0.000000 0 0 0
-0.040721 0.027769 -0.288581 4 1.000000 0.407407 0.000000 0 0 0
-0.040557 0.033690 -0.288366 5 0.500000 0.000000 0.000000 0 0 0
-0.040479 0.034013 -0.288141 5 0.500000 0.000000 0.000000 0 0 0
-0.041204 0.035028 -0.288388 5 0.500000 0.000000 0.000000 0 0 0
-0.040572 0.034470 -0.288019 5 0.500000 0.000000 0.000000 0 0 0
-0.040917 0.034842 -0.288188 5 0.500000 0.000000 0.000000 0 0 0
-0.041223 0.035268 -0.288266 5 0.500000 0.000000 0.000000 0 0 0
-0.040970 0.035200 -0.288038 5 0.500000 0.000000 0.000000 0 0 0
-0.042912 0.037962 -0.288346 5 0.500000 0.000000 0.000000 0 0 0
-0.041760 0.035992 -0.288366 5 0.500000 0.000000 0.000000 0 0 0
-0.042361 0.036747 -0.288510 5 0.500000 0.000000 0.000000 0 0 0
-0.041782 0.036343 -0.288151 5 0.500000 0.000000 0.000000 0 0 0
-0.042110 0.036663 -0.288288 5 0.500000 0.000000 0.000000 0 0 0
-0.041273 0.035531 -0.288152 5 0.500000 0.000000 0.000000 0 0 0
-0.041480 0.035928 -0.288110 5 0.500000 0.000000 0.000000 0 0 0
-0.042250 0.036991 -0.288218 5 0.500000 0.000000 0.000000 0 0 0
-0.042462 0.037327 -0.288231 5 0.500000 0.000000 0.000000 0 0 0
-0.042519 0.037811 -0.287960 5 0.500000 0.000000 0.000000 0 0 0
-0.056508 0.046744 -0.287353 1 0.000000 0.300000 1.000000 0 0 0
-0.056366 0.046665 -0.287741 1 0.000000 0.300000 1.000000 0 0 0
-0.056250 0.047005 -0.287295 1 0.000000 0.300000 1.000000 0 0 0
-0.055986 0.047044 -0.287638 1 0.000000 0.300000 1.000000 0 0 0
-0.055789 0.046935 -0.288078 1 0.000000 0.300000 1.000000 0 0 0
-0.056167 0.046588 -0.288201 1 0.000000 0.300000 1.000000 0 0 0
-0.055486 0.047222 -0.287983 1 0.000000 0.300000 1.000000 0 0 0
-0.055636 0.047268 -0.287728 1 0.000000 0.300000 1.000000 0 0 0
-0.055222 0.047470 -0.287877 1 0.000000 0.300000 1.000000 0 0 0
-0.055450 0.047578 -0.287445 1 0.000000 0.300000 1.000000 0 0 0
-0.055070 0.047773 -0.287585 1 0.000000 0.300000 1.000000 0 0 0
-0.054762 0.047765 -0.287898 1 0.000000 0.300000 1.000000 0 0 0
-0.054843 0.047453 -0.288246 1 0.000000 0.300000 1.000000 0 0 0
-0.054426 0.047718 -0.288228 1 0.000000 0.300000 1.000000 0 0 0
-0.054730 0.048046 -0.287539 1 0.000000 0.300000 1.000000 0 0 0
-0.054405 0.048312 -0.287497 1 0.000000 0.300000 1.000000 0 0 0
-0.054262 0.048086 -0.287889 1 0.000000 0.300000 1.000000 0 0 0
-0.054050 0.048468 -0.287599 1 0.000000 0.300000 1.000000 0 0 0
-0.054279 0.048598 -0.287242 1 0.000000 0.300000 1.000000 0 0 0
-0.053840 0.048346 -0.287881 1 0.000000 0.300000 1.000000 0 0 0
-0.053689 0.048597 -0.287698 1 0.000000 0.300000 1.000000 0 0 0
-0.053401 0.048444 -0.288007 1 0.000000 0.300000 1.000000 0 0 0
-0.053812 0.048831 -0.287346 1 0.000000 0.300000 1.000000 0 0 0
-0.053329 0.048860 -0.287618 1 0.000000 0.300000 1.000000 0 0 0
-0.052979 0.048983 -0.287661 1 0.000000 0.300000 1.000000 0 0 0
-0.052963 0.048764 -0.287879 1 0.000000 0.300000 1.000000 0 0 0
-0.052586 0.048735 -0.288027 1 0.000000 0.300000 1.000000 0 0 0
-0.052594 0.049090 -0.287676 0 0.000000 0.000000 0.500000 0 0 0
-0.052165 0.048880 -0.287985 0 0.000000 0.000000 0.500000 0 0 0
-0.051193 0.048952 -0.287911 0 0.000000 0.000000 0.500000 0 0 0
-0.050753 0.048772 -0.288017 0 0.000000 0.000000 0.500000 0 0 0
-0.050675 0.049019 -0.287749 0 0.000000 0.000000 0.500000 0 0 0
-0.050329 0.048720 -0.287939 0 0.000000 0.000000 0.500000 0 0 0
-0.050302 0.049037 -0.287607 0 0.000000 0.000000 0.500000 0 0 0
-0.049975 0.048554 -0.287962 0 0.000000 0.000000 0.500000 0 0 0
-0.049933 0.048779 -0.287695 0 0.000000 0.000000 0.500000 0 0 0
-0.053424 0.049160 -0.287241 1 0.000000 0.300000 1.000000 0 0 0
-0.053025 0.049183 -0.287428 1 0.000000 0.300000 1.000000 0 0 0
-0.052697 0.049472 -0.287244 0 0.000000 0.000000 0.500000 0 0 0
-0.052314 0.049420 -0.287409 0 0.000000 0.000000 0.500000 0 0 0
-0.052016 0.049201 -0.287683 0 0.000000 0.000000 0.500000 0 0 0
-0.051925 0.049017 -0.287900 0 0.000000 0.000000 0.500000 0 0 0
-0.052338 0.049714 -0.287082 0 0.000000 0.000000 0.500000 0 0 0
-0.051680 0.049047 -0.287868 0 0.000000 0.000000 0.500000 0 0 0
-0.051523 0.049316 -0.287563 0 0.000000 0.000000 0.500000 0 0 0
-0.045506 0.043104 -0.288021 5 0.500000 0.000000 0.000000 0 0 0
-0.045299 0.042890 -0.287921 5 0.500000 0.000000 0.000000 0 0 0
-0.046628 0.044676 -0.288114 5 0.500000 0.000000 0.000000 0 0 0
-0.046399 0.044173 -0.288336 5 0.500000 0.000000 0.000000 0 0 0
-0.046249 0.044350 -0.287746 5 0.500000 0.000000 0.000000 0 0 0
-0.046075 0.043795 -0.288200 5 0.500000 0.000000 0.000000 0 0 0
-0.045757 0.043522 -0.287935 5 0.500000 0.000000 0.000000 0 0 0
-0.045877 0.043911 -0.287578 5 0.500000 0.000000 0.000000 0 0 0
-0.041896 0.025688 -0.287392 4 1.000000 0.407407 0.000000 0 0 0
-0.042050 0.025503 -0.287083 4 1.000000 0.407407 0.000000 0 0 0
-0.041325 0.025946 -0.287323 4 1.000000 0.407407 0.000000 0 0 0
-0.041054 0.026098 -0.287319 4 1.000000 0.407407 0.000000 0 0 0
-0.040900 0.035539 -0.287753 5 0.500000 0.000000 0.000000 0 0 0
-0.040601 0.035226 -0.287631 5 0.500000 0.000000 0.000000 0 0 0
-0.040548 0.035596 -0.287341 5 0.500000 0.000000 0.000000 0 0 0
-0.040876 0.035837 -0.287532 5 0.500000 0.000000 0.000000 0 0 0
-0.040634 0.035992 -0.287167 5 0.500000 0.000000 0.000000 0 0 0
-0.041553 0.036650 -0.287689 5 0.500000 0.000000 0.000000 0 0 0
-0.041171 0.036227 -0.287577 5 0.500000 0.000000 0.000000 0 0 0
-0.041228 0.036802 -0.287227 5 0.500000 0.000000 0.000000 0 0 0
-0.041774 0.037341 -0.287426 5 0.500000 0.000000 0.000000 0 0 0
-0.041673 0.037043 -0.287538 5 0.500000 0.000000 0.000000 0 0 0
-0.041491 0.037283 -0.287153 5 0.500000 0.000000 0.000000 0 0 0
-0.041845 0.037695 -0.287225 5 0.500000 0.000000 0.000000 0 0 0
-0.041493 0.037577 -0.286914 5 0.500000 0.000000 0.000000 0 0 0
-0.043197 0.039509 -0.287626 5 0.500000 0.000000 0.000000 0 0 0
-0.042991 0.039202 -0.287547 5 0.500000 0.000000 0.000000 0 0 0
-0.043054 0.039576 -0.287334 5 0.500000 0.000000 0.000000 0 0 0
-0.043296 0.039895 -0.287445 5 0.500000 0.000000 0.000000 0 0 0
-0.042574 0.038348 -0.287630 5 0.500000 0.000000 0.000000 0 0 0
-0.042237 0.038063 -0.287411 5 0.500000 0.000000 0.000000 0 0 0
-0.042350 0.038478 -0.287217 5 0.500000 0.000000 0.000000 0 0 0
-0.042660 0.038858 -0.287333 5 0.500000 0.000000 0.000000 0 0 0
-0.043849 0.040665 -0.287703 5 0.500000 0.000000 0.000000 0 0 0
-0.043617 0.040279 -0.287644 5 0.500000 0.000000 0.000000 0 0 0
-0.043674 0.040668 -0.287369 5 0.500000 0.000000 0.000000 0 0 0
-0.043933 0.041093 -0.287393 5 0.500000 0.000000 0.000000 0 0 0
-0.044287 0.041676 -0.287432 5 0.500000 0.000000 0.000000 0 0 0
-0.044195 0.041465 -0.287518 5 0.500000 0.000000 0.000000 0 0 0
-0.044130 0.041567 -0.287198 5 0.500000 0.000000 0.000000 0 0 0
-0.059793 0.042459 -0.287242 1 0.000000 0.300000 1.000000 0 0 0
-0.059921 0.042169 -0.287318 1 0.000000 0.300000 1.000000 0 0 0
-0.059500 0.042798 -0.287555 1 0.000000 0.300000 1.000000 0 0 0
-0.059210 0.043401 -0.287326 1 0.000000 0.300000 1.000000 0 0 0
-0.059257 0.043160 -0.287665 1 0.000000 0.300000 1.000000 0 0 0
-0.059097 0.043378 -0.287745 1 0.000000 0.300000 1.000000 0 0 0
-0.058904 0.043750 -0.287599 1 0.000000 0.300000 1.000000 0 0 0
-0.058605 0.044246 -0.287487 1 0.000000 0.300000 1.000000 0 0 0
-0.050636 0.049942 -0.286598 0 0.000000 0.000000 0.500000 0 0 0
-0.049780 0.049455 -0.286674 0 0.000000 0.000000 0.500000 0 0 0
-0.050199 0.049888 -0.286401 0 0.000000 0.000000 0.500000 0 0 0
-0.050402 0.049977 -0.286420 0 0.000000 0.000000 0.500000 0 0 0
-0.049923 0.049772 -0.286294 0 0.000000 0.000000 0.500000 0 0 0
-0.051179 0.050339 -0.286285 0 0.000000 0.000000 0.500000 0 0 0
-0.051562 0.050546 -0.286088 0 0.000000 0.000000 0.500000 0 0 0
-0.051919 0.050499 -0.286206 0 0.000000 0.000000 0.500000 0 0 0
-0.050705 0.050233 -0.286199 0 0.000000 0.000000 0.500000 0 0 0
-0.051992 0.050642 -0.285990 0 0.000000 0.000000 0.500000 0 0 0
-0.045211 0.043475 -0.286326 5 0.500000 0.000000 0.000000 0 0 0
-0.045462 0.043869 -0.286175 5 0.500000 0.000000 0.000000 0 0 0
-0.045720 0.044149 -0.286484 5 0.500000 0.000000 0.000000 0 0 0
-0.045971 0.044589 -0.286267 5 0.500000 0.000000 0.000000 0 0 0
-0.046241 0.045001 -0.286296 5 0.500000 0.000000 0.000000 0 0 0
-0.046237 0.045125 -0.285897 5 0.500000 0.000000 0.000000 0 0 0
-0.046445 0.045405 -0.286107 5 0.500000 0.000000 0.000000 0 0 0
-0.046102 0.044912 -0.285881 5 0.500000 0.000000 0.000000 0 0 0
-0.046727 0.045835 -0.286293 5 0.500000 0.000000 0.000000 0 0 0
-0.046886 0.046199 -0.286069 5 0.500000 0.000000 0.000000 0 0 0
-0.047104 0.046535 -0.286256 5 0.500000 0.000000 0.000000 0 0 0
-0.044553 0.042535 -0.286378 5 0.500000 0.000000 0.000000 0 0 0
-0.044756 0.042908 -0.286093 5 0.500000 0.000000 0.000000 0 0 0
-0.044981 0.043160 -0.286306 5 0.500000 0.000000 0.000000 0 0 0
-0.047835 0.047765 -0.286393 0 0.000000 0.000000 0.500000 0 0 0
-0.047615 0.047507 -0.286100 0 0.000000 0.000000 0.500000 0 0 0
-0.048560 0.048661 -0.286285 0 0.000000 0.000000 0.500000 0 0 0
-0.048861 0.049034 -0.286088 0 0.000000 0.000000 0.500000 0 0 0
-0.048090 0.048164 -0.286194 0 0.000000 0.000000 0.500000 0 0 0
-0.048313 0.048422 -0.286250 0 0.000000 0.000000 0.500000 0 0 0
-0.047366 0.047037 -0.286206 5 0.500000 0.000000 0.000000 0 0 0
-0.049144 0.049182 -0.286328 0 0.000000 0.000000 0.500000 0 0 0
-0.049468 0.049468 -0.286261 0 0.000000 0.000000 0.500000 0 0 0
-0.039590 0.027124 -0.286816 4 1.000000 0.407407 0.000000 0 0 0
-0.049519 0.026229 -0.287457 3 0.806452 1.000000 0.161290 0 0 0
-0.049544 0.026281 -0.287741 3 0.806452 1.000000 0.161290 0 0 0
-0.049706 0.026322 -0.287642 3 0.806452 1.000000 0.161290 0 0 0
-0.053118 0.026786 -0.286806 3 0.806452 1.000000 0.161290 0 0 0
-0.052326 0.026697 -0.287001 3 0.806452 1.000000 0.161290 0 0 0
-0.053156 0.026962 -0.287273 3 0.806452 1.000000 0.161290 0 0 0
-0.052891 0.027022 -0.287864 3 0.806452 1.000000 0.161290 0 0 0
-0.053320 0.027089 -0.287585 3 0.806452 1.000000 0.161290 0 0 0
-0.051879 0.026794 -0.287965 3 0.806452 1.000000 0.161290 0 0 0
-0.053605 0.027178 -0.287822 3 0.806452 1.000000 0.161290 0 0 0
-0.053651 0.027101 -0.287421 3 0.806452 1.000000 0.161290 0 0 0
-0.054180 0.027208 -0.287617 3 0.806452 1.000000 0.161290 0 0 0
-0.054014 0.027089 -0.287266 3 0.806452 1.000000 0.161290 0 0 0
-0.051373 0.026594 -0.287311 3 0.806452 1.000000 0.161290 0 0 0
-0.051047 0.026318 -0.286401 3 0.806452 1.000000 0.161290 0 0 0
-0.050595 0.026449 -0.287339 3 0.806452 1.000000 0.161290 0 0 0
-0.049832 0.026198 -0.286865 3 0.806452 1.000000 0.161290 0 0 0
-0.049962 0.026359 -0.287534 3 0.806452 1.000000 0.161290 0 0 0
-0.049188 0.026149 -0.287790 3 0.806452 1.000000 0.161290 0 0 0
-0.048877 0.025996 -0.287233 3 0.806452 1.000000 0.161290 0 0 0
-0.048757 0.025977 -0.287756 3 0.806452 1.000000 0.161290 0 0 0
-0.048428 0.025861 -0.287619 3 0.806452 1.000000 0.161290 0 0 0
-0.048342 0.025822 -0.286707 3 0.806452 1.000000 0.161290 0 0 0
-0.047920 0.025731 -0.287347 3 0.806452 1.000000 0.161290 0 0 0
-0.047585 0.025642 -0.286562 3 0.806452 1.000000 0.161290 0 0 0
-0.046964 0.025540 -0.287213 3 0.806452 1.000000 0.161290 0 0 0
-0.046578 0.025452 -0.286444 3 0.806452 1.000000 0.161290 0 0 0
-0.046164 0.025408 -0.287163 3 0.806452 1.000000 0.161290 0 0 0
-0.045783 0.025346 -0.286750 3 0.806452 1.000000 0.161290 0 0 0
-0.045730 0.025345 -0.287125 3 0.806452 1.000000 0.161290 0 0 0
-0.049020 0.025947 -0.286398 3 0.806452 1.000000 0.161290 0 0 0
-0.044026 0.025232 -0.286499 4 1.000000 0.407407 0.000000 0 0 0
-0.044724 0.025275 -0.287183 3 0.806452 1.000000 0.161290 0 0 0
-0.045142 0.025275 -0.286515 3 0.806452 1.000000 0.161290 0 0 0
-0.044057 0.025304 -0.287508 4 1.000000 0.407407 0.000000 0 0 0
-0.043419 0.025312 -0.287282 4 1.000000 0.407407 0.000000 0 0 0
-0.043204 0.025264 -0.286812 4 1.000000 0.407407 0.000000 0 0 0
-0.042843 0.025353 -0.287200 4 1.000000 0.407407 0.000000 0 0 0
-0.043195 0.025230 -0.286385 4 1.000000 0.407407 0.000000 0 0 0
-0.043412 0.025207 -0.285906 4 1.000000 0.407407 0.000000 0 0 0
-0.045354 0.025306 -0.287101 3 0.806452 1.000000 0.161290 0 0 0
-0.041020 0.038149 -0.285650 5 0.500000 0.000000 0.000000 0 0 0
-0.040882 0.037918 -0.285760 5 0.500000 0.000000 0.000000 0 0 0
-0.040788 0.038000 -0.285463 5 0.500000 0.000000 0.000000 0 0 0
-0.040914 0.038190 -0.285383 5 0.500000 0.000000 0.000000 0 0 0
-0.041537 0.038682 -0.285715 5 0.500000 0.000000 0.000000 0 0 0
-0.041312 0.038316 -0.285880 5 0.500000 0.000000 0.000000 0 0 0
-0.041149 0.038428 -0.285410 5 0.500000 0.000000 0.000000 0 0 0
-0.041383 0.038733 -0.285333 5 0.500000 0.000000 0.000000 0 0 0
-0.042098 0.039327 -0.285768 5 0.500000 0.000000 0.000000 0 0 0
-0.041823 0.038952 -0.285825 5 0.500000 0.000000 0.000000 0 0 0
-0.041674 0.039076 -0.285311 5 0.500000 0.000000 0.000000 0 0 0
-0.041996 0.039444 -0.285336 5 0.500000 0.000000 0.000000 0 0 0
-0.042765 0.040211 -0.285762 5 0.500000 0.000000 0.000000 0 0 0
-0.042487 0.039713 -0.285991 5 0.500000 0.000000 0.000000 0 0 0
-0.042319 0.039846 -0.285323 5 0.500000 0.000000 0.000000 0 0 0
-0.042679 0.040313 -0.285270 5 0.500000 0.000000 0.000000 0 0 0
-0.042979 0.040758 -0.285082 5 0.500000 0.000000 0.000000 0 0 0
-0.042986 0.040645 -0.285427 5 0.500000 0.000000 0.000000 0 0 0
-0.042807 0.040570 -0.285021 5 0.500000 0.000000 0.000000 0 0 0
-0.043366 0.041228 -0.285233 5 0.500000 0.000000 0.000000 0 0 0
-0.043343 0.041079 -0.285601 5 0.500000 0.000000 0.000000 0 0 0
-0.043162 0.040988 -0.285123 5 0.500000 0.000000 0.000000 0 0 0
-0.043144 0.040725 -0.285807 5 0.500000 0.000000 0.000000 0 0 0
-0.043325 0.040890 -0.286059 5 0.500000 0.000000 0.000000 0 0 0
-0.043604 0.041548 -0.285287 5 0.500000 0.000000 0.000000 0 0 0
-0.043668 0.041436 -0.285919 5 0.500000 0.000000 0.000000 0 0 0
-0.043476 0.041144 -0.285975 5 0.500000 0.000000 0.000000 0 0 0
-0.043892 0.041835 -0.285657 5 0.500000 0.000000 0.000000 0 0 0
-0.043846 0.041870 -0.285326 5 0.500000 0.000000 0.000000 0 0 0
-0.042992 0.040517 -0.285789 5 0.500000 0.000000 0.000000 0 0 0
-0.060553 0.042038 -0.285354 1 0.000000 0.300000 1.000000 0 0 0
-0.060363 0.042214 -0.285702 1 0.000000 0.300000 1.000000 0 0 0
-0.060339 0.042492 -0.285173 1 0.000000 0.300000 1.000000 0 0 0
-0.060031 0.043003 -0.285185 1 0.000000 0.300000 1.000000 0 0 0
-0.060088 0.042693 -0.285714 1 0.000000 0.300000 1.000000 0 0 0
-0.060203 0.042322 -0.286084 1 0.000000 0.300000 1.000000 0 0 0
-0.059848 0.043149 -0.285589 1 0.000000 0.300000 1.000000 0 0 0
-0.059848 0.043261 -0.285303 1 0.000000 0.300000 1.000000 0 0 0
-0.059604 0.043434 -0.285851 1 0.000000 0.300000 1.000000 0 0 0
-0.059688 0.043474 -0.285406 1 0.000000 0.300000 1.000000 0 0 0
-0.059469 0.043747 -0.285576 1 0.000000 0.300000 1.000000 0 0 0
-0.059526 0.043829 -0.285081 1 0.000000 0.300000 1.000000 0 0 0
-0.059241 0.044125 -0.285467 1 0.000000 0.300000 1.000000 0 0 0
-0.059245 0.044289 -0.284956 1 0.000000 0.300000 1.000000 0 0 0
-0.058967 0.044400 -0.285829 1 0.000000 0.300000 1.000000 0 0 0
-0.058949 0.044616 -0.285282 1 0.000000 0.300000 1.000000 0 0 0
-0.058716 0.044828 -0.285640 1 0.000000 0.300000 1.000000 0 0 0
-0.058737 0.044907 -0.285329 1 0.000000 0.300000 1.000000 0 0 0
-0.058379 0.045221 -0.285834 1 0.000000 0.300000 1.000000 0 0 0
-0.058576 0.045100 -0.285414 1 0.000000 0.300000 1.000000 0 0 0
-0.058193 0.045546 -0.285618 1 0.000000 0.300000 1.000000 0 0 0
-0.058337 0.045462 -0.285287 1 0.000000 0.300000 1.000000 0 0 0
-0.058040 0.045800 -0.285447 1 0.000000 0.300000 1.000000 0 0 0
-0.058079 0.045896 -0.284994 1 0.000000 0.300000 1.000000 0 0 0
-0.057804 0.046034 -0.285631 1 0.000000 0.300000 1.000000 0 0 0
-0.057805 0.046166 -0.285241 1 0.000000 0.300000 1.000000 0 0 0
-0.057547 0.046378 -0.285534 1 0.000000 0.300000 1.000000 0 0 0
-0.057542 0.046544 -0.285082 1 0.000000 0.300000 1.000000 0 0 0
-0.057239 0.046614 -0.285858 1 0.000000 0.300000 1.000000 0 0 0
-0.057260 0.046782 -0.285350 1 0.000000 0.300000 1.000000 0 0 0
-0.056928 0.047057 -0.285620 1 0.000000 0.300000 1.000000 0 0 0
-0.056989 0.047174 -0.285148 1 0.000000 0.300000 1.000000 0 0 0
-0.056593 0.047332 -0.285837 1 0.000000 0.300000 1.000000 0 0 0
-0.056606 0.047523 -0.285358 1 0.000000 0.300000 1.000000 0 0 0
-0.056236 0.047754 -0.285736 1 0.000000 0.300000 1.000000 0 0 0
-0.056309 0.047852 -0.285359 1 0.000000 0.300000 1.000000 0 0 0
-0.055946 0.048052 -0.285747 1 0.000000 0.300000 1.000000 0 0 0
-0.056017 0.048145 -0.285411 1 0.000000 0.300000 1.000000 0 0 0
-0.055694 0.048336 -0.285701 1 0.000000 0.300000 1.000000 0 0 0
-0.055767 0.048426 -0.285393 1 0.000000 0.300000 1.000000 0 0 0
-0.055440 0.048593 -0.285707 1 0.000000 0.300000 1.000000 0 0 0
-0.055556 0.048617 -0.285452 1 0.000000 0.300000 1.000000 0 0 0
-0.055214 0.048876 -0.285615 1 0.000000 0.300000 1.000000 0 0 0
-0.055409 0.048872 -0.285278 1 0.000000 0.300000 1.000000 0 0 0
-0.054924 0.049203 -0.285568 1 0.000000 0.300000 1.000000 0 0 0
-0.055125 0.049159 -0.285309 1 0.000000 0.300000 1.000000 0 0 0
-0.045162 0.043845 -0.284643 5 0.500000 0.000000 0.000000 0 0 0
-0.045033 0.043561 -0.285048 5 0.500000 0.000000 0.000000 0 0 0
-0.044846 0.043415 -0.284604 5 0.500000 0.000000 0.000000 0 0 0
-0.045339 0.043983 -0.285088 5 0.500000 0.000000 0.000000 0 0 0
-0.045166 0.043640 -0.285462 5 0.500000 0.000000 0.000000 0 0 0
-0.045607 0.044539 -0.284454 5 0.500000 0.000000 0.000000 0 0 0
-0.045632 0.044350 -0.285316 5 0.500000 0.000000 0.000000 0 0 0
-0.045824 0.044681 -0.285174 5 0.500000 0.000000 0.000000 0 0 0
-0.046523 0.045996 -0.284433 5 0.500000 0.000000 0.000000 0 0 0
-0.046150 0.045165 -0.285298 5 0.500000 0.000000 0.000000 0 0 0
-0.046080 0.045264 -0.284482 5 0.500000 0.000000 0.000000 0 0 0
-0.046623 0.045871 -0.285616 5 0.500000 0.000000 0.000000 0 0 0
-0.047013 0.046596 -0.285483 5 0.500000 0.000000 0.000000 0 0 0
-0.047140 0.047057 -0.284394 5 0.500000 0.000000 0.000000 0 0 0
-0.061012 0.027916 -0.283319 3 0.806452 1.000000 0.161290 0 0 0
-0.060911 0.028123 -0.283915 3 0.806452 1.000000 0.161290 0 0 0
-0.061370 0.028240 -0.283534 3 0.806452 1.000000 0.161290 0 0 0
-0.061735 0.028554 -0.283656 3 0.806452 1.000000 0.161290 0 0 0
-0.061846 0.028780 -0.283998 3 0.806452 1.000000 0.161290 0 0 0
-0.061964 0.028745 -0.283691 3 0.806452 1.000000 0.161290 0 0 0
-0.061378 0.028509 -0.284145 3 0.806452 1.000000 0.161290 0 0 0
-0.061016 0.028331 -0.284276 3 0.806452 1.000000 0.161290 0 0 0
-0.059711 0.027402 -0.283635 3 0.806452 1.000000 0.161290 0 0 0
-0.060022 0.027624 -0.283837 3 0.806452 1.000000 0.161290 0 0 0
-0.060064 0.027482 -0.283438 3 0.806452 1.000000 0.161290 0 0 0
-0.059731 0.027528 -0.283942 3 0.806452 1.000000 0.161290 0 0 0
-0.059389 0.027427 -0.284081 3 0.806452 1.000000 0.161290 0 0 0
-0.059272 0.027164 -0.283487 3 0.806452 1.000000 0.161290 0 0 0
-0.058871 0.027151 -0.283928 3 0.806452 1.000000 0.161290 0 0 0
-0.058832 0.026997 -0.283503 3 0.806452 1.000000 0.161290 0 0 0
-0.060489 0.027735 -0.283551 3 0.806452 1.000000 0.161290 0 0 0
-0.060334 0.027939 -0.284236 3 0.806452 1.000000 0.161290 0 0 0
-0.060769 0.028215 -0.284344 3 0.806452 1.000000 0.161290 0 0 0
-0.062882 0.029814 -0.284039 2 0.161290 1.000000 0.806452 0 0 0
-0.063138 0.030154 -0.284071 2 0.161290 1.000000 0.806452 0 0 0
-0.063202 0.030081 -0.283639 2 0.161290 1.000000 0.806452 0 0 0
-0.062979 0.029691 -0.283406 2 0.161290 1.000000 0.806452 0 0 0
-0.063419 0.030515 -0.283909 2 0.161290 1.000000 0.806452 0 0 0
-0.063448 0.030349 -0.283391 2 0.161290 1.000000 0.806452 0 0 0
-0.063691 0.030747 -0.283361 2 0.161290 1.000000 0.806452 0 0 0
-0.063682 0.030907 -0.283790 2 0.161290 1.000000 0.806452 0 0 0
-0.063863 0.031144 -0.283544 2 0.161290 1.000000 0.806452 0 0 0
-0.063593 0.030895 -0.284129 2 0.161290 1.000000 0.806452 0 0 0
-0.064287 0.032008 -0.283354 2 0.161290 1.000000 0.806452 0 0 0
-0.064278 0.032178 -0.283654 2 0.161290 1.000000 0.806452 0 0 0
-0.064416 0.032315 -0.283230 2 0.161290 1.000000 0.806452 0 0 0
-0.064098 0.031639 -0.283523 2 0.161290 1.000000 0.806452 0 0 0
-0.063821 0.031267 -0.283996 2 0.161290 1.000000 0.806452 0 0 0
-0.063984 0.031604 -0.283999 2 0.161290 1.000000 0.806452 0 0 0
-0.064103 0.031922 -0.284049 2 0.161290 1.000000 0.806452 0 0 0
-0.064454 0.032773 -0.283599 2 0.161290 1.000000 0.806452 0 0 0
-0.064258 0.032438 -0.284152 2 0.161290 1.000000 0.806452 0 0 0
-0.064372 0.032822 -0.284082 2 0.161290 1.000000 0.806452 0 0 0
-0.064437 0.033240 -0.284059 2 0.161290 1.000000 0.806452 0 0 0
-0.064570 0.033371 -0.283489 2 0.161290 1.000000 0.806452 0 0 0
-0.062167 0.028952 -0.283772 2 0.161290 1.000000 0.806452 0 0 0
-0.062350 0.029213 -0.284000 2 0.161290 1.000000 0.806452 0 0 0
-0.062395 0.029147 -0.283725 2 0.161290 1.000000 0.806452 0 0 0
-0.062068 0.029039 -0.284202 2 0.161290 1.000000 0.806452 0 0 0
-0.062625 0.029378 -0.283687 2 0.161290 1.000000 0.806452 0 0 0
-0.062548 0.029479 -0.284159 2 0.161290 1.000000 0.806452 0 0 0
-0.064426 0.033698 -0.284260 2 0.161290 1.000000 0.806452 0 0 0
-0.064516 0.033778 -0.283801 2 0.161290 1.000000 0.806452 0 0 0
-0.064423 0.034145 -0.284162 2 0.161290 1.000000 0.806452 0 0 0
-0.064514 0.034338 -0.283620 2 0.161290 1.000000 0.806452 0 0 0
-0.064364 0.034678 -0.284061 2 0.161290 1.000000 0.806452 0 0 0
-0.064429 0.034971 -0.283509 2 0.161290 1.000000 0.806452 0 0 0
-0.064252 0.035226 -0.283978 1 0.000000 0.300000 1.000000 0 0 0
-0.064320 0.035303 -0.283627 1 0.000000 0.300000 1.000000 0 0 0
-0.064121 0.035644 -0.283971 1 0.000000 0.300000 1.000000 0 0 0
-0.064232 0.035536 -0.283688 1 0.000000 0.300000 1.000000 0 0 0
-0.063970 0.035922 -0.284151 1 0.000000 0.300000 1.000000 0 0 0
-0.064096 0.036029 -0.283529 1 0.000000 0.300000 1.000000 0 0 0
-0.063961 0.036484 -0.283365 1 0.000000 0.300000 1.000000 0 0 0
-0.063789 0.036629 -0.283724 1 0.000000 0.300000 1.000000 0 0 0
-0.063869 0.036261 -0.284005 1 0.000000 0.300000 1.000000 0 0 0
-0.063692 0.036529 -0.284208 1 0.000000 0.300000 1.000000 0 0 0
-0.063849 0.036835 -0.283251 1 0.000000 0.300000 1.000000 0 0 0
-0.063542 0.037315 -0.283544 1 0.000000 0.300000 1.000000 0 0 0
-0.063511 0.036952 -0.284158 1 0.000000 0.300000 1.000000 0 0 0
-0.063399 0.037761 -0.283369 1 0.000000 0.300000 1.000000 0 0 0
-0.063203 0.037884 -0.283753 1 0.000000 0.300000 1.000000 0 0 0
-0.063264 0.037473 -0.284152 1 0.000000 0.300000 1.000000 0 0 0
-0.063075 0.037832 -0.284195 1 0.000000 0.300000 1.000000 0 0 0
-0.048792 0.049889 -0.283488 0 0.000000 0.000000 0.500000 0 0 0
-0.048582 0.049563 -0.283568 0 0.000000 0.000000 0.500000 0 0 0
-0.048650 0.049782 -0.283187 0 0.000000 0.000000 0.500000 0 0 0
-0.048637 0.049836 -0.282914 0 0.000000 0.000000 0.500000 0 0 0
-0.048886 0.050159 -0.282992 0 0.000000 0.000000 0.500000 0 0 0
-0.049023 0.050163 -0.283592 0 0.000000 0.000000 0.500000 0 0 0
-0.048167 0.049100 -0.282872 0 0.000000 0.000000 0.500000 0 0 0
-0.048401 0.049450 -0.282963 0 0.000000 0.000000 0.500000 0 0 0
-0.048101 0.048914 -0.283216 0 0.000000 0.000000 0.500000 0 0 0
-0.048311 0.049141 -0.283642 0 0.000000 0.000000 0.500000 0 0 0
-0.048021 0.048858 -0.282800 5 0.500000 0.000000 0.000000 0 0 0
-0.049551 0.050835 -0.283452 0 0.000000 0.000000 0.500000 0 0 0
-0.049304 0.050456 -0.283740 0 0.000000 0.000000 0.500000 0 0 0
-0.049220 0.050521 -0.283267 0 0.000000 0.000000 0.500000 0 0 0
-0.049389 0.050785 -0.283092 0 0.000000 0.000000 0.500000 0 0 0
-0.049595 0.051058 -0.282917 0 0.000000 0.000000 0.500000 0 0 0
-0.049809 0.051163 -0.283298 0 0.000000 0.000000 0.500000 0 0 0
-0.054383 0.051200 -0.283076 1 0.000000 0.300000 1.000000 0 0 0
-0.054002 0.051402 -0.283322 0 0.000000 0.000000 0.500000 0 0 0
-0.054126 0.051524 -0.282878 0 0.000000 0.000000 0.500000 0 0 0
-0.054323 0.051064 -0.283442 1 0.000000 0.300000 1.000000 0 0 0
-0.053735 0.051610 -0.283321 0 0.000000 0.000000 0.500000 0 0 0
-0.053781 0.051702 -0.283059 0 0.000000 0.000000 0.500000 0 0 0
-0.053534 0.051750 -0.283278 0 0.000000 0.000000 0.500000 0 0 0
-0.053395 0.051986 -0.282927 0 0.000000 0.000000 0.500000 0 0 0
-0.053101 0.052182 -0.282812 0 0.000000 0.000000 0.500000 0 0 0
-0.052916 0.052121 -0.283058 0 0.000000 0.000000 0.500000 0 0 0
-0.053130 0.051845 -0.283444 0 0.000000 0.000000 0.500000 0 0 0
-0.052541 0.052028 -0.283440 0 0.000000 0.000000 0.500000 0 0 0
-0.052490 0.052253 -0.282995 0 0.000000 0.000000 0.500000 0 0 0
-0.052105 0.052024 -0.283584 0 0.000000 0.000000 0.500000 0 0 0
-0.052094 0.052174 -0.283236 0 0.000000 0.000000 0.500000 0 0 0
-0.052820 0.052324 -0.282681 0 0.000000 0.000000 0.500000 0 0 0
-0.052472 0.052379 -0.282727 0 0.000000 0.000000 0.500000 0 0 0
-0.052104 0.052373 -0.282764 0 0.000000 0.000000 0.500000 0 0 0
-0.051717 0.052043 -0.283494 0 0.000000 0.000000 0.500000 0 0 0
-0.051634 0.052207 -0.283069 0 0.000000 0.000000 0.500000 0 0 0
-0.050945 0.052103 -0.282849 0 0.000000 0.000000 0.500000 0 0 0
-0.051262 0.052209 -0.282878 0 0.000000 0.000000 0.500000 0 0 0
-0.051100 0.051945 -0.283377 0 0.000000 0.000000 0.500000 0 0 0
-0.050726 0.051743 -0.283524 0 0.000000 0.000000 0.500000 0 0 0
-0.050410 0.051539 -0.283549 0 0.000000 0.000000 0.500000 0 0 0
-0.050628 0.051779 -0.283286 0 0.000000 0.000000 0.500000 0 0 0
-0.049909 0.051351 -0.283009 0 0.000000 0.000000 0.500000 0 0 0
-0.050284 0.051667 -0.282940 0 0.000000 0.000000 0.500000 0 0 0
-0.050066 0.051383 -0.283319 0 0.000000 0.000000 0.500000 0 0 0
-0.050701 0.051923 -0.282999 0 0.000000 0.000000 0.500000 0 0 0
-0.051588 0.052390 -0.282596 0 0.000000 0.000000 0.500000 0 0 0
-0.038190 0.028816 -0.283723 4 1.000000 0.407407 0.000000 0 0 0
-0.038449 0.028413 -0.283638 4 1.000000 0.407407 0.000000 0 0 0
-0.038267 0.028880 -0.283405 4 1.000000 0.407407 0.000000 0 0 0
-0.038178 0.029358 -0.283040 4 1.000000 0.407407 0.000000 0 0 0
-0.038031 0.029252 -0.283664 4 1.000000 0.407407 0.000000 0 0 0
-0.037972 0.029723 -0.283332 4 1.000000 0.407407 0.000000 0 0 0
-0.038048 0.029660 -0.283128 4 1.000000 0.407407 0.000000 0 0 0
-0.037891 0.029677 -0.283663 4 1.000000 0.407407 0.000000 0 0 0
-0.038011 0.029927 -0.283030 4 1.000000 0.407407 0.000000 0 0 0
-0.037902 0.030147 -0.283233 4 1.000000 0.407407 0.000000 0 0 0
-0.037811 0.030113 -0.283602 4 1.000000 0.407407 0.000000 0 0 0
-0.037515 0.033538 -0.283811 5 0.500000 0.000000 0.000000 0 0 0
-0.037513 0.033042 -0.283602 5 0.500000 0.000000 0.000000 0 0 0
-0.037575 0.033713 -0.283463 5 0.500000 0.000000 0.000000 0 0 0
-0.037581 0.033850 -0.283816 5 0.500000 0.000000 0.000000 0 0 0
-0.037655 0.034070 -0.283630 5 0.500000 0.000000 0.000000 0 0 0
-0.037698 0.034139 -0.283278 5 0.500000 0.000000 0.000000 0 0 0
-0.037581 0.033404 -0.283117 5 0.500000 0.000000 0.000000 0 0 0
-0.037560 0.033061 -0.283151 5 0.500000 0.000000 0.000000 0 0 0
-0.037648 0.033850 -0.283020 5 0.500000 0.000000 0.000000 0 0 0
-0.038073 0.034851 -0.283533 5 0.500000 0.000000 0.000000 0 0 0
-0.037808 0.034405 -0.283586 5 0.500000 0.000000 0.000000 0 0 0
-0.037886 0.034509 -0.283097 5 0.500000 0.000000 0.000000 0 0 0
-0.038132 0.034851 -0.282915 5 0.500000 0.000000 0.000000 0 0 0
-0.037751 0.034187 -0.282904 5 0.500000 0.000000 0.000000 0 0 0
-0.038394 0.035285 -0.283229 5 0.500000 0.000000 0.000000 0 0 0
-0.038310 0.035238 -0.283804 5 0.500000 0.000000 0.000000 0 0 0
-0.038323 0.035076 -0.282781 5 0.500000 0.000000 0.000000 0 0 0
-0.038498 0.035250 -0.282628 5 0.500000 0.000000 0.000000 0 0 0
-0.038742 0.035666 -0.282857 5 0.500000 0.000000 0.000000 0 0 0
-0.038692 0.035751 -0.283615 5 0.500000 0.000000 0.000000 0 0 0
-0.038467 0.035464 -0.283689 5 0.500000 0.000000 0.000000 0 0 0
-0.039371 0.036711 -0.283023 5 0.500000 0.000000 0.000000 0 0 0
-0.039026 0.036187 -0.283278 5 0.500000 0.000000 0.000000 0 0 0
-0.039117 0.036147 -0.282465 5 0.500000 0.000000 0.000000 0 0 0
-0.039253 0.036574 -0.283616 5 0.500000 0.000000 0.000000 0 0 0
-0.039721 0.037275 -0.282717 5 0.500000 0.000000 0.000000 0 0 0
-0.039625 0.037155 -0.283134 5 0.500000 0.000000 0.000000 0 0 0
-0.039560 0.037008 -0.282779 5 0.500000 0.000000 0.000000 0 0 0
-0.039885 0.037566 -0.283095 5 0.500000 0.000000 0.000000 0 0 0
-0.039757 0.037356 -0.283527 5 0.500000 0.000000 0.000000 0 0 0
-0.039516 0.036984 -0.283638 5 0.500000 0.000000 0.000000 0 0 0
-0.041290 0.026039 -0.282418 4 1.000000 0.407407 0.000000 0 0 0
-0.042098 0.025617 -0.281938 4 1.000000 0.407407 0.000000 0 0 0
-0.041289 0.025807 -0.281612 4 1.000000 0.407407 0.000000 0 0 0
-0.040509 0.026338 -0.281983 4 1.000000 0.407407 0.000000 0 0 0
-0.040551 0.025958 -0.281238 4 1.000000 0.407407 0.000000 0 0 0
-0.042482 0.040605 -0.280418 5 0.500000 0.000000 0.000000 0 0 0
-0.042210 0.040425 -0.280777 5 0.500000 0.000000 0.000000 0 0 0
-0.042083 0.040148 -0.280209 5 0.500000 0.000000 0.000000 0 0 0
-0.041086 0.039017 -0.280289 5 0.500000 0.000000 0.000000 0 0 0
-0.041023 0.039115 -0.280999 5 0.500000 0.000000 0.000000 0 0 0
-0.040694 0.038466 -0.280178 5 0.500000 0.000000 0.000000 0 0 0
-0.041719 0.040131 -0.281372 5 0.500000 0.000000 0.000000 0 0 0
-0.041474 0.039508 -0.280317 5 0.500000 0.000000 0.000000 0 0 0
-0.041046 0.039478 -0.281903 5 0.500000 0.000000 0.000000 0 0 0
-0.041351 0.039977 -0.281955 5 0.500000 0.000000 0.000000 0 0 0
-0.043305 0.041548 -0.280244 5 0.500000 0.000000 0.000000 0 0 0
-0.043154 0.041513 -0.280998 5 0.500000 0.000000 0.000000 0 0 0
-0.042888 0.041048 -0.280356 5 0.500000 0.000000 0.000000 0 0 0
-0.042511 0.040838 -0.281094 5 0.500000 0.000000 0.000000 0 0 0
-0.043652 0.042093 -0.280609 5 0.500000 0.000000 0.000000 0 0 0
-0.043640 0.042226 -0.281866 5 0.500000 0.000000 0.000000 0 0 0
-0.042843 0.041356 -0.281808 5 0.500000 0.000000 0.000000 0 0 0
-0.044067 0.042736 -0.280941 5 0.500000 0.000000 0.000000 0 0 0
-0.042210 0.040800 -0.281904 5 0.500000 0.000000 0.000000 0 0 0
-0.041857 0.040506 -0.281898 5 0.500000 0.000000 0.000000 0 0 0
-0.041512 0.040210 -0.281962 5 0.500000 0.000000 0.000000 0 0 0
-0.041666 0.040391 -0.282015 5 0.500000 0.000000 0.000000 0 0 0
-0.047073 0.024443 -0.279744 3 0.806452 1.000000 0.161290 0 0 0
-0.047861 0.024503 -0.279788 3 0.806452 1.000000 0.161290 0 0 0
-0.047527 0.024375 -0.279446 3 0.806452 1.000000 0.161290 0 0 0
-0.047257 0.024296 -0.279237 3 0.806452 1.000000 0.161290 0 0 0
-0.046704 0.024289 -0.279302 3 0.806452 1.000000 0.161290 0 0 0
-0.043455 0.023806 -0.278824 4 1.000000 0.407407 0.000000 0 0 0
-0.043703 0.024084 -0.279285 4 1.000000 0.407407 0.000000 0 0 0
-0.044282 0.023883 -0.278759 4 1.000000 0.407407 0.000000 0 0 0
-0.042799 0.024109 -0.279365 4 1.000000 0.407407 0.000000 0 0 0
-0.042932 0.023725 -0.278797 4 1.000000 0.407407 0.000000 0 0 0
-0.043630 0.024473 -0.279976 4 1.000000 0.407407 0.000000 0 0 0
-0.044303 0.024205 -0.279444 4 1.000000 0.407407 0.000000 0 0 0
-0.042449 0.024723 -0.280232 4 1.000000 0.407407 0.000000 0 0 0
-0.042472 0.023746 -0.278866 4 1.000000 0.407407 0.000000 0 0 0
-0.042088 0.023989 -0.279176 4 1.000000 0.407407 0.000000 0 0 0
-0.041603 0.024437 -0.279653 4 1.000000 0.407407 0.000000 0 0 0
-0.041186 0.024210 -0.279279 4 1.000000 0.407407 0.000000 0 0 0
-0.041583 0.024002 -0.279111 4 1.000000 0.407407 0.000000 0 0 0
-0.040789 0.024474 -0.279474 4 1.000000 0.407407 0.000000 0 0 0
-0.040794 0.024218 -0.279131 4 1.000000 0.407407 0.000000 0 0 0
-0.040521 0.024399 -0.279266 4 1.000000 0.407407 0.000000 0 0 0
-0.048979 0.024046 -0.277731 3 0.806452 1.000000 0.161290 0 0 0
-0.049217 0.024271 -0.278316 3 0.806452 1.000000 0.161290 0 0 0
-0.049494 0.024195 -0.277878 3 0.806452 1.000000 0.161290 0 0 0
-0.048542 0.024193 -0.278448 3 0.806452 1.000000 0.161290 0 0 0
-0.048942 0.024301 -0.278620 3 0.806452 1.000000 0.161290 0 0 0
-0.048349 0.024004 -0.277879 3 0.806452 1.000000 0.161290 0 0 0
-0.047754 0.024039 -0.278200 3 0.806452 1.000000 0.161290 0 0 0
-0.047961 0.023876 -0.277543 3 0.806452 1.000000 0.161290 0 0 0
-0.047307 0.023869 -0.277691 3 0.806452 1.000000 0.161290 0 0 0
-0.047156 0.023970 -0.278128 3 0.806452 1.000000 0.161290 0 0 0
-0.064571 0.028464 -0.278575 3 0.806452 1.000000 0.161290 0 0 0
-0.064709 0.028853 -0.278610 2 0.161290 1.000000 0.806452 0 0 0
-0.064981 0.028838 -0.278324 2 0.161290 1.000000 0.806452 0 0 0
-0.059787 0.024519 -0.278162 3 0.806452 1.000000 0.161290 0 0 0
-0.059313 0.024559 -0.278138 3 0.806452 1.000000 0.161290 0 0 0
-0.059663 0.024807 -0.278526 3 0.806452 1.000000 0.161290 0 0 0
-0.059172 0.024808 -0.278457 3 0.806452 1.000000 0.161290 0 0 0
-0.058825 0.024730 -0.278276 3 0.806452 1.000000 0.161290 0 0 0
-0.058853 0.024478 -0.277931 3 0.806452 1.000000 0.161290 0 0 0
-0.059240 0.024974 -0.278712 3 0.806452 1.000000 0.161290 0 0 0
-0.058837 0.024977 -0.278645 3 0.806452 1.000000 0.161290 0 0 0
-0.064788 0.029234 -0.278736 2 0.161290 1.000000 0.806452 0 0 0
-0.065174 0.029246 -0.278343 2 0.161290 1.000000 0.806452 0 0 0
-0.065187 0.029693 -0.278553 2 0.161290 1.000000 0.806452 0 0 0
-0.065309 0.030033 -0.278586 2 0.161290 1.000000 0.806452 0 0 0
-0.065586 0.029995 -0.278343 2 0.161290 1.000000 0.806452 0 0 0
-0.065381 0.030372 -0.278700 2 0.161290 1.000000 0.806452 0 0 0
-0.065846 0.030481 -0.278372 2 0.161290 1.000000 0.806452 0 0 0
-0.065693 0.030840 -0.278656 2 0.161290 1.000000 0.806452 0 0 0
-0.048782 0.050669 -0.278290 0 0.000000 0.000000 0.500000 0 0 0
-0.048954 0.050988 -0.278199 0 0.000000 0.000000 0.500000 0 0 0
-0.048569 0.050514 -0.277814 5 0.500000 0.000000 0.000000 0 0 0
-0.048525 0.050281 -0.278222 5 0.500000 0.000000 0.000000 0 0 0
-0.048302 0.050085 -0.277820 5 0.500000 0.000000 0.000000 0 0 0
-0.056587 0.051460 -0.278545 1 0.000000 0.300000 1.000000 0 0 0
-0.056433 0.051874 -0.278431 1 0.000000 0.300000 1.000000 0 0 0
-0.056750 0.051769 -0.278323 1 0.000000 0.300000 1.000000 0 0 0
-0.057087 0.051358 -0.278333 1 0.000000 0.300000 1.000000 0 0 0
-0.056531 0.052288 -0.278255 1 0.000000 0.300000 1.000000 0 0 0
-0.056173 0.052134 -0.278474 1 0.000000 0.300000 1.000000 0 0 0
-0.056181 0.051758 -0.278654 1 0.000000 0.300000 1.000000 0 0 0
-0.056324 0.051447 -0.278727 1 0.000000 0.300000 1.000000 0 0 0
-0.055874 0.052152 -0.278673 1 0.000000 0.300000 1.000000 0 0 0
-0.055895 0.052635 -0.278448 1 0.000000 0.300000 1.000000 0 0 0
-0.055631 0.052414 -0.278716 1 0.000000 0.300000 1.000000 0 0 0
-0.055483 0.053010 -0.278526 1 0.000000 0.300000 1.000000 0 0 0
-0.055388 0.052705 -0.278759 1 0.000000 0.300000 1.000000 0 0 0
-0.055682 0.053154 -0.278358 1 0.000000 0.300000 1.000000 0 0 0
-0.055337 0.053416 -0.278440 1 0.000000 0.300000 1.000000 0 0 0
-0.055136 0.053162 -0.278688 0 0.000000 0.000000 0.500000 0 0 0
-0.054935 0.053597 -0.278586 0 0.000000 0.000000 0.500000 0 0 0
-0.049899 0.052440 -0.278370 0 0.000000 0.000000 0.500000 0 0 0
-0.049754 0.052444 -0.277986 0 0.000000 0.000000 0.500000 0 0 0
-0.050927 0.053508 -0.278612 0 0.000000 0.000000 0.500000 0 0 0
-0.050695 0.053246 -0.278689 0 0.000000 0.000000 0.500000 0 0 0
-0.050764 0.053538 -0.278304 0 0.000000 0.000000 0.500000 0 0 0
-0.050452 0.053012 -0.278651 0 0.000000 0.000000 0.500000 0 0 0
-0.050259 0.052749 -0.278723 0 0.000000 0.000000 0.500000 0 0 0
-0.050329 0.053087 -0.278251 0 0.000000 0.000000 0.500000 0 0 0
-0.049890 0.052776 -0.277818 0 0.000000 0.000000 0.500000 0 0 0
-0.050150 0.053246 -0.277698 0 0.000000 0.000000 0.500000 0 0 0
-0.050509 0.053656 -0.277764 0 0.000000 0.000000 0.500000 0 0 0
-0.052977 0.054706 -0.278380 0 0.000000 0.000000 0.500000 0 0 0
-0.052493 0.054469 -0.278515 0 0.000000 0.000000 0.500000 0 0 0
-0.052450 0.054807 -0.278134 0 0.000000 0.000000 0.500000 0 0 0
-0.052002 0.054419 -0.278342 0 0.000000 0.000000 0.500000 0 0 0
-0.051569 0.054087 -0.278460 0 0.000000 0.000000 0.500000 0 0 0
-0.051163 0.053775 -0.278494 0 0.000000 0.000000 0.500000 0 0 0
-0.051285 0.054096 -0.278169 0 0.000000 0.000000 0.500000 0 0 0
-0.050953 0.053927 -0.278014 0 0.000000 0.000000 0.500000 0 0 0
-0.051189 0.054313 -0.277802 0 0.000000 0.000000 0.500000 0 0 0
-0.051550 0.054365 -0.278073 0 0.000000 0.000000 0.500000 0 0 0
-0.051774 0.054621 -0.277952 0 0.000000 0.000000 0.500000 0 0 0
-0.059249 0.024262 -0.277737 3 0.806452 1.000000 0.161290 0 0 0
-0.058776 0.024236 -0.277591 3 0.806452 1.000000 0.161290 0 0 0
-0.048832 0.050968 -0.277810 0 0.000000 0.000000 0.500000 0 0 0
-0.048595 0.050748 -0.277450 5 0.500000 0.000000 0.000000 0 0 0
-0.049004 0.051427 -0.277556 0 0.000000 0.000000 0.500000 0 0 0
-0.048739 0.051110 -0.277294 5 0.500000 0.000000 0.000000 0 0 0
-0.048880 0.051520 -0.277101 0 0.000000 0.000000 0.500000 0 0 0
-0.048333 0.050373 -0.277324 5 0.500000 0.000000 0.000000 0 0 0
-0.048477 0.050807 -0.277033 5 0.500000 0.000000 0.000000 0 0 0
-0.049593 0.052378 -0.277700 0 0.000000 0.000000 0.500000 0 0 0
-0.049635 0.052683 -0.277414 0 0.000000 0.000000 0.500000 0 0 0
-0.049845 0.053133 -0.277308 0 0.000000 0.000000 0.500000 0 0 0
-0.050156 0.053560 -0.277346 0 0.000000 0.000000 0.500000 0 0 0
-0.049925 0.053498 -0.277064 0 0.000000 0.000000 0.500000 0 0 0
-0.050804 0.054164 -0.277550 0 0.000000 0.000000 0.500000 0 0 0
-0.051486 0.054639 -0.277709 0 0.000000 0.000000 0.500000 0 0 0
-0.050091 0.053759 -0.277054 0 0.000000 0.000000 0.500000 0 0 0
-0.050393 0.054048 -0.277180 0 0.000000 0.000000 0.500000 0 0 0
-0.050712 0.054356 -0.277246 0 0.000000 0.000000 0.500000 0 0 0
-0.038048 0.031167 -0.278265 4 1.000000 0.407407 0.000000 0 0 0
-0.037896 0.030426 -0.278537 4 1.000000 0.407407 0.000000 0 0 0
-0.037666 0.030624 -0.277629 4 1.000000 0.407407 0.000000 0 0 0
-0.037952 0.031262 -0.277700 4 1.000000 0.407407 0.000000 0 0 0
-0.037005 0.029575 -0.277381 4 1.000000 0.407407 0.000000 0 0 0
-0.037279 0.029926 -0.277505 4 1.000000 0.407407 0.000000 0 0 0
-0.037202 0.029512 -0.277743 4 1.000000 0.407407 0.000000 0 0 0
-0.037538 0.029611 -0.278259 4 1.000000 0.407407 0.000000 0 0 0
-0.037166 0.029180 -0.277932 4 1.000000 0.407407 0.000000 0 0 0
-0.037267 0.028767 -0.278321 4 1.000000 0.407407 0.000000 0 0 0
-0.038151 0.031967 -0.277685 5 0.500000 0.000000 0.000000 0 0 0
-0.038287 0.031854 -0.278699 5 0.500000 0.000000 0.000000 0 0 0
-0.038530 0.033039 -0.278608 5 0.500000 0.000000 0.000000 0 0 0
-0.038380 0.032933 -0.277475 5 0.500000 0.000000 0.000000 0 0 0
-0.038987 0.034814 -0.278514 5 0.500000 0.000000 0.000000 0 0 0
-0.038773 0.033980 -0.278533 5 0.500000 0.000000 0.000000 0 0 0
-0.038658 0.033963 -0.277624 5 0.500000 0.000000 0.000000 0 0 0
-0.038856 0.034647 -0.277691 5 0.500000 0.000000 0.000000 0 0 0
-0.038941 0.035260 -0.277380 5 0.500000 0.000000 0.000000 0 0 0
-0.039348 0.035997 -0.278324 5 0.500000 0.000000 0.000000 0 0 0
-0.039216 0.036019 -0.277528 5 0.500000 0.000000 0.000000 0 0 0
-0.039056 0.035960 -0.276997 5 0.500000 0.000000 0.000000 0 0 0
-0.039438 0.036483 -0.277709 5 0.500000 0.000000 0.000000 0 0 0
-0.039684 0.036845 -0.278192 5 0.500000 0.000000 0.000000 0 0 0
-0.039290 0.036422 -0.277200 5 0.500000 0.000000 0.000000 0 0 0
-0.039655 0.037153 -0.277267 5 0.500000 0.000000 0.000000 0 0 0
-0.040179 0.037726 -0.278316 5 0.500000 0.000000 0.000000 0 0 0
-0.040093 0.037819 -0.277456 5 0.500000 0.000000 0.000000 0 0 0
-0.040582 0.038536 -0.277354 5 0.500000 0.000000 0.000000 0 0 0
-0.040651 0.038411 -0.278324 5 0.500000 0.000000 0.000000 0 0 0
-0.049206 0.051955 -0.277343 0 0.000000 0.000000 0.500000 0 0 0
-0.049098 0.051737 -0.277357 0 0.000000 0.000000 0.500000 0 0 0
-0.049070 0.051904 -0.277093 0 0.000000 0.000000 0.500000 0 0 0
-0.048750 0.051502 -0.276812 5 0.500000 0.000000 0.000000 0 0 0
-0.048851 0.051763 -0.276769 5 0.500000 0.000000 0.000000 0 0 0
-0.049039 0.052164 -0.276769 0 0.000000 0.000000 0.500000 0 0 0
-0.049327 0.052294 -0.277228 0 0.000000 0.000000 0.500000 0 0 0
-0.049235 0.052546 -0.276796 0 0.000000 0.000000 0.500000 0 0 0
-0.049496 0.052822 -0.277013 0 0.000000 0.000000 0.500000 0 0 0
-0.049276 0.052943 -0.276535 0 0.000000 0.000000 0.500000 0 0 0
-0.049633 0.053319 -0.276792 0 0.000000 0.000000 0.500000 0 0 0
-0.039322 0.024178 -0.277486 4 1.000000 0.407407 0.000000 0 0 0
-0.039567 0.024030 -0.277484 4 1.000000 0.407407 0.000000 0 0 0
-0.039283 0.024038 -0.277135 4 1.000000 0.407407 0.000000 0 0 0
-0.039024 0.024008 -0.276757 4 1.000000 0.407407 0.000000 0 0 0
-0.038712 0.024321 -0.277017 4 1.000000 0.407407 0.000000 0 0 0
-0.038988 0.024393 -0.277523 4 1.000000 0.407407 0.000000 0 0 0
-0.038516 0.024637 -0.277400 4 1.000000 0.407407 0.000000 0 0 0
-0.038188 0.024697 -0.277086 4 1.000000 0.407407 0.000000 0 0 0
-0.038257 0.024407 -0.276676 4 1.000000 0.407407 0.000000 0 0 0
-0.038102 0.024980 -0.277509 4 1.000000 0.407407 0.000000 0 0 0
-0.037839 0.024740 -0.276774 4 1.000000 0.407407 0.000000 0 0 0
-0.037691 0.025105 -0.277136 4 1.000000 0.407407 0.000000 0 0 0
-0.037788 0.025205 -0.277455 4 1.000000 0.407407 0.000000 0 0 0
-0.037551 0.024972 -0.276798 4 1.000000 0.407407 0.000000 0 0 0
-0.037355 0.025208 -0.276870 4 1.000000 0.407407 0.000000 0 0 0
-0.037322 0.025023 -0.276607 4 1.000000 0.407407 0.000000 0 0 0
-0.037069 0.025348 -0.276682 4 1.000000 0.407407 0.000000 0 0 0
-0.037542 0.025443 -0.277475 4 1.000000 0.407407 0.000000 0 0 0
-0.037180 0.025601 -0.277113 4 1.000000 0.407407 0.000000 0 0 0
-0.037308 0.025678 -0.277455 4 1.000000 0.407407 0.000000 0 0 0
-0.037130 0.025943 -0.277507 4 1.000000 0.407407 0.000000 0 0 0
-0.036956 0.025607 -0.276810 4 1.000000 0.407407 0.000000 0 0 0
-0.036801 0.025883 -0.276833 4 1.000000 0.407407 0.000000 0 0 0
-0.036848 0.026186 -0.277228 4 1.000000 0.407407 0.000000 0 0 0
-0.036959 0.026197 -0.277507 4 1.000000 0.407407 0.000000 0 0 0
-0.036483 0.026411 -0.276734 4 1.000000 0.407407 0.000000 0 0 0
-0.036857 0.026417 -0.277530 4 1.000000 0.407407 0.000000 0 0 0
-0.036624 0.026831 -0.277352 4 1.000000 0.407407 0.000000 0 0 0
-0.036301 0.027026 -0.276826 4 1.000000 0.407407 0.000000 0 0 0
-0.036197 0.026804 -0.276472 4 1.000000 0.407407 0.000000 0 0 0
-0.036367 0.027403 -0.277158 4 1.000000 0.407407 0.000000 0 0 0
-0.036131 0.027116 -0.276527 4 1.000000 0.407407 0.000000 0 0 0
-0.036265 0.027687 -0.277061 4 1.000000 0.407407 0.000000 0 0 0
-0.041708 0.022787 -0.276550 4 1.000000 0.407407 0.000000 0 0 0
-0.042118 0.022824 -0.276694 4 1.000000 0.407407 0.000000 0 0 0
-0.042218 0.022732 -0.276343 4 1.000000 0.407407 0.000000 0 0 0
-0.041921 0.022581 -0.275862 4 1.000000 0.407407 0.000000 0 0 0
-0.042873 0.022782 -0.276145 4 1.000000 0.407407 0.000000 0 0 0
-0.042633 0.022762 -0.276248 4 1.000000 0.407407 0.000000 0 0 0
-0.042988 0.022881 -0.276424 4 1.000000 0.407407 0.000000 0 0 0
-0.042536 0.022891 -0.276763 4 1.000000 0.407407 0.000000 0 0 0
-0.042988 0.022989 -0.276843 4 1.000000 0.407407 0.000000 0 0 0
-0.041207 0.022688 -0.275846 4 1.000000 0.407407 0.000000 0 0 0
-0.041162 0.022852 -0.276561 4 1.000000 0.407407 0.000000 0 0 0
-0.040738 0.022931 -0.276344 4 1.000000 0.407407 0.000000 0 0 0
-0.040895 0.022955 -0.276713 4 1.000000 0.407407 0.000000 0 0 0
-0.040647 0.022853 -0.275855 4 1.000000 0.407407 0.000000 0 0 0
-0.040696 0.023034 -0.276697 4 1.000000 0.407407 0.000000 0 0 0
-0.043092 0.022792 -0.276024 4 1.000000 0.407407 0.000000 0 0 0
-0.040224 0.023070 -0.276009 4 1.000000 0.407407 0.000000 0 0 0
-0.040335 0.023219 -0.276666 4 1.000000 0.407407 0.000000 0 0 0
-0.039871 0.023305 -0.276251 4 1.000000 0.407407 0.000000 0 0 0
-0.039827 0.023466 -0.276601 4 1.000000 0.407407 0.000000 0 0 0
-0.039628 0.023433 -0.276249 4 1.000000 0.407407 0.000000 0 0 0
-0.039470 0.023599 -0.276422 4 1.000000 0.407407 0.000000 0 0 0
-0.039606 0.023721 -0.276873 4 1.000000 0.407407 0.000000 0 0 0
-0.039302 0.023826 -0.276713 4 1.000000 0.407407 0.000000 0 0 0
-0.039098 0.023787 -0.276378 4 1.000000 0.407407 0.000000 0 0 0
-0.038695 0.024079 -0.276540 4 1.000000 0.407407 0.000000 0 0 0
-0.038745 0.023841 -0.276120 4 1.000000 0.407407 0.000000 0 0 0
-0.038318 0.024143 -0.276285 4 1.000000 0.407407 0.000000 0 0 0
-0.038384 0.023946 -0.275983 4 1.000000 0.407407 0.000000 0 0 0
-0.038050 0.024147 -0.276022 4 1.000000 0.407407 0.000000 0 0 0
-0.037793 0.024487 -0.276340 4 1.000000 0.407407 0.000000 0 0 0
-0.037614 0.024303 -0.275804 4 1.000000 0.407407 0.000000 0 0 0
-0.037352 0.024641 -0.276126 4 1.000000 0.407407 0.000000 0 0 0
-0.037249 0.024550 -0.275881 4 1.000000 0.407407 0.000000 0 0 0
-0.037103 0.024747 -0.276005 4 1.000000 0.407407 0.000000 0 0 0
-0.037063 0.024666 -0.275811 4 1.000000 0.407407 0.000000 0 0 0
-0.043909 0.042737 -0.277673 5 0.500000 0.000000 0.000000 0 0 0
-0.043520 0.042418 -0.276773 5 0.500000 0.000000 0.000000 0 0 0
-0.043922 0.043183 -0.276696 5 0.500000 0.000000 0.000000 0 0 0
-0.044169 0.043347 -0.277305 5 0.500000 0.000000 0.000000 0 0 0
-0.044154 0.043743 -0.276471 5 0.500000 0.000000 0.000000 0 0 0
-0.044267 0.044030 -0.276341 5 0.500000 0.000000 0.000000 0 0 0
-0.048710 0.051982 -0.276296 5 0.500000 0.000000 0.000000 0 0 0
-0.048417 0.051766 -0.275907 5 0.500000 0.000000 0.000000 0 0 0
-0.048485 0.052192 -0.275753 5 0.500000 0.000000 0.000000 0 0 0
-0.048783 0.052499 -0.276046 5 0.500000 0.000000 0.000000 0 0 0
-0.048654 0.052553 -0.275802 5 0.500000 0.000000 0.000000 0 0 0
-0.048308 0.051809 -0.275681 5 0.500000 0.000000 0.000000 0 0 0
-0.049176 0.053096 -0.276264 0 0.000000 0.000000 0.500000 0 0 0
-0.049022 0.052849 -0.276194 0 0.000000 0.000000 0.500000 0 0 0
-0.049066 0.053130 -0.276081 0 0.000000 0.000000 0.500000 0 0 0
-0.048791 0.052911 -0.275818 5 0.500000 0.000000 0.000000 0 0 0
-0.049324 0.053448 -0.276255 0 0.000000 0.000000 0.500000 0 0 0
-0.049000 0.053330 -0.275889 5 0.500000 0.000000 0.000000 0 0 0
-0.048542 0.052605 -0.275611 5 0.500000 0.000000 0.000000 0 0 0
-0.047929 0.051525 -0.275216 5 0.500000 0.000000 0.000000 0 0 0
-0.047878 0.051210 -0.275309 5 0.500000 0.000000 0.000000 0 0 0
-0.048175 0.051890 -0.275424 5 0.500000 0.000000 0.000000 0 0 0
-0.048260 0.052435 -0.275296 5 0.500000 0.000000 0.000000 0 0 0
-0.048496 0.052928 -0.275413 5 0.500000 0.000000 0.000000 0 0 0
-0.042995 0.042160 -0.275515 5 0.500000 0.000000 0.000000 0 0 0
-0.041771 0.041369 -0.272684 5 0.500000 0.000000 0.000000 0 0 0
-0.042005 0.041692 -0.272772 5 0.500000 0.000000 0.000000 0 0 0
-0.041732 0.041241 -0.273069 5 0.500000 0.000000 0.000000 0 0 0
-0.042286 0.042095 -0.272859 5 0.500000 0.000000 0.000000 0 0 0
-0.042440 0.042400 -0.272653 5 0.500000 0.000000 0.000000 0 0 0
-0.043131 0.043501 -0.272938 5 0.500000 0.000000 0.000000 0 0 0
-0.042896 0.043068 -0.272971 5 0.500000 0.000000 0.000000 0 0 0
-0.043410 0.044024 -0.272920 5 0.500000 0.000000 0.000000 0 0 0
-0.043259 0.043916 -0.272542 5 0.500000 0.000000 0.000000 0 0 0
-0.043428 0.044193 -0.272634 5 0.500000 0.000000 0.000000 0 0 0
-0.043641 0.044571 -0.272746 5 0.500000 0.000000 0.000000 0 0 0
-0.042680 0.042755 -0.272813 5 0.500000 0.000000 0.000000 0 0 0
-0.043945 0.044967 -0.273094 5 0.500000 0.000000 0.000000 0 0 0
-0.044057 0.045269 -0.272983 5 0.500000 0.000000 0.000000 0 0 0
-0.044408 0.045765 -0.273331 5 0.500000 0.000000 0.000000 0 0 0
-0.044171 0.045675 -0.272785 5 0.500000 0.000000 0.000000 0 0 0
-0.044456 0.046077 -0.273057 5 0.500000 0.000000 0.000000 0 0 0
-0.044622 0.046429 -0.273092 5 0.500000 0.000000 0.000000 0 0 0
-0.045244 0.048120 -0.272954 5 0.500000 0.000000 0.000000 0 0 0
-0.045350 0.048554 -0.272860 5 0.500000 0.000000 0.000000 0 0 0
-0.045613 0.048915 -0.273081 5 0.500000 0.000000 0.000000 0 0 0
-0.045462 0.049010 -0.272787 5 0.500000 0.000000 0.000000 0 0 0
-0.046355 0.050451 -0.273423 5 0.500000 0.000000 0.000000 0 0 0
-0.045713 0.049416 -0.272977 5 0.500000 0.000000 0.000000 0 0 0
-0.045964 0.049818 -0.273145 5 0.500000 0.000000 0.000000 0 0 0
-0.041568 0.041097 -0.272608 5 0.500000 0.000000 0.000000 0 0 0
-0.041361 0.040737 -0.273050 5 0.500000 0.000000 0.000000 0 0 0
-0.041030 0.040131 -0.273871 5 0.500000 0.000000 0.000000 0 0 0
-0.040985 0.040278 -0.272816 5 0.500000 0.000000 0.000000 0 0 0
-0.040739 0.039924 -0.273058 5 0.500000 0.000000 0.000000 0 0 0
-0.041601 0.040955 -0.273562 5 0.500000 0.000000 0.000000 0 0 0
-0.041765 0.041445 -0.272289 5 0.500000 0.000000 0.000000 0 0 0
-0.041509 0.041088 -0.272182 5 0.500000 0.000000 0.000000 0 0 0
-0.041254 0.040704 -0.272378 5 0.500000 0.000000 0.000000 0 0 0
-0.040926 0.040287 -0.272235 5 0.500000 0.000000 0.000000 0 0 0
-0.042006 0.041819 -0.272253 5 0.500000 0.000000 0.000000 0 0 0
-0.042213 0.042082 -0.272474 5 0.500000 0.000000 0.000000 0 0 0
-0.042349 0.042363 -0.272280 5 0.500000 0.000000 0.000000 0 0 0
-0.042846 0.043140 -0.272559 5 0.500000 0.000000 0.000000 0 0 0
-0.043021 0.043561 -0.272341 5 0.500000 0.000000 0.000000 0 0 0
-0.043155 0.043959 -0.272095 5 0.500000 0.000000 0.000000 0 0 0
-0.043382 0.044268 -0.272344 5 0.500000 0.000000 0.000000 0 0 0
-0.043487 0.044636 -0.272145 5 0.500000 0.000000 0.000000 0 0 0
-0.042559 0.042739 -0.272277 5 0.500000 0.000000 0.000000 0 0 0
-0.043917 0.045162 -0.272712 5 0.500000 0.000000 0.000000 0 0 0
-0.043931 0.045404 -0.272434 5 0.500000 0.000000 0.000000 0 0 0
-0.043724 0.045090 -0.272260 5 0.500000 0.000000 0.000000 0 0 0
-0.043845 0.045419 -0.272194 5 0.500000 0.000000 0.000000 0 0 0
-0.044427 0.046354 -0.272693 5 0.500000 0.000000 0.000000 0 0 0
-0.043969 0.045672 -0.272250 5 0.500000 0.000000 0.000000 0 0 0
-0.044151 0.046095 -0.272296 5 0.500000 0.000000 0.000000 0 0 0
-0.044501 0.046703 -0.272537 5 0.500000 0.000000 0.000000 0 0 0
-0.045085 0.048203 -0.272616 5 0.500000 0.000000 0.000000 0 0 0
-0.045143 0.048517 -0.272535 5 0.500000 0.000000 0.000000 0 0 0
-0.045202 0.048881 -0.272461 5 0.500000 0.000000 0.000000 0 0 0
-0.044858 0.020318 -0.271141 3 0.806452 1.000000 0.161290 0 0 0
-0.045291 0.020387 -0.271320 3 0.806452 1.000000 0.161290 0 0 0
-0.045088 0.020166 -0.270905 3 0.806452 1.000000 0.161290 0 0 0
-0.044761 0.020195 -0.270897 3 0.806452 1.000000 0.161290 0 0 0
-0.044430 0.020325 -0.271032 4 1.000000 0.407407 0.000000 0 0 0
-0.044723 0.020541 -0.271522 4 1.000000 0.407407 0.000000 0 0 0
-0.045226 0.020619 -0.271739 3 0.806452 1.000000 0.161290 0 0 0
-0.044027 0.020598 -0.271413 4 1.000000 0.407407 0.000000 0 0 0
-0.043968 0.020423 -0.271028 4 1.000000 0.407407 0.000000 0 0 0
-0.043402 0.020538 -0.270943 4 1.000000 0.407407 0.000000 0 0 0
-0.043558 0.020745 -0.271522 4 1.000000 0.407407 0.000000 0 0 0
-0.043131 0.020877 -0.271562 4 1.000000 0.407407 0.000000 0 0 0
-0.042748 0.020835 -0.271130 4 1.000000 0.407407 0.000000 0 0 0
-0.042815 0.020664 -0.270760 4 1.000000 0.407407 0.000000 0 0 0
-0.042729 0.020975 -0.271496 4 1.000000 0.407407 0.000000 0 0 0
-0.042570 0.020784 -0.270822 4 1.000000 0.407407 0.000000 0 0 0
-0.042261 0.020922 -0.270855 4 1.000000 0.407407 0.000000 0 0 0
-0.042314 0.021091 -0.271416 4 1.000000 0.407407 0.000000 0 0 0
-0.041834 0.021162 -0.271057 4 1.000000 0.407407 0.000000 0 0 0
-0.041723 0.021345 -0.271546 4 1.000000 0.407407 0.000000 0 0 0
-0.041518 0.021332 -0.271195 4 1.000000 0.407407 0.000000 0 0 0
-0.041425 0.021417 -0.271381 4 1.000000 0.407407 0.000000 0 0 0
-0.041442 0.021450 -0.271546 4 1.000000 0.407407 0.000000 0 0 0
-0.041282 0.021501 -0.271467 4 1.000000 0.407407 0.000000 0 0 0
-0.041192 0.021464 -0.271128 4 1.000000 0.407407 0.000000 0 0 0
-0.041018 0.021638 -0.271492 4 1.000000 0.407407 0.000000 0 0 0
-0.040805 0.021655 -0.271125 4 1.000000 0.407407 0.000000 0 0 0
-0.045172 0.018835 -0.268899 3 0.806452 1.000000 0.161290 0 0 0
-0.045439 0.018581 -0.268628 3 0.806452 1.000000 0.161290 0 0 0
-0.045053 0.018621 -0.268565 3 0.806452 1.000000 0.161290 0 0 0
-0.045567 0.018811 -0.268969 3 0.806452 1.000000 0.161290 0 0 0
-0.044355 0.018615 -0.268253 4 1.000000 0.407407 0.000000 0 0 0
-0.044800 0.018561 -0.268383 3 0.806452 1.000000 0.161290 0 0 0
-0.044737 0.018443 -0.268184 3 0.806452 1.000000 0.161290 0 0 0
-0.044699 0.018825 -0.268719 3 0.806452 1.000000 0.161290 0 0 0
-0.044201 0.018958 -0.268695 4 1.000000 0.407407 0.000000 0 0 0
-0.043902 0.018861 -0.268389 4 1.000000 0.407407 0.000000 0 0 0
-0.043727 0.019171 -0.268767 4 1.000000 0.407407 0.000000 0 0 0
-0.043384 0.018909 -0.268154 4 1.000000 0.407407 0.000000 0 0 0
-0.043274 0.019211 -0.268553 4 1.000000 0.407407 0.000000 0 0 0
-0.043037 0.019172 -0.268334 4 1.000000 0.407407 0.000000 0 0 0
-0.043305 0.019421 -0.268898 4 1.000000 0.407407 0.000000 0 0 0
-0.042923 0.019396 -0.268595 4 1.000000 0.407407 0.000000 0 0 0
-0.042799 0.019265 -0.268307 4 1.000000 0.407407 0.000000 0 0 0
-0.042433 0.019411 -0.268242 4 1.000000 0.407407 0.000000 0 0 0
-0.042634 0.019681 -0.268812 4 1.000000 0.407407 0.000000 0 0 0
-0.042271 0.019764 -0.268639 4 1.000000 0.407407 0.000000 0 0 0
-0.041948 0.019742 -0.268334 4 1.000000 0.407407 0.000000 0 0 0
-0.042392 0.019926 -0.268988 4 1.000000 0.407407 0.000000 0 0 0
-0.041954 0.020060 -0.268812 4 1.000000 0.407407 0.000000 0 0 0
-0.041683 0.019959 -0.268417 4 1.000000 0.407407 0.000000 0 0 0
-0.041522 0.020167 -0.268571 4 1.000000 0.407407 0.000000 0 0 0
-0.041578 0.020362 -0.268922 4 1.000000 0.407407 0.000000 0 0 0
-0.041372 0.020024 -0.268234 4 1.000000 0.407407 0.000000 0 0 0
-0.041284 0.020212 -0.268417 4 1.000000 0.407407 0.000000 0 0 0
-0.040980 0.020277 -0.268237 4 1.000000 0.407407 0.000000 0 0 0
-0.041263 0.020370 -0.268627 4 1.000000 0.407407 0.000000 0 0 0
-0.040704 0.020563 -0.268370 4 1.000000 0.407407 0.000000 0 0 0
-0.040671 0.020709 -0.268543 4 1.000000 0.407407 0.000000 0 0 0
-0.036903 0.022878 -0.268405 4 1.000000 0.407407 0.000000 0 0 0
-0.037370 0.022535 -0.268288 4 1.000000 0.407407 0.000000 0 0 0
-0.036579 0.023191 -0.268602 4 1.000000 0.407407 0.000000 0 0 0
-0.036098 0.023588 -0.268516 4 1.000000 0.407407 0.000000 0 0 0
-0.035366 0.024206 -0.268055 4 1.000000 0.407407 0.000000 0 0 0
-0.034944 0.025013 -0.268626 4 1.000000 0.407407 0.000000 0 0 0
-0.035174 0.025022 -0.269680 4 1.000000 0.407407 0.000000 0 0 0
-0.034580 0.025904 -0.269283 4 1.000000 0.407407 0.000000 0 0 0
-0.034596 0.025554 -0.268559 4 1.000000 0.407407 0.000000 0 0 0
-0.034161 0.026306 -0.268262 4 1.000000 0.407407 0.000000 0 0 0
-0.034347 0.025946 -0.268351 4 1.000000 0.407407 0.000000 0 0 0
-0.034236 0.026550 -0.269153 4 1.000000 0.407407 0.000000 0 0 0
-0.036139 0.033674 -0.269306 5 0.500000 0.000000 0.000000 0 0 0
-0.035749 0.033012 -0.269281 5 0.500000 0.000000 0.000000 0 0 0
-0.035869 0.033723 -0.268653 5 0.500000 0.000000 0.000000 0 0 0
-0.035333 0.032934 -0.268468 5 0.500000 0.000000 0.000000 0 0 0
-0.035360 0.032522 -0.268997 5 0.500000 0.000000 0.000000 0 0 0
-0.035536 0.032506 -0.269427 5 0.500000 0.000000 0.000000 0 0 0
-0.034967 0.032540 -0.268120 5 0.500000 0.000000 0.000000 0 0 0
-0.035056 0.032932 -0.267906 5 0.500000 0.000000 0.000000 0 0 0
-0.036278 0.034151 -0.268978 5 0.500000 0.000000 0.000000 0 0 0
-0.036500 0.034125 -0.269560 5 0.500000 0.000000 0.000000 0 0 0
-0.038341 0.037431 -0.269427 5 0.500000 0.000000 0.000000 0 0 0
-0.035472 0.033568 -0.268056 5 0.500000 0.000000 0.000000 0 0 0
-0.035252 0.033192 -0.268035 5 0.500000 0.000000 0.000000 0 0 0
-0.035768 0.033968 -0.268175 5 0.500000 0.000000 0.000000 0 0 0
-0.033826 0.024329 -0.265077 4 1.000000 0.407407 0.000000 0 0 0
-0.033529 0.024619 -0.264906 4 1.000000 0.407407 0.000000 0 0 0
-0.033148 0.024861 -0.264573 4 1.000000 0.407407 0.000000 0 0 0
-0.033190 0.025126 -0.264819 4 1.000000 0.407407 0.000000 0 0 0
-0.032961 0.025432 -0.264696 4 1.000000 0.407407 0.000000 0 0 0
-0.032901 0.025812 -0.264830 4 1.000000 0.407407 0.000000 0 0 0
-0.032685 0.025922 -0.264563 4 1.000000 0.407407 0.000000 0 0 0
-0.032681 0.026202 -0.264680 4 1.000000 0.407407 0.000000 0 0 0
-0.032871 0.026222 -0.264996 4 1.000000 0.407407 0.000000 0 0 0
-0.032699 0.026654 -0.264890 4 1.000000 0.407407 0.000000 0 0 0
-0.032640 0.027061 -0.264928 4 1.000000 0.407407 0.000000 0 0 0
-0.032637 0.027480 -0.265033 4 1.000000 0.407407 0.000000 0 0 0
-0.032580 0.028098 -0.265005 4 1.000000 0.407407 0.000000 0 0 0
-0.032619 0.028726 -0.265081 4 1.000000 0.407407 0.000000 0 0 0
-0.032816 0.030062 -0.265169 4 1.000000 0.407407 0.000000 0 0 0
-0.032668 0.029693 -0.264986 4 1.000000 0.407407 0.000000 0 0 0
-0.032660 0.030131 -0.264843 4 1.000000 0.407407 0.000000 0 0 0
-0.032534 0.029225 -0.264821 4 1.000000 0.407407 0.000000 0 0 0
-0.032667 0.023997 -0.263439 4 1.000000 0.407407 0.000000 0 0 0
-0.032419 0.024196 -0.263320 4 1.000000 0.407407 0.000000 0 0 0
-0.032067 0.024485 -0.263129 4 1.000000 0.407407 0.000000 0 0 0
-0.032148 0.024757 -0.263352 4 1.000000 0.407407 0.000000 0 0 0
-0.031883 0.024946 -0.263154 4 1.000000 0.407407 0.000000 0 0 0
-0.031881 0.025397 -0.263319 4 1.000000 0.407407 0.000000 0 0 0
-0.031806 0.025869 -0.263366 4 1.000000 0.407407 0.000000 0 0 0
-0.031630 0.025639 -0.263100 4 1.000000 0.407407 0.000000 0 0 0
-0.031721 0.026436 -0.263364 4 1.000000 0.407407 0.000000 0 0 0
-0.031648 0.026855 -0.263300 4 1.000000 0.407407 0.000000 0 0 0
-0.031720 0.028152 -0.263393 4 1.000000 0.407407 0.000000 0 0 0
-0.031637 0.027722 -0.263280 4 1.000000 0.407407 0.000000 0 0 0
-0.031706 0.028838 -0.263310 4 1.000000 0.407407 0.000000 0 0 0
-0.031763 0.029439 -0.263342 4 1.000000 0.407407 0.000000 0 0 0
-0.031828 0.029866 -0.263402 4 1.000000 0.407407 0.000000 0 0 0
-0.032003 0.030132 -0.263664 5 0.500000 0.000000 0.000000 0 0 0
-0.031508 0.026045 -0.263032 4 1.000000 0.407407 0.000000 0 0 0
-0.051401 0.031475 -0.294504 3 0.806452 1.000000 0.161290 0 0 0
-0.050769 0.031645 -0.294532 3 0.806452 1.000000 0.161290 0 0 0
-0.051784 0.031887 -0.294644 2 0.161290 1.000000 0.806452 0 0 0
-0.051477 0.031884 -0.294650 2 0.161290 1.000000 0.806452 0 0 0
-0.050697 0.032064 -0.294653 2 0.161290 1.000000 0.806452 0 0 0
-0.051170 0.032029 -0.294679 2 0.161290 1.000000 0.806452 0 0 0
-0.050334 0.031422 -0.294423 3 0.806452 1.000000 0.161290 0 0 0
-0.049708 0.031465 -0.294344 3 0.806452 1.000000 0.161290 0 0 0
-0.050288 0.031854 -0.294543 3 0.806452 1.000000 0.161290 0 0 0
-0.049850 0.032180 -0.294553 3 0.806452 1.000000 0.161290 0 0 0
-0.050886 0.032442 -0.294772 2 0.161290 1.000000 0.806452 0 0 0
-0.050393 0.032348 -0.294688 2 0.161290 1.000000 0.806452 0 0 0
-0.049566 0.032591 -0.294588 2 0.161290 1.000000 0.806452 0 0 0
-0.050064 0.032732 -0.294718 2 0.161290 1.000000 0.806452 0 0 0
-0.049674 0.033150 -0.294714 2 0.161290 1.000000 0.806452 0 0 0
-0.049484 0.030802 -0.294113 3 0.806452 1.000000 0.161290 0 0 0
-0.049103 0.031186 -0.294169 3 0.806452 1.000000 0.161290 0 0 0
-0.049170 0.031566 -0.294282 3 0.806452 1.000000 0.161290 0 0 0
-0.048779 0.031520 -0.294196 3 0.806452 1.000000 0.161290 0 0 0
-0.049107 0.032091 -0.294384 3 0.806452 1.000000 0.161290 0 0 0
-0.048430 0.031850 -0.294193 3 0.806452 1.000000 0.161290 0 0 0
-0.048576 0.032260 -0.294300 3 0.806452 1.000000 0.161290 0 0 0
-0.048236 0.032200 -0.294206 3 0.806452 1.000000 0.161290 0 0 0
-0.049155 0.032810 -0.294529 2 0.161290 1.000000 0.806452 0 0 0
-0.048765 0.032577 -0.294394 3 0.806452 1.000000 0.161290 0 0 0
-0.049194 0.033317 -0.294616 2 0.161290 1.000000 0.806452 0 0 0
-0.049513 0.033685 -0.294754 2 0.161290 1.000000 0.806452 0 0 0
-0.048645 0.033141 -0.294434 2 0.161290 1.000000 0.806452 0 0 0
-0.048356 0.032583 -0.294289 3 0.806452 1.000000 0.161290 0 0 0
-0.048031 0.032932 -0.294226 3 0.806452 1.000000 0.161290 0 0 0
-0.048185 0.033407 -0.294312 2 0.161290 1.000000 0.806452 0 0 0
-0.057521 0.033675 -0.294045 2 0.161290 1.000000 0.806452 0 0 0
-0.057506 0.033996 -0.294123 1 0.000000 0.300000 1.000000 0 0 0
-0.057699 0.033902 -0.294028 2 0.161290 1.000000 0.806452 0 0 0
-0.057416 0.034358 -0.294202 1 0.000000 0.300000 1.000000 0 0 0
-0.057769 0.034183 -0.294032 1 0.000000 0.300000 1.000000 0 0 0
-0.057097 0.033872 -0.294240 2 0.161290 1.000000 0.806452 0 0 0
-0.056377 0.033933 -0.294494 1 0.000000 0.300000 1.000000 0 0 0
-0.056930 0.034470 -0.294405 1 0.000000 0.300000 1.000000 0 0 0
-0.056491 0.034601 -0.294598 1 0.000000 0.300000 1.000000 0 0 0
-0.057357 0.034934 -0.294281 1 0.000000 0.300000 1.000000 0 0 0
-0.057802 0.034705 -0.294056 1 0.000000 0.300000 1.000000 0 0 0
-0.057327 0.035553 -0.294340 1 0.000000 0.300000 1.000000 0 0 0
-0.057826 0.035388 -0.294065 1 0.000000 0.300000 1.000000 0 0 0
-0.056810 0.035143 -0.294546 1 0.000000 0.300000 1.000000 0 0 0
-0.056447 0.034938 -0.294673 1 0.000000 0.300000 1.000000 0 0 0
-0.056981 0.035782 -0.294535 1 0.000000 0.300000 1.000000 0 0 0
-0.056623 0.035634 -0.294684 1 0.000000 0.300000 1.000000 0 0 0
-0.056279 0.035262 -0.294772 1 0.000000 0.300000 1.000000 0 0 0
-0.055929 0.033831 -0.294611 2 0.161290 1.000000 0.806452 0 0 0
-0.055599 0.033784 -0.294683 2 0.161290 1.000000 0.806452 0 0 0
-0.056167 0.034387 -0.294671 1 0.000000 0.300000 1.000000 0 0 0
-0.055858 0.034133 -0.294705 1 0.000000 0.300000 1.000000 0 0 0
-0.055525 0.034068 -0.294774 1 0.000000 0.300000 1.000000 0 0 0
-0.055150 0.033933 -0.294817 1 0.000000 0.300000 1.000000 0 0 0
-0.054735 0.033516 -0.294789 2 0.161290 1.000000 0.806452 0 0 0
-0.056187 0.034769 -0.294736 1 0.000000 0.300000 1.000000 0 0 0
-0.057290 0.036025 -0.294387 1 0.000000 0.300000 1.000000 0 0 0
-0.057663 0.036056 -0.294165 1 0.000000 0.300000 1.000000 0 0 0
-0.057369 0.036534 -0.294338 1 0.000000 0.300000 1.000000 0 0 0
-0.057077 0.036205 -0.294509 1 0.000000 0.300000 1.000000 0 0 0
-0.056719 0.036148 -0.294681 1 0.000000 0.300000 1.000000 0 0 0
-0.056992 0.036542 -0.294551 1 0.000000 0.300000 1.000000 0 0 0
-0.056632 0.036731 -0.294735 1 0.000000 0.300000 1.000000 0 0 0
-0.057420 0.036922 -0.294288 1 0.000000 0.300000 1.000000 0 0 0
-0.057127 0.037099 -0.294444 1 0.000000 0.300000 1.000000 0 0 0
-0.056652 0.037361 -0.294710 1 0.000000 0.300000 1.000000 0 0 0
-0.056962 0.037772 -0.294489 1 0.000000 0.300000 1.000000 0 0 0
-0.056594 0.037904 -0.294710 1 0.000000 0.300000 1.000000 0 0 0
-0.053841 0.030204 -0.293572 3 0.806452 1.000000 0.161290 0 0 0
-0.053837 0.030525 -0.293762 3 0.806452 1.000000 0.161290 0 0 0
-0.054198 0.030441 -0.293606 3 0.806452 1.000000 0.161290 0 0 0
-0.054660 0.030762 -0.293661 2 0.161290 1.000000 0.806452 0 0 0
-0.054750 0.031265 -0.293922 2 0.161290 1.000000 0.806452 0 0 0
-0.055140 0.031060 -0.293705 2 0.161290 1.000000 0.806452 0 0 0
-0.054084 0.031012 -0.293954 2 0.161290 1.000000 0.806452 0 0 0
-0.056198 0.031334 -0.293547 2 0.161290 1.000000 0.806452 0 0 0
-0.056123 0.031685 -0.293764 2 0.161290 1.000000 0.806452 0 0 0
-0.056662 0.031611 -0.293544 2 0.161290 1.000000 0.806452 0 0 0
-0.057172 0.031801 -0.293476 2 0.161290 1.000000 0.806452 0 0 0
-0.057029 0.032174 -0.293703 2 0.161290 1.000000 0.806452 0 0 0
-0.057472 0.032115 -0.293526 2 0.161290 1.000000 0.806452 0 0 0
-0.056447 0.032182 -0.293899 2 0.161290 1.000000 0.806452 0 0 0
-0.057772 0.032318 -0.293509 2 0.161290 1.000000 0.806452 0 0 0
-0.057509 0.032685 -0.293741 2 0.161290 1.000000 0.806452 0 0 0
-0.058003 0.032598 -0.293526 2 0.161290 1.000000 0.806452 0 0 0
-0.058278 0.032795 -0.293480 2 0.161290 1.000000 0.806452 0 0 0
-0.058058 0.033102 -0.293658 2 0.161290 1.000000 0.806452 0 0 0
-0.058426 0.033051 -0.293481 2 0.161290 1.000000 0.806452 0 0 0
-0.057652 0.033291 -0.293885 2 0.161290 1.000000 0.806452 0 0 0
-0.056884 0.032670 -0.293960 2 0.161290 1.000000 0.806452 0 0 0
-0.055773 0.031330 -0.293678 2 0.161290 1.000000 0.806452 0 0 0
-0.055775 0.031654 -0.293855 2 0.161290 1.000000 0.806452 0 0 0
-0.055330 0.031591 -0.293938 2 0.161290 1.000000 0.806452 0 0 0
-0.055444 0.031225 -0.293718 2 0.161290 1.000000 0.806452 0 0 0
-0.055853 0.032027 -0.294008 2 0.161290 1.000000 0.806452 0 0 0
-0.054825 0.031648 -0.294098 2 0.161290 1.000000 0.806452 0 0 0
-0.054437 0.031543 -0.294137 2 0.161290 1.000000 0.806452 0 0 0
-0.052687 0.029680 -0.293554 3 0.806452 1.000000 0.161290 0 0 0
-0.052695 0.030034 -0.293763 3 0.806452 1.000000 0.161290 0 0 0
-0.053079 0.029959 -0.293623 3 0.806452 1.000000 0.161290 0 0 0
-0.051560 0.029275 -0.293503 3 0.806452 1.000000 0.161290 0 0 0
-0.051528 0.029585 -0.293694 3 0.806452 1.000000 0.161290 0 0 0
-0.052019 0.029405 -0.293503 3 0.806452 1.000000 0.161290 0 0 0
-0.052342 0.029815 -0.293707 3 0.806452 1.000000 0.161290 0 0 0
-0.052399 0.029545 -0.293536 3 0.806452 1.000000 0.161290 0 0 0
-0.051844 0.030022 -0.293889 3 0.806452 1.000000 0.161290 0 0 0
-0.053479 0.030284 -0.293715 3 0.806452 1.000000 0.161290 0 0 0
-0.053559 0.030710 -0.293932 3 0.806452 1.000000 0.161290 0 0 0
-0.052964 0.030504 -0.293948 3 0.806452 1.000000 0.161290 0 0 0
-0.053651 0.030988 -0.294053 2 0.161290 1.000000 0.806452 0 0 0
-0.053316 0.030982 -0.294118 2 0.161290 1.000000 0.806452 0 0 0
-0.052380 0.030250 -0.293935 3 0.806452 1.000000 0.161290 0 0 0
-0.052059 0.030436 -0.294079 3 0.806452 1.000000 0.161290 0 0 0
-0.051298 0.029365 -0.293592 3 0.806452 1.000000 0.161290 0 0 0
-0.051131 0.029589 -0.293727 3 0.806452 1.000000 0.161290 0 0 0
-0.050985 0.029328 -0.293572 3 0.806452 1.000000 0.161290 0 0 0
-0.050858 0.029542 -0.293699 3 0.806452 1.000000 0.161290 0 0 0
-0.051293 0.029914 -0.293887 3 0.806452 1.000000 0.161290 0 0 0
-0.050809 0.029853 -0.293852 3 0.806452 1.000000 0.161290 0 0 0
-0.050503 0.029430 -0.293600 3 0.806452 1.000000 0.161290 0 0 0
-0.050228 0.029966 -0.293864 3 0.806452 1.000000 0.161290 0 0 0
-0.050047 0.029611 -0.293672 3 0.806452 1.000000 0.161290 0 0 0
-0.049800 0.029844 -0.293766 3 0.806452 1.000000 0.161290 0 0 0
-0.049693 0.029528 -0.293585 3 0.806452 1.000000 0.161290 0 0 0
-0.050131 0.030399 -0.294053 3 0.806452 1.000000 0.161290 0 0 0
-0.049713 0.030265 -0.293943 3 0.806452 1.000000 0.161290 0 0 0
-0.049339 0.029866 -0.293711 3 0.806452 1.000000 0.161290 0 0 0
-0.049319 0.029448 -0.293486 3 0.806452 1.000000 0.161290 0 0 0
-0.048865 0.029604 -0.293505 3 0.806452 1.000000 0.161290 0 0 0
-0.048873 0.030035 -0.293721 3 0.806452 1.000000 0.161290 0 0 0
-0.048458 0.029941 -0.293612 3 0.806452 1.000000 0.161290 0 0 0
-0.054640 0.030211 -0.293315 3 0.806452 1.000000 0.161290 0 0 0
-0.057874 0.031434 -0.292979 2 0.161290 1.000000 0.806452 0 0 0
-0.057950 0.031730 -0.293132 2 0.161290 1.000000 0.806452 0 0 0
-0.058216 0.031681 -0.292974 2 0.161290 1.000000 0.806452 0 0 0
-0.057589 0.031675 -0.293244 2 0.161290 1.000000 0.806452 0 0 0
-0.057608 0.031303 -0.293007 2 0.161290 1.000000 0.806452 0 0 0
-0.058113 0.032149 -0.293278 2 0.161290 1.000000 0.806452 0 0 0
-0.057740 0.032060 -0.293403 2 0.161290 1.000000 0.806452 0 0 0
-0.057095 0.031454 -0.293303 2 0.161290 1.000000 0.806452 0 0 0
-0.058257 0.032553 -0.293401 2 0.161290 1.000000 0.806452 0 0 0
-0.053160 0.029001 -0.292909 3 0.806452 1.000000 0.161290 0 0 0
-0.053049 0.029457 -0.293298 3 0.806452 1.000000 0.161290 0 0 0
-0.053543 0.029392 -0.293097 3 0.806452 1.000000 0.161290 0 0 0
-0.053850 0.029636 -0.293187 3 0.806452 1.000000 0.161290 0 0 0
-0.053567 0.029836 -0.293411 3 0.806452 1.000000 0.161290 0 0 0
-0.052750 0.029065 -0.293097 3 0.806452 1.000000 0.161290 0 0 0
-0.052529 0.029315 -0.293342 3 0.806452 1.000000 0.161290 0 0 0
-0.050024 0.029309 -0.293491 3 0.806452 1.000000 0.161290 0 0 0
-0.049649 0.029109 -0.293317 3 0.806452 1.000000 0.161290 0 0 0
-0.049403 0.028672 -0.292970 3 0.806452 1.000000 0.161290 0 0 0
-0.049070 0.029146 -0.293261 3 0.806452 1.000000 0.161290 0 0 0
-0.048970 0.028858 -0.293050 3 0.806452 1.000000 0.161290 0 0 0
-0.048595 0.029037 -0.293118 3 0.806452 1.000000 0.161290 0 0 0
-0.048709 0.029317 -0.293320 3 0.806452 1.000000 0.161290 0 0 0
-0.048326 0.029490 -0.293359 3 0.806452 1.000000 0.161290 0 0 0
-0.048034 0.029130 -0.293099 3 0.806452 1.000000 0.161290 0 0 0
-0.047681 0.029535 -0.293283 3 0.806452 1.000000 0.161290 0 0 0
-0.047544 0.029130 -0.293033 3 0.806452 1.000000 0.161290 0 0 0
-0.047987 0.029893 -0.293516 3 0.806452 1.000000 0.161290 0 0 0
-0.047575 0.029951 -0.293472 3 0.806452 1.000000 0.161290 0 0 0
-0.052962 0.028670 -0.292699 3 0.806452 1.000000 0.161290 0 0 0
-0.052753 0.028802 -0.292886 3 0.806452 1.000000 0.161290 0 0 0
-0.049227 0.028115 -0.292472 3 0.806452 1.000000 0.161290 0 0 0
-0.049719 0.028272 -0.292703 3 0.806452 1.000000 0.161290 0 0 0
-0.049831 0.027950 -0.292444 3 0.806452 1.000000 0.161290 0 0 0
-0.048812 0.028589 -0.292818 3 0.806452 1.000000 0.161290 0 0 0
-0.048783 0.028306 -0.292581 3 0.806452 1.000000 0.161290 0 0 0
-0.048429 0.028409 -0.292618 3 0.806452 1.000000 0.161290 0 0 0
-0.048258 0.028751 -0.292866 3 0.806452 1.000000 0.161290 0 0 0
-0.047854 0.028504 -0.292619 3 0.806452 1.000000 0.161290 0 0 0
-0.047817 0.028860 -0.292889 3 0.806452 1.000000 0.161290 0 0 0
-0.047396 0.028809 -0.292796 3 0.806452 1.000000 0.161290 0 0 0
-0.047168 0.028438 -0.292488 3 0.806452 1.000000 0.161290 0 0 0
-0.046861 0.028858 -0.292757 3 0.806452 1.000000 0.161290 0 0 0
-0.046543 0.028554 -0.292514 3 0.806452 1.000000 0.161290 0 0 0
-0.046264 0.028933 -0.292724 3 0.806452 1.000000 0.161290 0 0 0
-0.046108 0.028609 -0.292503 3 0.806452 1.000000 0.161290 0 0 0
-0.045807 0.028794 -0.292569 3 0.806452 1.000000 0.161290 0 0 0
-0.045830 0.029079 -0.292732 3 0.806452 1.000000 0.161290 0 0 0
-0.045464 0.029019 -0.292605 3 0.806452 1.000000 0.161290 0 0 0
-0.045455 0.028707 -0.292430 3 0.806452 1.000000 0.161290 0 0 0
-0.045025 0.028890 -0.292389 4 1.000000 0.407407 0.000000 0 0 0
-0.047136 0.029102 -0.292956 3 0.806452 1.000000 0.161290 0 0 0
-0.046059 0.029344 -0.292906 3 0.806452 1.000000 0.161290 0 0 0
-0.046677 0.029368 -0.293026 3 0.806452 1.000000 0.161290 0 0 0
-0.046232 0.029672 -0.293088 3 0.806452 1.000000 0.161290 0 0 0
-0.045594 0.029368 -0.292803 3 0.806452 1.000000 0.161290 0 0 0
-0.045128 0.029354 -0.292637 4 1.000000 0.407407 0.000000 0 0 0
-0.045810 0.029716 -0.293002 3 0.806452 1.000000 0.161290 0 0 0
-0.045330 0.029769 -0.292863 4 1.000000 0.407407 0.000000 0 0 0
-0.045478 0.032870 -0.293165 4 1.000000 0.407407 0.000000 0 0 0
-0.045273 0.032539 -0.293087 4 1.000000 0.407407 0.000000 0 0 0
-0.045210 0.032889 -0.293000 4 1.000000 0.407407 0.000000 0 0 0
-0.045414 0.033140 -0.293081 4 1.000000 0.407407 0.000000 0 0 0
-0.045064 0.033259 -0.292823 4 1.000000 0.407407 0.000000 0 0 0
-0.044652 0.029308 -0.292427 4 1.000000 0.407407 0.000000 0 0 0
-0.044584 0.028949 -0.292256 4 1.000000 0.407407 0.000000 0 0 0
-0.044314 0.029187 -0.292230 4 1.000000 0.407407 0.000000 0 0 0
-0.044767 0.029842 -0.292652 4 1.000000 0.407407 0.000000 0 0 0
-0.045134 0.030253 -0.292924 4 1.000000 0.407407 0.000000 0 0 0
-0.044164 0.029692 -0.292310 4 1.000000 0.407407 0.000000 0 0 0
-0.044363 0.030162 -0.292547 4 1.000000 0.407407 0.000000 0 0 0
-0.057689 0.042122 -0.291935 1 0.000000 0.300000 1.000000 0 0 0
-0.057505 0.042111 -0.292159 1 0.000000 0.300000 1.000000 0 0 0
-0.057499 0.042393 -0.291914 1 0.000000 0.300000 1.000000 0 0 0
-0.057204 0.042798 -0.291853 1 0.000000 0.300000 1.000000 0 0 0
-0.056924 0.042639 -0.292288 1 0.000000 0.300000 1.000000 0 0 0
-0.056940 0.042876 -0.292067 1 0.000000 0.300000 1.000000 0 0 0
-0.057238 0.042345 -0.292238 1 0.000000 0.300000 1.000000 0 0 0
-0.056715 0.042944 -0.292209 1 0.000000 0.300000 1.000000 0 0 0
-0.056887 0.043111 -0.291887 1 0.000000 0.300000 1.000000 0 0 0
-0.056582 0.043290 -0.291995 1 0.000000 0.300000 1.000000 0 0 0
-0.056428 0.043069 -0.292331 1 0.000000 0.300000 1.000000 0 0 0
-0.056286 0.043318 -0.292209 1 0.000000 0.300000 1.000000 0 0 0
-0.056284 0.043614 -0.291914 1 0.000000 0.300000 1.000000 0 0 0
-0.056041 0.043114 -0.292560 1 0.000000 0.300000 1.000000 0 0 0
-0.056063 0.043479 -0.292210 1 0.000000 0.300000 1.000000 0 0 0
-0.055731 0.043556 -0.292333 1 0.000000 0.300000 1.000000 0 0 0
-0.055938 0.043765 -0.292007 1 0.000000 0.300000 1.000000 0 0 0
-0.055522 0.044013 -0.291990 1 0.000000 0.300000 1.000000 0 0 0
-0.055276 0.043673 -0.292457 1 0.000000 0.300000 1.000000 0 0 0
-0.055111 0.043981 -0.292231 1 0.000000 0.300000 1.000000 0 0 0
-0.055124 0.044190 -0.292006 1 0.000000 0.300000 1.000000 0 0 0
-0.054780 0.043834 -0.292512 1 0.000000 0.300000 1.000000 0 0 0
-0.054814 0.044161 -0.292165 1 0.000000 0.300000 1.000000 0 0 0
-0.054508 0.044108 -0.292329 1 0.000000 0.300000 1.000000 0 0 0
-0.054415 0.044434 -0.291994 1 0.000000 0.300000 1.000000 0 0 0
-0.054126 0.044160 -0.292378 1 0.000000 0.300000 1.000000 0 0 0
-0.053901 0.044402 -0.292164 1 0.000000 0.300000 1.000000 0 0 0
-0.053902 0.044677 -0.291862 1 0.000000 0.300000 1.000000 0 0 0
-0.053532 0.044168 -0.292475 1 0.000000 0.300000 1.000000 0 0 0
-0.053497 0.044545 -0.292081 1 0.000000 0.300000 1.000000 0 0 0
-0.052967 0.044168 -0.292523 1 0.000000 0.300000 1.000000 0 0 0
-0.053033 0.044430 -0.292247 1 0.000000 0.300000 1.000000 0 0 0
-0.052566 0.044300 -0.292386 1 0.000000 0.300000 1.000000 0 0 0
-0.052570 0.044597 -0.292080 1 0.000000 0.300000 1.000000 0 0 0
-0.052135 0.044129 -0.292516 1 0.000000 0.300000 1.000000 0 0 0
-0.052119 0.044428 -0.292222 1 0.000000 0.300000 1.000000 0 0 0
-0.050072 0.043278 -0.292487 0 0.000000 0.000000 0.500000 0 0 0
-0.049648 0.042934 -0.292471 0 0.000000 0.000000 0.500000 0 0 0
-0.049566 0.043428 -0.292088 0 0.000000 0.000000 0.500000 0 0 0
-0.051218 0.043928 -0.292476 1 0.000000 0.300000 1.000000 0 0 0
-0.050707 0.043744 -0.292446 1 0.000000 0.300000 1.000000 0 0 0
-0.050719 0.044081 -0.292174 1 0.000000 0.300000 1.000000 0 0 0
-0.051747 0.043947 -0.292613 1 0.000000 0.300000 1.000000 0 0 0
-0.051681 0.044235 -0.292332 1 0.000000 0.300000 1.000000 0 0 0
-0.050709 0.044420 -0.291891 1 0.000000 0.300000 1.000000 0 0 0
-0.051207 0.044400 -0.292062 1 0.000000 0.300000 1.000000 0 0 0
-0.050475 0.043481 -0.292549 1 0.000000 0.300000 1.000000 0 0 0
-0.050231 0.043744 -0.292224 0 0.000000 0.000000 0.500000 0 0 0
-0.049454 0.043790 -0.291781 0 0.000000 0.000000 0.500000 0 0 0
-0.049824 0.043950 -0.291863 0 0.000000 0.000000 0.500000 0 0 0
-0.050297 0.044209 -0.291896 0 0.000000 0.000000 0.500000 0 0 0
-0.053517 0.044799 -0.291805 1 0.000000 0.300000 1.000000 0 0 0
-0.053066 0.044761 -0.291896 1 0.000000 0.300000 1.000000 0 0 0
-0.052559 0.044896 -0.291773 1 0.000000 0.300000 1.000000 0 0 0
-0.052093 0.044732 -0.291916 1 0.000000 0.300000 1.000000 0 0 0
-0.051716 0.044530 -0.292063 1 0.000000 0.300000 1.000000 0 0 0
-0.049384 0.042580 -0.292529 0 0.000000 0.000000 0.500000 0 0 0
-0.049060 0.042327 -0.292461 0 0.000000 0.000000 0.500000 0 0 0
-0.049050 0.042820 -0.292152 0 0.000000 0.000000 0.500000 0 0 0
-0.048423 0.042669 -0.291798 0 0.000000 0.000000 0.500000 0 0 0
-0.048580 0.042276 -0.292145 0 0.000000 0.000000 0.500000 0 0 0
-0.048829 0.041995 -0.292490 0 0.000000 0.000000 0.500000 0 0 0
-0.048711 0.043034 -0.291792 0 0.000000 0.000000 0.500000 0 0 0
-0.049030 0.043297 -0.291848 0 0.000000 0.000000 0.500000 0 0 0
-0.049231 0.043589 -0.291789 0 0.000000 0.000000 0.500000 0 0 0
-0.048245 0.042326 -0.291867 0 0.000000 0.000000 0.500000 0 0 0
-0.044219 0.033889 -0.291988 5 0.500000 0.000000 0.000000 0 0 0
-0.043915 0.033487 -0.291880 5 0.500000 0.000000 0.000000 0 0 0
-0.043895 0.033955 -0.291683 5 0.500000 0.000000 0.000000 0 0 0
-0.044248 0.034202 -0.291890 5 0.500000 0.000000 0.000000 0 0 0
-0.044046 0.034345 -0.291652 5 0.500000 0.000000 0.000000 0 0 0
-0.043562 0.033230 -0.291676 5 0.500000 0.000000 0.000000 0 0 0
-0.043747 0.033080 -0.291885 5 0.500000 0.000000 0.000000 0 0 0
-0.044707 0.035043 -0.291949 5 0.500000 0.000000 0.000000 0 0 0
-0.044417 0.034628 -0.291859 5 0.500000 0.000000 0.000000 0 0 0
-0.044375 0.035119 -0.291607 5 0.500000 0.000000 0.000000 0 0 0
-0.044733 0.035357 -0.291840 5 0.500000 0.000000 0.000000 0 0 0
-0.044559 0.035535 -0.291593 5 0.500000 0.000000 0.000000 0 0 0
-0.044954 0.035773 -0.291867 5 0.500000 0.000000 0.000000 0 0 0
-0.044972 0.036307 -0.291654 5 0.500000 0.000000 0.000000 0 0 0
-0.045116 0.036754 -0.291605 5 0.500000 0.000000 0.000000 0 0 0
-0.045185 0.037018 -0.291562 5 0.500000 0.000000 0.000000 0 0 0
-0.046648 0.039024 -0.292204 5 0.500000 0.000000 0.000000 0 0 0
-0.046326 0.038669 -0.292041 5 0.500000 0.000000 0.000000 0 0 0
-0.046427 0.039125 -0.291938 5 0.500000 0.000000 0.000000 0 0 0
-0.046020 0.038215 -0.291930 5 0.500000 0.000000 0.000000 0 0 0
-0.045740 0.037900 -0.291769 5 0.500000 0.000000 0.000000 0 0 0
-0.045755 0.038205 -0.291649 5 0.500000 0.000000 0.000000 0 0 0
-0.046000 0.037805 -0.292085 5 0.500000 0.000000 0.000000 0 0 0
-0.046714 0.039430 -0.292076 5 0.500000 0.000000 0.000000 0 0 0
-0.046351 0.039448 -0.291705 5 0.500000 0.000000 0.000000 0 0 0
-0.046609 0.039823 -0.291779 5 0.500000 0.000000 0.000000 0 0 0
-0.047672 0.041251 -0.292011 0 0.000000 0.000000 0.500000 0 0 0
-0.047394 0.040941 -0.291938 0 0.000000 0.000000 0.500000 0 0 0
-0.047400 0.041317 -0.291742 0 0.000000 0.000000 0.500000 0 0 0
-0.047716 0.041535 -0.291890 0 0.000000 0.000000 0.500000 0 0 0
-0.047465 0.041696 -0.291581 0 0.000000 0.000000 0.500000 0 0 0
-0.047997 0.041960 -0.291875 0 0.000000 0.000000 0.500000 0 0 0
-0.047984 0.042403 -0.291612 0 0.000000 0.000000 0.500000 0 0 0
-0.047230 0.040561 -0.291990 0 0.000000 0.000000 0.500000 0 0 0
-0.046882 0.040266 -0.291818 5 0.500000 0.000000 0.000000 0 0 0
-0.046989 0.040730 -0.291681 0 0.000000 0.000000 0.500000 0 0 0
-0.047119 0.041077 -0.291620 0 0.000000 0.000000 0.500000 0 0 0
-0.057555 0.042632 -0.291617 1 0.000000 0.300000 1.000000 0 0 0
-0.056233 0.028700 -0.291080 3 0.806452 1.000000 0.161290 0 0 0
-0.056064 0.028809 -0.291329 3 0.806452 1.000000 0.161290 0 0 0
-0.049019 0.027106 -0.291182 3 0.806452 1.000000 0.161290 0 0 0
-0.048469 0.026994 -0.290948 3 0.806452 1.000000 0.161290 0 0 0
-0.047929 0.026847 -0.290749 3 0.806452 1.000000 0.161290 0 0 0
-0.047360 0.026931 -0.290928 3 0.806452 1.000000 0.161290 0 0 0
-0.046739 0.027020 -0.291077 3 0.806452 1.000000 0.161290 0 0 0
-0.046164 0.027130 -0.291208 3 0.806452 1.000000 0.161290 0 0 0
-0.045689 0.027288 -0.291339 3 0.806452 1.000000 0.161290 0 0 0
-0.045210 0.027194 -0.291188 3 0.806452 1.000000 0.161290 0 0 0
-0.044728 0.027109 -0.291017 4 1.000000 0.407407 0.000000 0 0 0
-0.044812 0.026850 -0.290807 3 0.806452 1.000000 0.161290 0 0 0
-0.044443 0.026942 -0.290783 4 1.000000 0.407407 0.000000 0 0 0
-0.044367 0.027151 -0.290947 4 1.000000 0.407407 0.000000 0 0 0
-0.043967 0.027224 -0.290826 4 1.000000 0.407407 0.000000 0 0 0
-0.043552 0.027659 -0.290944 4 1.000000 0.407407 0.000000 0 0 0
-0.043455 0.027371 -0.290688 4 1.000000 0.407407 0.000000 0 0 0
-0.043207 0.027640 -0.290732 4 1.000000 0.407407 0.000000 0 0 0
-0.043124 0.028037 -0.290919 4 1.000000 0.407407 0.000000 0 0 0
-0.042841 0.027773 -0.290558 4 1.000000 0.407407 0.000000 0 0 0
-0.042601 0.028227 -0.290638 4 1.000000 0.407407 0.000000 0 0 0
-0.042415 0.033458 -0.290473 5 0.500000 0.000000 0.000000 0 0 0
-0.042395 0.033065 -0.290616 5 0.500000 0.000000 0.000000 0 0 0
-0.042660 0.033927 -0.290511 5 0.500000 0.000000 0.000000 0 0 0
-0.042170 0.033091 -0.290369 5 0.500000 0.000000 0.000000 0 0 0
-0.042954 0.034318 -0.290615 5 0.500000 0.000000 0.000000 0 0 0
-0.042604 0.034265 -0.290285 5 0.500000 0.000000 0.000000 0 0 0
-0.042813 0.034748 -0.290242 5 0.500000 0.000000 0.000000 0 0 0
-0.044003 0.036319 -0.290618 5 0.500000 0.000000 0.000000 0 0 0
-0.044007 0.036587 -0.290474 5 0.500000 0.000000 0.000000 0 0 0
-0.043476 0.035784 -0.290349 5 0.500000 0.000000 0.000000 0 0 0
-0.043345 0.035454 -0.290402 5 0.500000 0.000000 0.000000 0 0 0
-0.043742 0.036122 -0.290442 5 0.500000 0.000000 0.000000 0 0 0
-0.043040 0.035473 -0.290068 5 0.500000 0.000000 0.000000 0 0 0
-0.043755 0.036493 -0.290245 5 0.500000 0.000000 0.000000 0 0 0
-0.044644 0.037457 -0.290742 5 0.500000 0.000000 0.000000 0 0 0
-0.044032 0.036940 -0.290306 5 0.500000 0.000000 0.000000 0 0 0
-0.044347 0.037390 -0.290430 5 0.500000 0.000000 0.000000 0 0 0
-0.044550 0.037719 -0.290499 5 0.500000 0.000000 0.000000 0 0 0
-0.044274 0.037804 -0.290122 5 0.500000 0.000000 0.000000 0 0 0
-0.045143 0.039033 -0.290543 5 0.500000 0.000000 0.000000 0 0 0
-0.045160 0.039390 -0.290385 5 0.500000 0.000000 0.000000 0 0 0
-0.045814 0.040191 -0.290749 5 0.500000 0.000000 0.000000 0 0 0
-0.045134 0.039726 -0.290173 5 0.500000 0.000000 0.000000 0 0 0
-0.045520 0.040053 -0.290469 5 0.500000 0.000000 0.000000 0 0 0
-0.046382 0.041331 -0.290736 5 0.500000 0.000000 0.000000 0 0 0
-0.045729 0.040416 -0.290525 5 0.500000 0.000000 0.000000 0 0 0
-0.045468 0.040538 -0.290137 5 0.500000 0.000000 0.000000 0 0 0
-0.045852 0.040832 -0.290427 5 0.500000 0.000000 0.000000 0 0 0
-0.046112 0.041232 -0.290492 5 0.500000 0.000000 0.000000 0 0 0
-0.046284 0.041552 -0.290488 5 0.500000 0.000000 0.000000 0 0 0
-0.046994 0.042492 -0.290644 5 0.500000 0.000000 0.000000 0 0 0
-0.046362 0.041999 -0.290268 5 0.500000 0.000000 0.000000 0 0 0
-0.046708 0.042346 -0.290431 5 0.500000 0.000000 0.000000 0 0 0
-0.046025 0.041550 -0.290186 5 0.500000 0.000000 0.000000 0 0 0
-0.044629 0.038143 -0.290374 5 0.500000 0.000000 0.000000 0 0 0
-0.044893 0.038574 -0.290473 5 0.500000 0.000000 0.000000 0 0 0
-0.044783 0.038939 -0.290153 5 0.500000 0.000000 0.000000 0 0 0
-0.044938 0.039317 -0.290148 5 0.500000 0.000000 0.000000 0 0 0
-0.058701 0.042070 -0.290470 1 0.000000 0.300000 1.000000 0 0 0
-0.058664 0.042337 -0.290239 1 0.000000 0.300000 1.000000 0 0 0
-0.058403 0.042793 -0.290179 1 0.000000 0.300000 1.000000 0 0 0
-0.058139 0.042778 -0.290636 1 0.000000 0.300000 1.000000 0 0 0
-0.058001 0.043256 -0.290323 1 0.000000 0.300000 1.000000 0 0 0
-0.057708 0.043718 -0.290257 1 0.000000 0.300000 1.000000 0 0 0
-0.057590 0.043985 -0.290127 1 0.000000 0.300000 1.000000 0 0 0
-0.057442 0.043956 -0.290360 1 0.000000 0.300000 1.000000 0 0 0
-0.057499 0.043680 -0.290590 1 0.000000 0.300000 1.000000 0 0 0
-0.042215 0.033922 -0.290050 5 0.500000 0.000000 0.000000 0 0 0
-0.041753 0.033682 -0.289672 5 0.500000 0.000000 0.000000 0 0 0
-0.041993 0.033346 -0.290072 5 0.500000 0.000000 0.000000 0 0 0
-0.041935 0.033983 -0.289733 5 0.500000 0.000000 0.000000 0 0 0
-0.042386 0.034411 -0.289982 5 0.500000 0.000000 0.000000 0 0 0
-0.042004 0.034294 -0.289646 5 0.500000 0.000000 0.000000 0 0 0
-0.041553 0.033066 -0.289705 5 0.500000 0.000000 0.000000 0 0 0
-0.042295 0.034827 -0.289660 5 0.500000 0.000000 0.000000 0 0 0
-0.042685 0.035163 -0.289878 5 0.500000 0.000000 0.000000 0 0 0
-0.042438 0.035144 -0.289630 5 0.500000 0.000000 0.000000 0 0 0
-0.042498 0.035398 -0.289540 5 0.500000 0.000000 0.000000 0 0 0
-0.042745 0.035427 -0.289785 5 0.500000 0.000000 0.000000 0 0 0
-0.043490 0.036180 -0.290132 5 0.500000 0.000000 0.000000 0 0 0
-0.042742 0.035680 -0.289625 5 0.500000 0.000000 0.000000 0 0 0
-0.043109 0.036007 -0.289819 5 0.500000 0.000000 0.000000 0 0 0
-0.043354 0.036510 -0.289784 5 0.500000 0.000000 0.000000 0 0 0
-0.043645 0.036814 -0.289933 5 0.500000 0.000000 0.000000 0 0 0
-0.044032 0.037448 -0.290026 5 0.500000 0.000000 0.000000 0 0 0
-0.044038 0.037712 -0.289887 5 0.500000 0.000000 0.000000 0 0 0
-0.043681 0.037218 -0.289738 5 0.500000 0.000000 0.000000 0 0 0
-0.043822 0.037648 -0.289661 5 0.500000 0.000000 0.000000 0 0 0
-0.045223 0.040176 -0.290038 5 0.500000 0.000000 0.000000 0 0 0
-0.045150 0.040501 -0.289758 5 0.500000 0.000000 0.000000 0 0 0
-0.045321 0.040742 -0.289836 5 0.500000 0.000000 0.000000 0 0 0
-0.045843 0.041221 -0.290185 5 0.500000 0.000000 0.000000 0 0 0
-0.045517 0.041050 -0.289887 5 0.500000 0.000000 0.000000 0 0 0
-0.046508 0.042546 -0.290055 5 0.500000 0.000000 0.000000 0 0 0
-0.045742 0.041439 -0.289918 5 0.500000 0.000000 0.000000 0 0 0
-0.045513 0.041513 -0.289572 5 0.500000 0.000000 0.000000 0 0 0
-0.045848 0.041864 -0.289746 5 0.500000 0.000000 0.000000 0 0 0
-0.044574 0.038604 -0.290067 5 0.500000 0.000000 0.000000 0 0 0
-0.044026 0.037965 -0.289732 5 0.500000 0.000000 0.000000 0 0 0
-0.044297 0.038280 -0.289895 5 0.500000 0.000000 0.000000 0 0 0
-0.044561 0.038893 -0.289899 5 0.500000 0.000000 0.000000 0 0 0
-0.044290 0.038812 -0.289595 5 0.500000 0.000000 0.000000 0 0 0
-0.044601 0.039226 -0.289769 5 0.500000 0.000000 0.000000 0 0 0
-0.044821 0.039601 -0.289847 5 0.500000 0.000000 0.000000 0 0 0
-0.044864 0.040066 -0.289638 5 0.500000 0.000000 0.000000 0 0 0
-0.058803 0.042614 -0.289653 1 0.000000 0.300000 1.000000 0 0 0
-0.058693 0.042582 -0.289909 1 0.000000 0.300000 1.000000 0 0 0
-0.058624 0.042923 -0.289624 1 0.000000 0.300000 1.000000 0 0 0
-0.058247 0.043412 -0.289710 1 0.000000 0.300000 1.000000 0 0 0
-0.057942 0.043648 -0.289967 1 0.000000 0.300000 1.000000 0 0 0
-0.057994 0.043770 -0.289725 1 0.000000 0.300000 1.000000 0 0 0
-0.057718 0.044069 -0.289802 1 0.000000 0.300000 1.000000 0 0 0
-0.049377 0.046881 -0.289194 0 0.000000 0.000000 0.500000 0 0 0
-0.040456 0.029485 -0.288948 4 1.000000 0.407407 0.000000 0 0 0
-0.040646 0.029610 -0.289170 4 1.000000 0.407407 0.000000 0 0 0
-0.040426 0.029835 -0.288964 4 1.000000 0.407407 0.000000 0 0 0
-0.040718 0.030027 -0.289293 4 1.000000 0.407407 0.000000 0 0 0
-0.040397 0.030286 -0.288957 4 1.000000 0.407407 0.000000 0 0 0
-0.040679 0.030517 -0.289265 4 1.000000 0.407407 0.000000 0 0 0
-0.040476 0.030747 -0.289031 4 1.000000 0.407407 0.000000 0 0 0
-0.040676 0.030829 -0.289248 4 1.000000 0.407407 0.000000 0 0 0
-0.043717 0.039359 -0.288500 5 0.500000 0.000000 0.000000 0 0 0
-0.044879 0.040607 -0.289331 5 0.500000 0.000000 0.000000 0 0 0
-0.044557 0.040274 -0.289101 5 0.500000 0.000000 0.000000 0 0 0
-0.044632 0.040764 -0.288884 5 0.500000 0.000000 0.000000 0 0 0
-0.044314 0.040528 -0.288581 5 0.500000 0.000000 0.000000 0 0 0
-0.044933 0.041154 -0.289031 5 0.500000 0.000000 0.000000 0 0 0
-0.044672 0.041049 -0.288742 5 0.500000 0.000000 0.000000 0 0 0
-0.044471 0.040965 -0.288496 5 0.500000 0.000000 0.000000 0 0 0
-0.044680 0.041308 -0.288542 5 0.500000 0.000000 0.000000 0 0 0
-0.044978 0.041788 -0.288581 5 0.500000 0.000000 0.000000 0 0 0
-0.045115 0.042155 -0.288469 5 0.500000 0.000000 0.000000 0 0 0
-0.059502 0.042166 -0.288562 1 0.000000 0.300000 1.000000 0 0 0
-0.059244 0.042398 -0.288933 1 0.000000 0.300000 1.000000 0 0 0
-0.059293 0.042488 -0.288688 1 0.000000 0.300000 1.000000 0 0 0
-0.058933 0.042713 -0.289233 1 0.000000 0.300000 1.000000 0 0 0
-0.059146 0.042679 -0.288785 1 0.000000 0.300000 1.000000 0 0 0
-0.058975 0.043075 -0.288600 1 0.000000 0.300000 1.000000 0 0 0
-0.058703 0.043237 -0.289023 1 0.000000 0.300000 1.000000 0 0 0
-0.058705 0.043041 -0.289310 1 0.000000 0.300000 1.000000 0 0 0
-0.058654 0.043616 -0.288551 1 0.000000 0.300000 1.000000 0 0 0
-0.058538 0.043264 -0.289352 1 0.000000 0.300000 1.000000 0 0 0
-0.058337 0.044073 -0.288569 1 0.000000 0.300000 1.000000 0 0 0
-0.058381 0.043677 -0.289081 1 0.000000 0.300000 1.000000 0 0 0
-0.058107 0.044161 -0.288940 1 0.000000 0.300000 1.000000 0 0 0
-0.058139 0.044296 -0.288672 1 0.000000 0.300000 1.000000 0 0 0
-0.057727 0.044498 -0.289158 1 0.000000 0.300000 1.000000 0 0 0
-0.057975 0.044459 -0.288747 1 0.000000 0.300000 1.000000 0 0 0
-0.057757 0.044846 -0.288530 1 0.000000 0.300000 1.000000 0 0 0
-0.057339 0.045114 -0.288896 1 0.000000 0.300000 1.000000 0 0 0
-0.057357 0.044838 -0.289314 1 0.000000 0.300000 1.000000 0 0 0
-0.057425 0.045313 -0.288405 1 0.000000 0.300000 1.000000 0 0 0
-0.057070 0.045166 -0.289278 1 0.000000 0.300000 1.000000 0 0 0
-0.057144 0.045507 -0.288601 1 0.000000 0.300000 1.000000 0 0 0
-0.056834 0.045574 -0.288981 1 0.000000 0.300000 1.000000 0 0 0
-0.056863 0.045363 -0.289294 1 0.000000 0.300000 1.000000 0 0 0
-0.056694 0.045471 -0.289348 1 0.000000 0.300000 1.000000 0 0 0
-0.056905 0.045802 -0.288506 1 0.000000 0.300000 1.000000 0 0 0
-0.056620 0.045961 -0.288667 1 0.000000 0.300000 1.000000 0 0 0
-0.056371 0.045978 -0.288955 1 0.000000 0.300000 1.000000 0 0 0
-0.056436 0.045708 -0.289289 1 0.000000 0.300000 1.000000 0 0 0
-0.056267 0.046304 -0.288558 1 0.000000 0.300000 1.000000 0 0 0
-0.056126 0.045963 -0.289245 1 0.000000 0.300000 1.000000 0 0 0
-0.055961 0.046454 -0.288695 1 0.000000 0.300000 1.000000 0 0 0
-0.055907 0.046282 -0.288989 1 0.000000 0.300000 1.000000 0 0 0
-0.055752 0.046556 -0.288748 1 0.000000 0.300000 1.000000 0 0 0
-0.055518 0.046542 -0.288959 1 0.000000 0.300000 1.000000 0 0 0
-0.055418 0.046298 -0.289354 1 0.000000 0.300000 1.000000 0 0 0
-0.055902 0.046621 -0.288482 1 0.000000 0.300000 1.000000 0 0 0
-0.055282 0.047178 -0.288244 1 0.000000 0.300000 1.000000 0 0 0
-0.055455 0.046817 -0.288610 1 0.000000 0.300000 1.000000 0 0 0
-0.054879 0.047115 -0.288661 1 0.000000 0.300000 1.000000 0 0 0
-0.054478 0.047429 -0.288547 1 0.000000 0.300000 1.000000 0 0 0
-0.054116 0.047650 -0.288504 1 0.000000 0.300000 1.000000 0 0 0
-0.054082 0.047886 -0.288254 1 0.000000 0.300000 1.000000 0 0 0
-0.053810 0.047847 -0.288441 1 0.000000 0.300000 1.000000 0 0 0
-0.053786 0.048102 -0.288172 1 0.000000 0.300000 1.000000 0 0 0
-0.053307 0.047975 -0.288512 1 0.000000 0.300000 1.000000 0 0 0
-0.052879 0.048425 -0.288227 1 0.000000 0.300000 1.000000 0 0 0
-0.052678 0.048120 -0.288567 1 0.000000 0.300000 1.000000 0 0 0
-0.052234 0.048153 -0.288625 0 0.000000 0.000000 0.500000 0 0 0
-0.052325 0.048481 -0.288314 0 0.000000 0.000000 0.500000 0 0 0
-0.051859 0.048339 -0.288496 0 0.000000 0.000000 0.500000 0 0 0
-0.051866 0.048675 -0.288206 0 0.000000 0.000000 0.500000 0 0 0
-0.051844 0.048900 -0.288016 0 0.000000 0.000000 0.500000 0 0 0
-0.050075 0.047872 -0.288629 0 0.000000 0.000000 0.500000 0 0 0
-0.049591 0.047631 -0.288644 0 0.000000 0.000000 0.500000 0 0 0
-0.049687 0.048009 -0.288343 0 0.000000 0.000000 0.500000 0 0 0
-0.051445 0.048186 -0.288634 0 0.000000 0.000000 0.500000 0 0 0
-0.051419 0.048572 -0.288292 0 0.000000 0.000000 0.500000 0 0 0
-0.051010 0.048333 -0.288463 0 0.000000 0.000000 0.500000 0 0 0
-0.050992 0.048632 -0.288195 0 0.000000 0.000000 0.500000 0 0 0
-0.051597 0.048838 -0.288069 0 0.000000 0.000000 0.500000 0 0 0
-0.050560 0.048123 -0.288555 0 0.000000 0.000000 0.500000 0 0 0
-0.050616 0.048491 -0.288243 0 0.000000 0.000000 0.500000 0 0 0
-0.050107 0.048314 -0.288239 0 0.000000 0.000000 0.500000 0 0 0
-0.045610 0.042790 -0.288607 5 0.500000 0.000000 0.000000 0 0 0
-0.045282 0.042396 -0.288496 5 0.500000 0.000000 0.000000 0 0 0
-0.045303 0.042706 -0.288169 5 0.500000 0.000000 0.000000 0 0 0
-0.046162 0.043443 -0.288802 5 0.500000 0.000000 0.000000 0 0 0
-0.045900 0.043071 -0.288788 5 0.500000 0.000000 0.000000 0 0 0
-0.045827 0.043292 -0.288395 5 0.500000 0.000000 0.000000 0 0 0
-0.046680 0.044340 -0.288634 5 0.500000 0.000000 0.000000 0 0 0
-0.046502 0.044012 -0.288723 5 0.500000 0.000000 0.000000 0 0 0
-0.046303 0.043839 -0.288590 5 0.500000 0.000000 0.000000 0 0 0
-0.054095 0.027363 -0.288619 3 0.806452 1.000000 0.161290 0 0 0
-0.053697 0.027324 -0.288979 3 0.806452 1.000000 0.161290 0 0 0
-0.054127 0.027408 -0.288968 3 0.806452 1.000000 0.161290 0 0 0
-0.053498 0.027226 -0.288378 3 0.806452 1.000000 0.161290 0 0 0
-0.053165 0.027191 -0.288835 3 0.806452 1.000000 0.161290 0 0 0
-0.052946 0.027112 -0.288470 3 0.806452 1.000000 0.161290 0 0 0
-0.052446 0.026980 -0.288503 3 0.806452 1.000000 0.161290 0 0 0
-0.051838 0.026832 -0.288782 3 0.806452 1.000000 0.161290 0 0 0
-0.054121 0.027299 -0.288119 3 0.806452 1.000000 0.161290 0 0 0
-0.051263 0.026709 -0.288462 3 0.806452 1.000000 0.161290 0 0 0
-0.051042 0.026626 -0.287902 3 0.806452 1.000000 0.161290 0 0 0
-0.050826 0.026623 -0.288308 3 0.806452 1.000000 0.161290 0 0 0
-0.050669 0.026614 -0.288816 3 0.806452 1.000000 0.161290 0 0 0
-0.047253 0.025581 -0.287816 3 0.806452 1.000000 0.161290 0 0 0
-0.046316 0.025454 -0.287964 3 0.806452 1.000000 0.161290 0 0 0
-0.047007 0.025546 -0.288274 3 0.806452 1.000000 0.161290 0 0 0
-0.046641 0.025542 -0.288673 3 0.806452 1.000000 0.161290 0 0 0
-0.047284 0.025621 -0.288672 3 0.806452 1.000000 0.161290 0 0 0
-0.046111 0.025469 -0.288602 3 0.806452 1.000000 0.161290 0 0 0
-0.045653 0.025417 -0.288453 3 0.806452 1.000000 0.161290 0 0 0
-0.045677 0.025353 -0.287479 3 0.806452 1.000000 0.161290 0 0 0
-0.039438 0.027538 -0.286992 4 1.000000 0.407407 0.000000 0 0 0
-0.039662 0.027843 -0.287474 4 1.000000 0.407407 0.000000 0 0 0
-0.039218 0.028021 -0.287054 4 1.000000 0.407407 0.000000 0 0 0
-0.039310 0.028341 -0.287340 4 1.000000 0.407407 0.000000 0 0 0
-0.039083 0.028330 -0.287077 4 1.000000 0.407407 0.000000 0 0 0
-0.038843 0.028343 -0.286761 4 1.000000 0.407407 0.000000 0 0 0
-0.039010 0.028653 -0.287132 4 1.000000 0.407407 0.000000 0 0 0
-0.039305 0.028863 -0.287538 4 1.000000 0.407407 0.000000 0 0 0
-0.038738 0.028834 -0.286882 4 1.000000 0.407407 0.000000 0 0 0
-0.038857 0.029263 -0.287161 4 1.000000 0.407407 0.000000 0 0 0
-0.039206 0.029444 -0.287587 4 1.000000 0.407407 0.000000 0 0 0
-0.038531 0.029177 -0.286764 4 1.000000 0.407407 0.000000 0 0 0
-0.038523 0.029530 -0.286860 4 1.000000 0.407407 0.000000 0 0 0
-0.038976 0.029719 -0.287395 4 1.000000 0.407407 0.000000 0 0 0
-0.039162 0.029794 -0.287605 4 1.000000 0.407407 0.000000 0 0 0
-0.038670 0.029943 -0.287087 4 1.000000 0.407407 0.000000 0 0 0
-0.039045 0.030186 -0.287517 4 1.000000 0.407407 0.000000 0 0 0
-0.038756 0.030612 -0.287237 4 1.000000 0.407407 0.000000 0 0 0
-0.038972 0.030503 -0.287465 4 1.000000 0.407407 0.000000 0 0 0
-0.039192 0.031051 -0.287643 4 1.000000 0.407407 0.000000 0 0 0
-0.039035 0.030732 -0.287520 4 1.000000 0.407407 0.000000 0 0 0
-0.038897 0.031140 -0.287354 4 1.000000 0.407407 0.000000 0 0 0
-0.038673 0.031001 -0.287158 4 1.000000 0.407407 0.000000 0 0 0
-0.038377 0.029447 -0.286663 4 1.000000 0.407407 0.000000 0 0 0
-0.038254 0.029854 -0.286582 4 1.000000 0.407407 0.000000 0 0 0
-0.038379 0.030471 -0.286821 4 1.000000 0.407407 0.000000 0 0 0
-0.038479 0.030951 -0.286959 4 1.000000 0.407407 0.000000 0 0 0
-0.039227 0.031555 -0.287611 5 0.500000 0.000000 0.000000 0 0 0
-0.038852 0.031728 -0.287234 5 0.500000 0.000000 0.000000 0 0 0
-0.038610 0.031308 -0.287071 5 0.500000 0.000000 0.000000 0 0 0
-0.039184 0.032070 -0.287475 5 0.500000 0.000000 0.000000 0 0 0
-0.038940 0.032169 -0.287231 5 0.500000 0.000000 0.000000 0 0 0
-0.038465 0.031730 -0.286872 5 0.500000 0.000000 0.000000 0 0 0
-0.038694 0.032110 -0.287020 5 0.500000 0.000000 0.000000 0 0 0
-0.039676 0.033393 -0.287563 5 0.500000 0.000000 0.000000 0 0 0
-0.039479 0.033028 -0.287495 5 0.500000 0.000000 0.000000 0 0 0
-0.039538 0.033451 -0.287404 5 0.500000 0.000000 0.000000 0 0 0
-0.039137 0.032502 -0.287329 5 0.500000 0.000000 0.000000 0 0 0
-0.038857 0.032417 -0.287096 5 0.500000 0.000000 0.000000 0 0 0
-0.038647 0.032428 -0.286898 5 0.500000 0.000000 0.000000 0 0 0
-0.038896 0.032854 -0.286997 5 0.500000 0.000000 0.000000 0 0 0
-0.039250 0.033382 -0.287150 5 0.500000 0.000000 0.000000 0 0 0
-0.038372 0.031302 -0.286835 5 0.500000 0.000000 0.000000 0 0 0
-0.039768 0.033679 -0.287544 5 0.500000 0.000000 0.000000 0 0 0
-0.039510 0.033739 -0.287264 5 0.500000 0.000000 0.000000 0 0 0
-0.039753 0.033984 -0.287401 5 0.500000 0.000000 0.000000 0 0 0
-0.039543 0.034120 -0.287127 5 0.500000 0.000000 0.000000 0 0 0
-0.039210 0.033784 -0.286949 5 0.500000 0.000000 0.000000 0 0 0
-0.039213 0.034188 -0.286764 5 0.500000 0.000000 0.000000 0 0 0
-0.040335 0.034843 -0.287571 5 0.500000 0.000000 0.000000 0 0 0
-0.039992 0.034368 -0.287464 5 0.500000 0.000000 0.000000 0 0 0
-0.039987 0.034814 -0.287227 5 0.500000 0.000000 0.000000 0 0 0
-0.039584 0.034619 -0.286915 5 0.500000 0.000000 0.000000 0 0 0
-0.039850 0.034993 -0.286985 5 0.500000 0.000000 0.000000 0 0 0
-0.040184 0.035216 -0.287196 5 0.500000 0.000000 0.000000 0 0 0
-0.039875 0.035265 -0.286841 5 0.500000 0.000000 0.000000 0 0 0
-0.040114 0.035741 -0.286767 5 0.500000 0.000000 0.000000 0 0 0
-0.040427 0.036097 -0.286869 5 0.500000 0.000000 0.000000 0 0 0
-0.062362 0.037691 -0.286500 1 0.000000 0.300000 1.000000 0 0 0
-0.062127 0.037949 -0.286754 1 0.000000 0.300000 1.000000 0 0 0
-0.062180 0.038011 -0.286514 1 0.000000 0.300000 1.000000 0 0 0
-0.062243 0.037683 -0.286843 1 0.000000 0.300000 1.000000 0 0 0
-0.061856 0.038292 -0.286987 1 0.000000 0.300000 1.000000 0 0 0
-0.062038 0.038232 -0.286578 1 0.000000 0.300000 1.000000 0 0 0
-0.061836 0.038735 -0.286410 1 0.000000 0.300000 1.000000 0 0 0
-0.061669 0.038697 -0.286906 1 0.000000 0.300000 1.000000 0 0 0
-0.061578 0.038950 -0.286803 1 0.000000 0.300000 1.000000 0 0 0
-0.061498 0.038896 -0.287091 1 0.000000 0.300000 1.000000 0 0 0
-0.061547 0.039151 -0.286622 1 0.000000 0.300000 1.000000 0 0 0
-0.061404 0.039455 -0.286617 1 0.000000 0.300000 1.000000 0 0 0
-0.061357 0.039258 -0.286996 1 0.000000 0.300000 1.000000 0 0 0
-0.061245 0.039650 -0.286804 1 0.000000 0.300000 1.000000 0 0 0
-0.061308 0.039853 -0.286377 1 0.000000 0.300000 1.000000 0 0 0
-0.061186 0.040281 -0.286162 1 0.000000 0.300000 1.000000 0 0 0
-0.061070 0.040279 -0.286500 1 0.000000 0.300000 1.000000 0 0 0
-0.061060 0.040018 -0.286860 1 0.000000 0.300000 1.000000 0 0 0
-0.060985 0.040647 -0.286255 1 0.000000 0.300000 1.000000 0 0 0
-0.060817 0.040576 -0.286844 1 0.000000 0.300000 1.000000 0 0 0
-0.060685 0.041168 -0.286420 1 0.000000 0.300000 1.000000 0 0 0
-0.060513 0.041122 -0.287031 1 0.000000 0.300000 1.000000 0 0 0
-0.060510 0.041580 -0.286356 1 0.000000 0.300000 1.000000 0 0 0
-0.060430 0.041519 -0.286712 1 0.000000 0.300000 1.000000 0 0 0
-0.060319 0.041499 -0.287102 1 0.000000 0.300000 1.000000 0 0 0
-0.060232 0.041786 -0.286934 1 0.000000 0.300000 1.000000 0 0 0
-0.060307 0.041944 -0.286421 1 0.000000 0.300000 1.000000 0 0 0
-0.055752 0.026472 -0.286058 3 0.806452 1.000000 0.161290 0 0 0
-0.055859 0.026687 -0.286378 3 0.806452 1.000000 0.161290 0 0 0
-0.055996 0.026596 -0.286173 3 0.806452 1.000000 0.161290 0 0 0
-0.055319 0.026594 -0.286390 3 0.806452 1.000000 0.161290 0 0 0
-0.055417 0.026414 -0.286112 3 0.806452 1.000000 0.161290 0 0 0
-0.054831 0.026268 -0.285947 3 0.806452 1.000000 0.161290 0 0 0
-0.054832 0.026325 -0.286073 3 0.806452 1.000000 0.161290 0 0 0
-0.055105 0.026330 -0.286013 3 0.806452 1.000000 0.161290 0 0 0
-0.054574 0.026312 -0.286008 3 0.806452 1.000000 0.161290 0 0 0
-0.054808 0.026455 -0.286251 3 0.806452 1.000000 0.161290 0 0 0
-0.054286 0.026505 -0.286296 3 0.806452 1.000000 0.161290 0 0 0
-0.054188 0.026339 -0.286020 3 0.806452 1.000000 0.161290 0 0 0
-0.056224 0.026719 -0.286212 3 0.806452 1.000000 0.161290 0 0 0
-0.056161 0.026916 -0.286599 3 0.806452 1.000000 0.161290 0 0 0
-0.056676 0.026962 -0.286285 3 0.806452 1.000000 0.161290 0 0 0
-0.057122 0.027267 -0.286549 3 0.806452 1.000000 0.161290 0 0 0
-0.057399 0.027518 -0.286956 3 0.806452 1.000000 0.161290 0 0 0
-0.057619 0.027462 -0.286488 3 0.806452 1.000000 0.161290 0 0 0
-0.057011 0.027374 -0.286962 3 0.806452 1.000000 0.161290 0 0 0
-0.056526 0.027214 -0.286962 3 0.806452 1.000000 0.161290 0 0 0
-0.058800 0.027915 -0.286238 3 0.806452 1.000000 0.161290 0 0 0
-0.058334 0.027822 -0.286632 3 0.806452 1.000000 0.161290 0 0 0
-0.058805 0.028079 -0.286775 3 0.806452 1.000000 0.161290 0 0 0
-0.058489 0.028005 -0.287036 3 0.806452 1.000000 0.161290 0 0 0
-0.058094 0.027860 -0.287154 3 0.806452 1.000000 0.161290 0 0 0
-0.057858 0.027661 -0.286795 3 0.806452 1.000000 0.161290 0 0 0
-0.057994 0.027606 -0.286416 3 0.806452 1.000000 0.161290 0 0 0
-0.058777 0.028180 -0.287194 3 0.806452 1.000000 0.161290 0 0 0
-0.055667 0.026886 -0.286763 3 0.806452 1.000000 0.161290 0 0 0
-0.055988 0.027058 -0.286947 3 0.806452 1.000000 0.161290 0 0 0
-0.055195 0.026851 -0.286798 3 0.806452 1.000000 0.161290 0 0 0
-0.054714 0.026729 -0.286637 3 0.806452 1.000000 0.161290 0 0 0
-0.054062 0.026778 -0.286693 3 0.806452 1.000000 0.161290 0 0 0
-0.054447 0.026928 -0.286935 3 0.806452 1.000000 0.161290 0 0 0
-0.054128 0.026986 -0.287033 3 0.806452 1.000000 0.161290 0 0 0
-0.053990 0.026414 -0.286125 3 0.806452 1.000000 0.161290 0 0 0
-0.053665 0.026530 -0.286271 3 0.806452 1.000000 0.161290 0 0 0
-0.053545 0.026751 -0.286648 3 0.806452 1.000000 0.161290 0 0 0
-0.053236 0.026644 -0.286468 3 0.806452 1.000000 0.161290 0 0 0
-0.053664 0.026942 -0.287015 3 0.806452 1.000000 0.161290 0 0 0
-0.042804 0.025262 -0.286024 4 1.000000 0.407407 0.000000 0 0 0
-0.042610 0.025314 -0.286651 4 1.000000 0.407407 0.000000 0 0 0
-0.042396 0.025317 -0.286234 4 1.000000 0.407407 0.000000 0 0 0
-0.042065 0.025405 -0.286444 4 1.000000 0.407407 0.000000 0 0 0
-0.042168 0.025419 -0.286854 4 1.000000 0.407407 0.000000 0 0 0
-0.041720 0.025494 -0.286149 4 1.000000 0.407407 0.000000 0 0 0
-0.041767 0.038757 -0.286019 5 0.500000 0.000000 0.000000 0 0 0
-0.041109 0.038000 -0.285995 5 0.500000 0.000000 0.000000 0 0 0
-0.043084 0.040478 -0.286176 5 0.500000 0.000000 0.000000 0 0 0
-0.059275 0.043858 -0.286060 1 0.000000 0.300000 1.000000 0 0 0
-0.058668 0.044715 -0.286136 1 0.000000 0.300000 1.000000 0 0 0
-0.058372 0.045020 -0.286412 1 0.000000 0.300000 1.000000 0 0 0
-0.058000 0.045694 -0.285893 1 0.000000 0.300000 1.000000 0 0 0
-0.058136 0.045392 -0.286251 1 0.000000 0.300000 1.000000 0 0 0
-0.057816 0.045729 -0.286422 1 0.000000 0.300000 1.000000 0 0 0
-0.057602 0.046131 -0.286028 1 0.000000 0.300000 1.000000 0 0 0
-0.057545 0.046059 -0.286409 1 0.000000 0.300000 1.000000 0 0 0
-0.057222 0.046408 -0.286443 1 0.000000 0.300000 1.000000 0 0 0
-0.056839 0.046931 -0.286171 1 0.000000 0.300000 1.000000 0 0 0
-0.056900 0.046730 -0.286516 1 0.000000 0.300000 1.000000 0 0 0
-0.056613 0.046978 -0.286627 1 0.000000 0.300000 1.000000 0 0 0
-0.056320 0.047408 -0.286302 1 0.000000 0.300000 1.000000 0 0 0
-0.056359 0.047225 -0.286637 1 0.000000 0.300000 1.000000 0 0 0
-0.056128 0.047394 -0.286731 1 0.000000 0.300000 1.000000 0 0 0
-0.055808 0.047988 -0.286140 1 0.000000 0.300000 1.000000 0 0 0
-0.055922 0.047671 -0.286550 1 0.000000 0.300000 1.000000 0 0 0
-0.055603 0.047929 -0.286617 1 0.000000 0.300000 1.000000 0 0 0
-0.055276 0.048549 -0.286054 1 0.000000 0.300000 1.000000 0 0 0
-0.055410 0.048212 -0.286422 1 0.000000 0.300000 1.000000 0 0 0
-0.055055 0.048454 -0.286548 1 0.000000 0.300000 1.000000 0 0 0
-0.054738 0.049141 -0.285927 1 0.000000 0.300000 1.000000 0 0 0
-0.054806 0.048795 -0.286359 1 0.000000 0.300000 1.000000 0 0 0
-0.054368 0.049120 -0.286449 1 0.000000 0.300000 1.000000 0 0 0
-0.055038 0.049427 -0.285027 1 0.000000 0.300000 1.000000 0 0 0
-0.054795 0.049473 -0.285353 1 0.000000 0.300000 1.000000 0 0 0
-0.054734 0.049356 -0.285625 1 0.000000 0.300000 1.000000 0 0 0
-0.054471 0.049591 -0.285644 1 0.000000 0.300000 1.000000 0 0 0
-0.054762 0.049727 -0.285013 1 0.000000 0.300000 1.000000 0 0 0
-0.054496 0.049822 -0.285271 1 0.000000 0.300000 1.000000 0 0 0
-0.054248 0.049896 -0.285502 1 0.000000 0.300000 1.000000 0 0 0
-0.054184 0.049796 -0.285726 1 0.000000 0.300000 1.000000 0 0 0
-0.054156 0.050180 -0.285194 1 0.000000 0.300000 1.000000 0 0 0
-0.053925 0.050048 -0.285664 1 0.000000 0.300000 1.000000 0 0 0
-0.053724 0.050432 -0.285342 1 0.000000 0.300000 1.000000 0 0 0
-0.053474 0.050332 -0.285723 1 0.000000 0.300000 1.000000 0 0 0
-0.053389 0.050601 -0.285431 0 0.000000 0.000000 0.500000 0 0 0
-0.053121 0.050573 -0.285675 0 0.000000 0.000000 0.500000 0 0 0
-0.053490 0.050770 -0.285078 0 0.000000 0.000000 0.500000 0 0 0
-0.053117 0.050814 -0.285315 0 0.000000 0.000000 0.500000 0 0 0
-0.052831 0.050774 -0.285553 0 0.000000 0.000000 0.500000 0 0 0
-0.052676 0.051059 -0.285144 0 0.000000 0.000000 0.500000 0 0 0
-0.052402 0.050754 -0.285739 0 0.000000 0.000000 0.500000 0 0 0
-0.052174 0.051037 -0.285359 0 0.000000 0.000000 0.500000 0 0 0
-0.051812 0.050872 -0.285630 0 0.000000 0.000000 0.500000 0 0 0
-0.051826 0.051145 -0.285236 0 0.000000 0.000000 0.500000 0 0 0
-0.049950 0.049998 -0.285922 0 0.000000 0.000000 0.500000 0 0 0
-0.049610 0.049758 -0.285896 0 0.000000 0.000000 0.500000 0 0 0
-0.049744 0.050042 -0.285533 0 0.000000 0.000000 0.500000 0 0 0
-0.051187 0.050808 -0.285572 0 0.000000 0.000000 0.500000 0 0 0
-0.051520 0.051049 -0.285341 0 0.000000 0.000000 0.500000 0 0 0
-0.050734 0.050927 -0.285116 0 0.000000 0.000000 0.500000 0 0 0
-0.050799 0.050753 -0.285469 0 0.000000 0.000000 0.500000 0 0 0
-0.051224 0.051115 -0.285119 0 0.000000 0.000000 0.500000 0 0 0
-0.050524 0.050658 -0.285417 0 0.000000 0.000000 0.500000 0 0 0
-0.050258 0.050323 -0.285691 0 0.000000 0.000000 0.500000 0 0 0
-0.050241 0.050561 -0.285307 0 0.000000 0.000000 0.500000 0 0 0
-0.050370 0.050740 -0.285138 0 0.000000 0.000000 0.500000 0 0 0
-0.049934 0.050388 -0.285195 0 0.000000 0.000000 0.500000 0 0 0
-0.045424 0.043961 -0.285638 5 0.500000 0.000000 0.000000 0 0 0
-0.045248 0.043649 -0.285876 5 0.500000 0.000000 0.000000 0 0 0
-0.045897 0.044663 -0.285642 5 0.500000 0.000000 0.000000 0 0 0
-0.045686 0.044267 -0.285920 5 0.500000 0.000000 0.000000 0 0 0
-0.044706 0.043085 -0.285163 5 0.500000 0.000000 0.000000 0 0 0
-0.044444 0.042586 -0.285705 5 0.500000 0.000000 0.000000 0 0 0
-0.044308 0.042589 -0.285003 5 0.500000 0.000000 0.000000 0 0 0
-0.044720 0.042971 -0.285686 5 0.500000 0.000000 0.000000 0 0 0
-0.044143 0.042136 -0.285824 5 0.500000 0.000000 0.000000 0 0 0
-0.044062 0.042170 -0.285321 5 0.500000 0.000000 0.000000 0 0 0
-0.044970 0.043289 -0.285784 5 0.500000 0.000000 0.000000 0 0 0
-0.044970 0.043395 -0.285361 5 0.500000 0.000000 0.000000 0 0 0
-0.048869 0.049215 -0.285620 0 0.000000 0.000000 0.500000 0 0 0
-0.048568 0.048854 -0.285751 0 0.000000 0.000000 0.500000 0 0 0
-0.048605 0.049027 -0.285333 0 0.000000 0.000000 0.500000 0 0 0
-0.048829 0.049342 -0.285135 0 0.000000 0.000000 0.500000 0 0 0
-0.048274 0.048651 -0.285253 0 0.000000 0.000000 0.500000 0 0 0
-0.048037 0.048265 -0.285587 0 0.000000 0.000000 0.500000 0 0 0
-0.048012 0.048328 -0.285193 0 0.000000 0.000000 0.500000 0 0 0
-0.048297 0.048509 -0.285894 0 0.000000 0.000000 0.500000 0 0 0
-0.047801 0.047870 -0.285807 0 0.000000 0.000000 0.500000 0 0 0
-0.047812 0.048041 -0.285148 0 0.000000 0.000000 0.500000 0 0 0
-0.049363 0.049567 -0.285891 0 0.000000 0.000000 0.500000 0 0 0
-0.049152 0.049360 -0.285944 0 0.000000 0.000000 0.500000 0 0 0
-0.049249 0.049653 -0.285441 0 0.000000 0.000000 0.500000 0 0 0
-0.049020 0.049645 -0.284896 0 0.000000 0.000000 0.500000 0 0 0
-0.049225 0.049827 -0.284996 0 0.000000 0.000000 0.500000 0 0 0
-0.049495 0.050084 -0.285019 0 0.000000 0.000000 0.500000 0 0 0
-0.052133 0.051265 -0.284991 0 0.000000 0.000000 0.500000 0 0 0
-0.051758 0.051319 -0.284937 0 0.000000 0.000000 0.500000 0 0 0
-0.051544 0.051217 -0.285086 0 0.000000 0.000000 0.500000 0 0 0
-0.041056 0.025763 -0.285502 4 1.000000 0.407407 0.000000 0 0 0
-0.052894 0.026015 -0.285041 3 0.806452 1.000000 0.161290 0 0 0
-0.052382 0.026053 -0.285171 3 0.806452 1.000000 0.161290 0 0 0
-0.053040 0.026169 -0.285486 3 0.806452 1.000000 0.161290 0 0 0
-0.052373 0.026348 -0.285984 3 0.806452 1.000000 0.161290 0 0 0
-0.052948 0.026335 -0.285876 3 0.806452 1.000000 0.161290 0 0 0
-0.051403 0.026060 -0.285347 3 0.806452 1.000000 0.161290 0 0 0
-0.053058 0.026475 -0.286157 3 0.806452 1.000000 0.161290 0 0 0
-0.052817 0.026605 -0.286477 3 0.806452 1.000000 0.161290 0 0 0
-0.050695 0.026088 -0.285669 3 0.806452 1.000000 0.161290 0 0 0
-0.049817 0.025983 -0.285774 3 0.806452 1.000000 0.161290 0 0 0
-0.048323 0.025755 -0.286043 3 0.806452 1.000000 0.161290 0 0 0
-0.047411 0.025535 -0.285660 3 0.806452 1.000000 0.161290 0 0 0
-0.046451 0.025331 -0.284983 3 0.806452 1.000000 0.161290 0 0 0
-0.046393 0.025379 -0.285638 3 0.806452 1.000000 0.161290 0 0 0
-0.046924 0.025413 -0.285217 3 0.806452 1.000000 0.161290 0 0 0
-0.045238 0.025242 -0.285397 3 0.806452 1.000000 0.161290 0 0 0
-0.045814 0.025331 -0.286148 3 0.806452 1.000000 0.161290 0 0 0
-0.048949 0.025852 -0.285832 3 0.806452 1.000000 0.161290 0 0 0
-0.043980 0.025174 -0.285458 4 1.000000 0.407407 0.000000 0 0 0
-0.044384 0.025158 -0.285009 4 1.000000 0.407407 0.000000 0 0 0
-0.043758 0.025158 -0.285133 4 1.000000 0.407407 0.000000 0 0 0
-0.043136 0.025272 -0.285140 4 1.000000 0.407407 0.000000 0 0 0
-0.042176 0.025392 -0.285790 4 1.000000 0.407407 0.000000 0 0 0
-0.042162 0.025467 -0.285165 4 1.000000 0.407407 0.000000 0 0 0
-0.063893 0.035893 -0.284478 1 0.000000 0.300000 1.000000 0 0 0
-0.063785 0.036195 -0.284406 1 0.000000 0.300000 1.000000 0 0 0
-0.063498 0.036609 -0.284742 1 0.000000 0.300000 1.000000 0 0 0
-0.063282 0.037159 -0.284577 1 0.000000 0.300000 1.000000 0 0 0
-0.063291 0.036984 -0.284827 1 0.000000 0.300000 1.000000 0 0 0
-0.063146 0.037230 -0.284897 1 0.000000 0.300000 1.000000 0 0 0
-0.062975 0.037706 -0.284682 1 0.000000 0.300000 1.000000 0 0 0
-0.062861 0.038272 -0.284195 1 0.000000 0.300000 1.000000 0 0 0
-0.062726 0.038213 -0.284664 1 0.000000 0.300000 1.000000 0 0 0
-0.062613 0.038531 -0.284531 1 0.000000 0.300000 1.000000 0 0 0
-0.062507 0.038492 -0.284886 1 0.000000 0.300000 1.000000 0 0 0
-0.062606 0.038714 -0.284295 1 0.000000 0.300000 1.000000 0 0 0
-0.062505 0.038968 -0.284226 1 0.000000 0.300000 1.000000 0 0 0
-0.062362 0.038972 -0.284622 1 0.000000 0.300000 1.000000 0 0 0
-0.062364 0.039357 -0.284083 1 0.000000 0.300000 1.000000 0 0 0
-0.062112 0.039497 -0.284594 1 0.000000 0.300000 1.000000 0 0 0
-0.062137 0.039284 -0.284822 1 0.000000 0.300000 1.000000 0 0 0
-0.062058 0.039805 -0.284305 1 0.000000 0.300000 1.000000 0 0 0
-0.061954 0.039529 -0.284997 1 0.000000 0.300000 1.000000 0 0 0
-0.061890 0.040169 -0.284245 1 0.000000 0.300000 1.000000 0 0 0
-0.061791 0.040036 -0.284741 1 0.000000 0.300000 1.000000 0 0 0
-0.061685 0.040462 -0.284403 1 0.000000 0.300000 1.000000 0 0 0
-0.061783 0.040577 -0.283910 1 0.000000 0.300000 1.000000 0 0 0
-0.061506 0.040860 -0.284293 1 0.000000 0.300000 1.000000 0 0 0
-0.061557 0.040942 -0.283977 1 0.000000 0.300000 1.000000 0 0 0
-0.061196 0.041262 -0.284590 1 0.000000 0.300000 1.000000 0 0 0
-0.061362 0.041242 -0.284046 1 0.000000 0.300000 1.000000 0 0 0
-0.061033 0.041606 -0.284484 1 0.000000 0.300000 1.000000 0 0 0
-0.061110 0.041610 -0.284180 1 0.000000 0.300000 1.000000 0 0 0
-0.060891 0.041884 -0.284402 1 0.000000 0.300000 1.000000 0 0 0
-0.060948 0.041967 -0.283968 1 0.000000 0.300000 1.000000 0 0 0
-0.060658 0.042098 -0.284817 1 0.000000 0.300000 1.000000 0 0 0
-0.060657 0.042345 -0.284198 1 0.000000 0.300000 1.000000 0 0 0
-0.056757 0.026445 -0.284725 3 0.806452 1.000000 0.161290 0 0 0
-0.057082 0.026554 -0.284644 3 0.806452 1.000000 0.161290 0 0 0
-0.057128 0.026503 -0.284258 3 0.806452 1.000000 0.161290 0 0 0
-0.056613 0.026328 -0.284304 3 0.806452 1.000000 0.161290 0 0 0
-0.056175 0.026253 -0.284673 3 0.806452 1.000000 0.161290 0 0 0
-0.056202 0.026197 -0.284132 3 0.806452 1.000000 0.161290 0 0 0
-0.057894 0.026955 -0.284687 3 0.806452 1.000000 0.161290 0 0 0
-0.058390 0.027195 -0.284715 3 0.806452 1.000000 0.161290 0 0 0
-0.058410 0.027061 -0.284271 3 0.806452 1.000000 0.161290 0 0 0
-0.057973 0.026813 -0.284075 3 0.806452 1.000000 0.161290 0 0 0
-0.057590 0.026708 -0.284314 3 0.806452 1.000000 0.161290 0 0 0
-0.057359 0.026692 -0.284667 3 0.806452 1.000000 0.161290 0 0 0
-0.040667 0.038461 -0.284164 5 0.500000 0.000000 0.000000 0 0 0
-0.040577 0.038306 -0.284270 5 0.500000 0.000000 0.000000 0 0 0
-0.041245 0.039119 -0.284270 5 0.500000 0.000000 0.000000 0 0 0
-0.041098 0.038905 -0.284333 5 0.500000 0.000000 0.000000 0 0 0
-0.040902 0.038789 -0.284085 5 0.500000 0.000000 0.000000 0 0 0
-0.040802 0.038485 -0.284481 5 0.500000 0.000000 0.000000 0 0 0
-0.041038 0.038770 -0.284463 5 0.500000 0.000000 0.000000 0 0 0
-0.055351 0.026049 -0.284256 3 0.806452 1.000000 0.161290 0 0 0
-0.055745 0.026175 -0.284989 3 0.806452 1.000000 0.161290 0 0 0
-0.056079 0.026264 -0.285063 3 0.806452 1.000000 0.161290 0 0 0
-0.056407 0.026423 -0.285213 3 0.806452 1.000000 0.161290 0 0 0
-0.055258 0.026124 -0.285160 3 0.806452 1.000000 0.161290 0 0 0
-0.054677 0.026047 -0.284990 3 0.806452 1.000000 0.161290 0 0 0
-0.054183 0.025930 -0.284419 3 0.806452 1.000000 0.161290 0 0 0
-0.054102 0.026019 -0.285039 3 0.806452 1.000000 0.161290 0 0 0
-0.052728 0.025734 -0.283968 3 0.806452 1.000000 0.161290 0 0 0
-0.052710 0.025878 -0.284567 3 0.806452 1.000000 0.161290 0 0 0
-0.053378 0.025814 -0.284097 3 0.806452 1.000000 0.161290 0 0 0
-0.052250 0.025747 -0.284137 3 0.806452 1.000000 0.161290 0 0 0
-0.051892 0.025863 -0.284613 3 0.806452 1.000000 0.161290 0 0 0
-0.053452 0.025993 -0.284936 3 0.806452 1.000000 0.161290 0 0 0
-0.051690 0.025698 -0.284024 3 0.806452 1.000000 0.161290 0 0 0
-0.049264 0.025431 -0.283636 3 0.806452 1.000000 0.161290 0 0 0
-0.049090 0.025538 -0.284222 3 0.806452 1.000000 0.161290 0 0 0
-0.050036 0.025533 -0.283787 3 0.806452 1.000000 0.161290 0 0 0
-0.050932 0.025767 -0.284445 3 0.806452 1.000000 0.161290 0 0 0
-0.050533 0.025938 -0.285191 3 0.806452 1.000000 0.161290 0 0 0
-0.049842 0.025744 -0.284757 3 0.806452 1.000000 0.161290 0 0 0
-0.060632 0.042565 -0.283660 1 0.000000 0.300000 1.000000 0 0 0
-0.060407 0.042798 -0.284022 1 0.000000 0.300000 1.000000 0 0 0
-0.060445 0.042646 -0.284315 1 0.000000 0.300000 1.000000 0 0 0
-0.060827 0.042230 -0.283776 1 0.000000 0.300000 1.000000 0 0 0
-0.060275 0.042879 -0.284419 1 0.000000 0.300000 1.000000 0 0 0
-0.060330 0.043076 -0.283474 1 0.000000 0.300000 1.000000 0 0 0
-0.060039 0.043487 -0.283570 1 0.000000 0.300000 1.000000 0 0 0
-0.060094 0.043263 -0.284072 1 0.000000 0.300000 1.000000 0 0 0
-0.059814 0.043748 -0.283857 1 0.000000 0.300000 1.000000 0 0 0
-0.059872 0.043787 -0.283380 1 0.000000 0.300000 1.000000 0 0 0
-0.059476 0.044195 -0.284091 1 0.000000 0.300000 1.000000 0 0 0
-0.059646 0.044086 -0.283531 1 0.000000 0.300000 1.000000 0 0 0
-0.059416 0.044415 -0.283594 1 0.000000 0.300000 1.000000 0 0 0
-0.059192 0.044668 -0.283901 1 0.000000 0.300000 1.000000 0 0 0
-0.059258 0.044491 -0.284210 1 0.000000 0.300000 1.000000 0 0 0
-0.059090 0.044702 -0.284336 1 0.000000 0.300000 1.000000 0 0 0
-0.059223 0.044765 -0.283342 1 0.000000 0.300000 1.000000 0 0 0
-0.058951 0.045092 -0.283613 1 0.000000 0.300000 1.000000 0 0 0
-0.058909 0.045022 -0.284106 1 0.000000 0.300000 1.000000 0 0 0
-0.058678 0.045415 -0.283867 1 0.000000 0.300000 1.000000 0 0 0
-0.058735 0.045463 -0.283389 1 0.000000 0.300000 1.000000 0 0 0
-0.058357 0.045782 -0.284144 1 0.000000 0.300000 1.000000 0 0 0
-0.058447 0.045827 -0.283545 1 0.000000 0.300000 1.000000 0 0 0
-0.058256 0.046134 -0.283410 1 0.000000 0.300000 1.000000 0 0 0
-0.058100 0.046238 -0.283784 1 0.000000 0.300000 1.000000 0 0 0
-0.058121 0.046094 -0.284176 1 0.000000 0.300000 1.000000 0 0 0
-0.057908 0.046349 -0.284254 1 0.000000 0.300000 1.000000 0 0 0
-0.058089 0.046414 -0.283254 1 0.000000 0.300000 1.000000 0 0 0
-0.057822 0.046696 -0.283519 1 0.000000 0.300000 1.000000 0 0 0
-0.057786 0.046608 -0.283943 1 0.000000 0.300000 1.000000 0 0 0
-0.057558 0.046959 -0.283792 1 0.000000 0.300000 1.000000 0 0 0
-0.057573 0.047096 -0.283327 1 0.000000 0.300000 1.000000 0 0 0
-0.057306 0.047210 -0.284008 1 0.000000 0.300000 1.000000 0 0 0
-0.057320 0.047344 -0.283585 1 0.000000 0.300000 1.000000 0 0 0
-0.057054 0.047586 -0.283864 1 0.000000 0.300000 1.000000 0 0 0
-0.057096 0.047690 -0.283442 1 0.000000 0.300000 1.000000 0 0 0
-0.056758 0.047859 -0.284119 1 0.000000 0.300000 1.000000 0 0 0
-0.056774 0.048058 -0.283580 1 0.000000 0.300000 1.000000 0 0 0
-0.056576 0.048385 -0.283418 1 0.000000 0.300000 1.000000 0 0 0
-0.056482 0.048404 -0.283656 1 0.000000 0.300000 1.000000 0 0 0
-0.056527 0.048226 -0.283936 1 0.000000 0.300000 1.000000 0 0 0
-0.056355 0.048699 -0.283362 1 0.000000 0.300000 1.000000 0 0 0
-0.056169 0.048662 -0.283966 1 0.000000 0.300000 1.000000 0 0 0
-0.056053 0.049023 -0.283516 1 0.000000 0.300000 1.000000 0 0 0
-0.055799 0.049203 -0.283813 1 0.000000 0.300000 1.000000 0 0 0
-0.055865 0.048977 -0.284102 1 0.000000 0.300000 1.000000 0 0 0
-0.055627 0.049212 -0.284208 1 0.000000 0.300000 1.000000 0 0 0
-0.055836 0.049377 -0.283362 1 0.000000 0.300000 1.000000 0 0 0
-0.055526 0.049671 -0.283561 1 0.000000 0.300000 1.000000 0 0 0
-0.055490 0.049511 -0.283955 1 0.000000 0.300000 1.000000 0 0 0
-0.055254 0.049850 -0.283850 1 0.000000 0.300000 1.000000 0 0 0
-0.055280 0.049970 -0.283566 1 0.000000 0.300000 1.000000 0 0 0
-0.054986 0.050042 -0.284058 1 0.000000 0.300000 1.000000 0 0 0
-0.054990 0.050276 -0.283617 1 0.000000 0.300000 1.000000 0 0 0
-0.054791 0.050607 -0.283420 1 0.000000 0.300000 1.000000 0 0 0
-0.054547 0.050708 -0.283691 1 0.000000 0.300000 1.000000 0 0 0
-0.054718 0.050356 -0.284013 1 0.000000 0.300000 1.000000 0 0 0
-0.054319 0.050629 -0.284222 1 0.000000 0.300000 1.000000 0 0 0
-0.054628 0.050860 -0.283266 1 0.000000 0.300000 1.000000 0 0 0
-0.054019 0.051097 -0.283852 1 0.000000 0.300000 1.000000 0 0 0
-0.053957 0.050941 -0.284250 1 0.000000 0.300000 1.000000 0 0 0
-0.053801 0.051109 -0.284164 0 0.000000 0.000000 0.500000 0 0 0
-0.064410 0.036548 -0.282109 1 0.000000 0.300000 1.000000 0 0 0
-0.064150 0.036872 -0.282431 1 0.000000 0.300000 1.000000 0 0 0
-0.064533 0.036564 -0.281857 1 0.000000 0.300000 1.000000 0 0 0
-0.064392 0.036888 -0.281926 1 0.000000 0.300000 1.000000 0 0 0
-0.064137 0.037343 -0.282093 1 0.000000 0.300000 1.000000 0 0 0
-0.064006 0.037251 -0.282408 1 0.000000 0.300000 1.000000 0 0 0
-0.064205 0.037757 -0.281731 1 0.000000 0.300000 1.000000 0 0 0
-0.063925 0.037827 -0.282135 1 0.000000 0.300000 1.000000 0 0 0
-0.063875 0.037548 -0.282440 1 0.000000 0.300000 1.000000 0 0 0
-0.063751 0.037851 -0.282444 1 0.000000 0.300000 1.000000 0 0 0
-0.063968 0.038224 -0.281812 1 0.000000 0.300000 1.000000 0 0 0
-0.063773 0.038524 -0.281911 1 0.000000 0.300000 1.000000 0 0 0
-0.063647 0.038268 -0.282316 1 0.000000 0.300000 1.000000 0 0 0
-0.063540 0.038824 -0.282070 1 0.000000 0.300000 1.000000 0 0 0
-0.063335 0.038757 -0.282482 1 0.000000 0.300000 1.000000 0 0 0
-0.063337 0.038979 -0.282280 1 0.000000 0.300000 1.000000 0 0 0
-0.063307 0.039239 -0.282122 1 0.000000 0.300000 1.000000 0 0 0
-0.063586 0.039222 -0.281735 1 0.000000 0.300000 1.000000 0 0 0
-0.063281 0.039705 -0.281800 1 0.000000 0.300000 1.000000 0 0 0
-0.063178 0.039112 -0.282454 1 0.000000 0.300000 1.000000 0 0 0
-0.062941 0.039615 -0.282410 1 0.000000 0.300000 1.000000 0 0 0
-0.062902 0.040115 -0.281967 1 0.000000 0.300000 1.000000 0 0 0
-0.062771 0.040031 -0.282265 1 0.000000 0.300000 1.000000 0 0 0
-0.062636 0.040322 -0.282177 1 0.000000 0.300000 1.000000 0 0 0
-0.062716 0.040423 -0.281928 1 0.000000 0.300000 1.000000 0 0 0
-0.062328 0.040577 -0.282460 1 0.000000 0.300000 1.000000 0 0 0
-0.062503 0.040721 -0.281938 1 0.000000 0.300000 1.000000 0 0 0
-0.062340 0.041040 -0.281807 1 0.000000 0.300000 1.000000 0 0 0
-0.062166 0.041038 -0.282129 1 0.000000 0.300000 1.000000 0 0 0
-0.062102 0.040915 -0.282455 1 0.000000 0.300000 1.000000 0 0 0
-0.061865 0.041228 -0.282510 1 0.000000 0.300000 1.000000 0 0 0
-0.062181 0.041294 -0.281730 1 0.000000 0.300000 1.000000 0 0 0
-0.061870 0.041503 -0.282012 1 0.000000 0.300000 1.000000 0 0 0
-0.061713 0.041539 -0.282314 1 0.000000 0.300000 1.000000 0 0 0
-0.061560 0.041814 -0.282178 1 0.000000 0.300000 1.000000 0 0 0
-0.061647 0.041960 -0.281697 1 0.000000 0.300000 1.000000 0 0 0
-0.061275 0.042032 -0.282542 1 0.000000 0.300000 1.000000 0 0 0
-0.061311 0.042244 -0.281951 1 0.000000 0.300000 1.000000 0 0 0
-0.058509 0.026490 -0.282235 3 0.806452 1.000000 0.161290 0 0 0
-0.058947 0.026578 -0.282167 3 0.806452 1.000000 0.161290 0 0 0
-0.058758 0.026419 -0.281842 3 0.806452 1.000000 0.161290 0 0 0
-0.058200 0.026301 -0.281827 3 0.806452 1.000000 0.161290 0 0 0
-0.058070 0.026399 -0.282300 3 0.806452 1.000000 0.161290 0 0 0
-0.057523 0.026236 -0.282132 3 0.806452 1.000000 0.161290 0 0 0
-0.057751 0.026160 -0.281572 3 0.806452 1.000000 0.161290 0 0 0
-0.056922 0.025983 -0.281263 3 0.806452 1.000000 0.161290 0 0 0
-0.056832 0.026058 -0.281854 3 0.806452 1.000000 0.161290 0 0 0
-0.057317 0.026095 -0.281580 3 0.806452 1.000000 0.161290 0 0 0
-0.056184 0.025892 -0.281415 3 0.806452 1.000000 0.161290 0 0 0
-0.056175 0.025986 -0.282250 3 0.806452 1.000000 0.161290 0 0 0
-0.056854 0.026148 -0.282476 3 0.806452 1.000000 0.161290 0 0 0
-0.056387 0.026091 -0.282820 3 0.806452 1.000000 0.161290 0 0 0
-0.058290 0.026539 -0.282605 3 0.806452 1.000000 0.161290 0 0 0
-0.041179 0.039845 -0.282234 5 0.500000 0.000000 0.000000 0 0 0
-0.041521 0.040319 -0.282165 5 0.500000 0.000000 0.000000 0 0 0
-0.041382 0.040161 -0.282276 5 0.500000 0.000000 0.000000 0 0 0
-0.041215 0.039953 -0.282559 5 0.500000 0.000000 0.000000 0 0 0
-0.041600 0.040441 -0.282382 5 0.500000 0.000000 0.000000 0 0 0
-0.041868 0.040646 -0.282273 5 0.500000 0.000000 0.000000 0 0 0
-0.041760 0.040630 -0.282549 5 0.500000 0.000000 0.000000 0 0 0
-0.061005 0.042501 -0.282270 1 0.000000 0.300000 1.000000 0 0 0
-0.061046 0.042659 -0.281750 1 0.000000 0.300000 1.000000 0 0 0
-0.063341 0.028509 -0.280449 3 0.806452 1.000000 0.161290 0 0 0
-0.063283 0.028682 -0.280757 3 0.806452 1.000000 0.161290 0 0 0
-0.063458 0.028757 -0.280492 3 0.806452 1.000000 0.161290 0 0 0
-0.060787 0.026233 -0.280508 3 0.806452 1.000000 0.161290 0 0 0
-0.060944 0.026542 -0.280921 3 0.806452 1.000000 0.161290 0 0 0
-0.061272 0.026504 -0.280639 3 0.806452 1.000000 0.161290 0 0 0
-0.060562 0.026473 -0.281029 3 0.806452 1.000000 0.161290 0 0 0
-0.060231 0.026240 -0.280769 3 0.806452 1.000000 0.161290 0 0 0
-0.060111 0.026462 -0.281239 3 0.806452 1.000000 0.161290 0 0 0
-0.059836 0.026254 -0.280950 3 0.806452 1.000000 0.161290 0 0 0
-0.059656 0.026361 -0.281245 3 0.806452 1.000000 0.161290 0 0 0
-0.059406 0.026187 -0.280957 3 0.806452 1.000000 0.161290 0 0 0
-0.059180 0.026372 -0.281479 3 0.806452 1.000000 0.161290 0 0 0
-0.058780 0.026111 -0.280947 3 0.806452 1.000000 0.161290 0 0 0
-0.058617 0.026267 -0.281466 3 0.806452 1.000000 0.161290 0 0 0
-0.061897 0.026871 -0.280635 3 0.806452 1.000000 0.161290 0 0 0
-0.061960 0.027112 -0.280884 3 0.806452 1.000000 0.161290 0 0 0
-0.062298 0.027228 -0.280635 3 0.806452 1.000000 0.161290 0 0 0
-0.062667 0.027590 -0.280579 3 0.806452 1.000000 0.161290 0 0 0
-0.062755 0.027858 -0.280752 3 0.806452 1.000000 0.161290 0 0 0
-0.062860 0.027796 -0.280525 3 0.806452 1.000000 0.161290 0 0 0
-0.062449 0.027748 -0.281076 3 0.806452 1.000000 0.161290 0 0 0
-0.061989 0.027355 -0.281162 3 0.806452 1.000000 0.161290 0 0 0
-0.061639 0.027021 -0.281085 3 0.806452 1.000000 0.161290 0 0 0
-0.061553 0.026738 -0.280770 3 0.806452 1.000000 0.161290 0 0 0
-0.061253 0.026756 -0.281035 3 0.806452 1.000000 0.161290 0 0 0
-0.060813 0.026771 -0.281379 3 0.806452 1.000000 0.161290 0 0 0
-0.063043 0.028152 -0.280611 3 0.806452 1.000000 0.161290 0 0 0
-0.062761 0.028024 -0.280940 3 0.806452 1.000000 0.161290 0 0 0
-0.062868 0.028209 -0.280992 3 0.806452 1.000000 0.161290 0 0 0
-0.062979 0.028501 -0.281152 3 0.806452 1.000000 0.161290 0 0 0
-0.060447 0.026615 -0.281346 3 0.806452 1.000000 0.161290 0 0 0
-0.063626 0.029200 -0.280643 2 0.161290 1.000000 0.806452 0 0 0
-0.063272 0.028978 -0.281165 2 0.161290 1.000000 0.806452 0 0 0
-0.063456 0.029278 -0.281152 2 0.161290 1.000000 0.806452 0 0 0
-0.063940 0.029668 -0.280451 2 0.161290 1.000000 0.806452 0 0 0
-0.063878 0.029838 -0.280827 2 0.161290 1.000000 0.806452 0 0 0
-0.064090 0.030012 -0.280504 2 0.161290 1.000000 0.806452 0 0 0
-0.063614 0.029601 -0.281214 2 0.161290 1.000000 0.806452 0 0 0
-0.064399 0.030790 -0.280674 2 0.161290 1.000000 0.806452 0 0 0
-0.064406 0.030986 -0.280933 2 0.161290 1.000000 0.806452 0 0 0
-0.064583 0.031065 -0.280540 2 0.161290 1.000000 0.806452 0 0 0
-0.064175 0.030441 -0.280844 2 0.161290 1.000000 0.806452 0 0 0
-0.063851 0.030097 -0.281300 2 0.161290 1.000000 0.806452 0 0 0
-0.064036 0.030501 -0.281383 2 0.161290 1.000000 0.806452 0 0 0
-0.064219 0.030799 -0.281264 2 0.161290 1.000000 0.806452 0 0 0
-0.064691 0.031568 -0.280875 2 0.161290 1.000000 0.806452 0 0 0
-0.064391 0.031243 -0.281411 2 0.161290 1.000000 0.806452 0 0 0
-0.064585 0.031673 -0.281395 2 0.161290 1.000000 0.806452 0 0 0
-0.064886 0.031897 -0.280691 2 0.161290 1.000000 0.806452 0 0 0
-0.064889 0.032093 -0.280899 2 0.161290 1.000000 0.806452 0 0 0
-0.065018 0.032126 -0.280573 2 0.161290 1.000000 0.806452 0 0 0
-0.064736 0.031948 -0.281239 2 0.161290 1.000000 0.806452 0 0 0
-0.065131 0.032638 -0.280728 2 0.161290 1.000000 0.806452 0 0 0
-0.064870 0.032371 -0.281295 2 0.161290 1.000000 0.806452 0 0 0
-0.064994 0.032730 -0.281220 2 0.161290 1.000000 0.806452 0 0 0
-0.065068 0.033176 -0.281275 2 0.161290 1.000000 0.806452 0 0 0
-0.065306 0.033344 -0.280689 2 0.161290 1.000000 0.806452 0 0 0
-0.049338 0.051033 -0.281157 0 0.000000 0.000000 0.500000 0 0 0
-0.049516 0.051206 -0.281699 0 0.000000 0.000000 0.500000 0 0 0
-0.049656 0.051491 -0.280691 0 0.000000 0.000000 0.500000 0 0 0
-0.039994 0.025526 -0.280413 4 1.000000 0.407407 0.000000 0 0 0
-0.040600 0.025506 -0.280667 4 1.000000 0.407407 0.000000 0 0 0
-0.040505 0.024995 -0.280010 4 1.000000 0.407407 0.000000 0 0 0
-0.039820 0.025302 -0.280114 4 1.000000 0.407407 0.000000 0 0 0
-0.039747 0.026585 -0.281312 4 1.000000 0.407407 0.000000 0 0 0
-0.039961 0.025951 -0.280804 4 1.000000 0.407407 0.000000 0 0 0
-0.039111 0.027506 -0.281446 4 1.000000 0.407407 0.000000 0 0 0
-0.039706 0.027060 -0.282210 4 1.000000 0.407407 0.000000 0 0 0
-0.039084 0.026976 -0.280861 4 1.000000 0.407407 0.000000 0 0 0
-0.038586 0.027719 -0.280588 4 1.000000 0.407407 0.000000 0 0 0
-0.038957 0.028024 -0.282368 4 1.000000 0.407407 0.000000 0 0 0
-0.038564 0.028671 -0.281340 4 1.000000 0.407407 0.000000 0 0 0
-0.038451 0.029018 -0.282324 4 1.000000 0.407407 0.000000 0 0 0
-0.038311 0.029612 -0.281742 4 1.000000 0.407407 0.000000 0 0 0
-0.038235 0.030076 -0.280674 4 1.000000 0.407407 0.000000 0 0 0
-0.038116 0.030451 -0.281902 4 1.000000 0.407407 0.000000 0 0 0
-0.038123 0.031220 -0.281431 4 1.000000 0.407407 0.000000 0 0 0
-0.038256 0.031563 -0.280475 5 0.500000 0.000000 0.000000 0 0 0
-0.038004 0.031097 -0.282116 4 1.000000 0.407407 0.000000 0 0 0
-0.038158 0.032276 -0.281293 5 0.500000 0.000000 0.000000 0 0 0
-0.038370 0.032694 -0.280511 5 0.500000 0.000000 0.000000 0 0 0
-0.038280 0.033365 -0.281243 5 0.500000 0.000000 0.000000 0 0 0
-0.038485 0.033429 -0.280602 5 0.500000 0.000000 0.000000 0 0 0
-0.037933 0.031864 -0.282168 5 0.500000 0.000000 0.000000 0 0 0
-0.037957 0.032933 -0.281980 5 0.500000 0.000000 0.000000 0 0 0
-0.038669 0.034340 -0.280770 5 0.500000 0.000000 0.000000 0 0 0
-0.038265 0.034151 -0.281669 5 0.500000 0.000000 0.000000 0 0 0
-0.038446 0.034638 -0.281739 5 0.500000 0.000000 0.000000 0 0 0
-0.038758 0.035299 -0.281912 5 0.500000 0.000000 0.000000 0 0 0
-0.039012 0.035324 -0.281004 5 0.500000 0.000000 0.000000 0 0 0
-0.038037 0.033690 -0.281929 5 0.500000 0.000000 0.000000 0 0 0
-0.038066 0.034130 -0.282050 5 0.500000 0.000000 0.000000 0 0 0
-0.038149 0.034314 -0.281997 5 0.500000 0.000000 0.000000 0 0 0
-0.038239 0.034490 -0.282005 5 0.500000 0.000000 0.000000 0 0 0
-0.039601 0.036566 -0.280640 5 0.500000 0.000000 0.000000 0 0 0
-0.039271 0.036098 -0.281475 5 0.500000 0.000000 0.000000 0 0 0
-0.039261 0.035761 -0.280599 5 0.500000 0.000000 0.000000 0 0 0
-0.039567 0.036691 -0.281454 5 0.500000 0.000000 0.000000 0 0 0
-0.039836 0.037223 -0.281454 5 0.500000 0.000000 0.000000 0 0 0
-0.040125 0.037593 -0.280540 5 0.500000 0.000000 0.000000 0 0 0
-0.040158 0.037852 -0.281492 5 0.500000 0.000000 0.000000 0 0 0
-0.040498 0.038365 -0.281154 5 0.500000 0.000000 0.000000 0 0 0
-0.040685 0.038849 -0.281726 5 0.500000 0.000000 0.000000 0 0 0
-0.040744 0.039068 -0.282068 5 0.500000 0.000000 0.000000 0 0 0
-0.063290 0.028046 -0.280087 3 0.806452 1.000000 0.161290 0 0 0
-0.063342 0.028324 -0.280261 3 0.806452 1.000000 0.161290 0 0 0
-0.063455 0.028286 -0.280034 3 0.806452 1.000000 0.161290 0 0 0
-0.063601 0.028637 -0.280105 3 0.806452 1.000000 0.161290 0 0 0
-0.061952 0.026446 -0.280031 3 0.806452 1.000000 0.161290 0 0 0
-0.061933 0.026667 -0.280345 3 0.806452 1.000000 0.161290 0 0 0
-0.062188 0.026810 -0.280264 3 0.806452 1.000000 0.161290 0 0 0
-0.062402 0.042335 -0.280335 1 0.000000 0.300000 1.000000 0 0 0
-0.061983 0.042466 -0.280499 1 0.000000 0.300000 1.000000 0 0 0
-0.061998 0.042665 -0.280289 1 0.000000 0.300000 1.000000 0 0 0
-0.061736 0.042717 -0.280463 1 0.000000 0.300000 1.000000 0 0 0
-0.061789 0.042472 -0.280681 1 0.000000 0.300000 1.000000 0 0 0
-0.061532 0.042668 -0.280770 1 0.000000 0.300000 1.000000 0 0 0
-0.061263 0.042891 -0.280860 1 0.000000 0.300000 1.000000 0 0 0
-0.061393 0.043089 -0.280442 1 0.000000 0.300000 1.000000 0 0 0
-0.061067 0.043209 -0.280711 1 0.000000 0.300000 1.000000 0 0 0
-0.061114 0.043348 -0.280463 1 0.000000 0.300000 1.000000 0 0 0
-0.060823 0.043370 -0.280908 1 0.000000 0.300000 1.000000 0 0 0
-0.060871 0.043592 -0.280531 1 0.000000 0.300000 1.000000 0 0 0
-0.060897 0.043923 -0.280136 1 0.000000 0.300000 1.000000 0 0 0
-0.060578 0.044072 -0.280413 1 0.000000 0.300000 1.000000 0 0 0
-0.060527 0.043749 -0.280952 1 0.000000 0.300000 1.000000 0 0 0
-0.060196 0.044331 -0.280757 1 0.000000 0.300000 1.000000 0 0 0
-0.060677 0.044263 -0.280051 1 0.000000 0.300000 1.000000 0 0 0
-0.060368 0.044625 -0.280120 1 0.000000 0.300000 1.000000 0 0 0
-0.059933 0.044838 -0.280542 1 0.000000 0.300000 1.000000 0 0 0
-0.059943 0.044594 -0.280852 1 0.000000 0.300000 1.000000 0 0 0
-0.059757 0.044785 -0.280978 1 0.000000 0.300000 1.000000 0 0 0
-0.060032 0.045078 -0.280097 1 0.000000 0.300000 1.000000 0 0 0
-0.059695 0.045374 -0.280273 1 0.000000 0.300000 1.000000 0 0 0
-0.059605 0.045133 -0.280771 1 0.000000 0.300000 1.000000 0 0 0
-0.059559 0.045701 -0.280104 1 0.000000 0.300000 1.000000 0 0 0
-0.059376 0.045765 -0.280352 1 0.000000 0.300000 1.000000 0 0 0
-0.059423 0.045480 -0.280647 1 0.000000 0.300000 1.000000 0 0 0
-0.059138 0.045809 -0.280812 1 0.000000 0.300000 1.000000 0 0 0
-0.059436 0.045997 -0.279997 1 0.000000 0.300000 1.000000 0 0 0
-0.059064 0.046267 -0.280329 1 0.000000 0.300000 1.000000 0 0 0
-0.058891 0.046187 -0.280788 1 0.000000 0.300000 1.000000 0 0 0
-0.058767 0.046463 -0.280646 1 0.000000 0.300000 1.000000 0 0 0
-0.058752 0.046693 -0.280375 1 0.000000 0.300000 1.000000 0 0 0
-0.058670 0.046392 -0.281006 1 0.000000 0.300000 1.000000 0 0 0
-0.058540 0.047130 -0.280235 1 0.000000 0.300000 1.000000 0 0 0
-0.058501 0.046808 -0.280754 1 0.000000 0.300000 1.000000 0 0 0
-0.058445 0.047444 -0.280019 1 0.000000 0.300000 1.000000 0 0 0
-0.058237 0.047541 -0.280256 1 0.000000 0.300000 1.000000 0 0 0
-0.058269 0.047248 -0.280608 1 0.000000 0.300000 1.000000 0 0 0
-0.057964 0.047651 -0.280680 1 0.000000 0.300000 1.000000 0 0 0
-0.058331 0.047735 -0.279884 1 0.000000 0.300000 1.000000 0 0 0
-0.057927 0.048079 -0.280138 1 0.000000 0.300000 1.000000 0 0 0
-0.057781 0.047992 -0.280546 1 0.000000 0.300000 1.000000 0 0 0
-0.057616 0.048273 -0.280476 1 0.000000 0.300000 1.000000 0 0 0
-0.057654 0.048402 -0.280193 1 0.000000 0.300000 1.000000 0 0 0
-0.057300 0.048507 -0.280852 1 0.000000 0.300000 1.000000 0 0 0
-0.057425 0.048695 -0.280248 1 0.000000 0.300000 1.000000 0 0 0
-0.057248 0.049022 -0.280121 1 0.000000 0.300000 1.000000 0 0 0
-0.057098 0.048999 -0.280476 1 0.000000 0.300000 1.000000 0 0 0
-0.057051 0.048858 -0.280843 1 0.000000 0.300000 1.000000 0 0 0
-0.056850 0.049145 -0.280833 1 0.000000 0.300000 1.000000 0 0 0
-0.057069 0.049298 -0.280064 1 0.000000 0.300000 1.000000 0 0 0
-0.056767 0.049487 -0.280407 1 0.000000 0.300000 1.000000 0 0 0
-0.056607 0.049480 -0.280830 1 0.000000 0.300000 1.000000 0 0 0
-0.056428 0.049830 -0.280611 1 0.000000 0.300000 1.000000 0 0 0
-0.056521 0.049941 -0.280174 1 0.000000 0.300000 1.000000 0 0 0
-0.056138 0.050103 -0.280851 1 0.000000 0.300000 1.000000 0 0 0
-0.056177 0.050293 -0.280356 1 0.000000 0.300000 1.000000 0 0 0
-0.055901 0.050501 -0.280663 1 0.000000 0.300000 1.000000 0 0 0
-0.055932 0.050612 -0.280352 1 0.000000 0.300000 1.000000 0 0 0
-0.055624 0.050751 -0.280901 1 0.000000 0.300000 1.000000 0 0 0
-0.055689 0.050883 -0.280442 1 0.000000 0.300000 1.000000 0 0 0
-0.055408 0.051108 -0.280711 1 0.000000 0.300000 1.000000 0 0 0
-0.055470 0.051166 -0.280427 1 0.000000 0.300000 1.000000 0 0 0
-0.055092 0.051406 -0.280899 1 0.000000 0.300000 1.000000 0 0 0
-0.055261 0.051405 -0.280472 1 0.000000 0.300000 1.000000 0 0 0
-0.045217 0.044619 -0.279869 5 0.500000 0.000000 0.000000 0 0 0
-0.045433 0.044890 -0.280658 5 0.500000 0.000000 0.000000 0 0 0
-0.045859 0.045590 -0.280505 5 0.500000 0.000000 0.000000 0 0 0
-0.046630 0.046807 -0.280561 5 0.500000 0.000000 0.000000 0 0 0
-0.046198 0.046062 -0.280956 5 0.500000 0.000000 0.000000 0 0 0
-0.044062 0.042665 -0.280088 5 0.500000 0.000000 0.000000 0 0 0
-0.044410 0.043244 -0.280529 5 0.500000 0.000000 0.000000 0 0 0
-0.044338 0.043148 -0.281032 5 0.500000 0.000000 0.000000 0 0 0
-0.044878 0.044009 -0.280366 5 0.500000 0.000000 0.000000 0 0 0
-0.044606 0.043556 -0.281132 5 0.500000 0.000000 0.000000 0 0 0
-0.047101 0.047578 -0.280373 5 0.500000 0.000000 0.000000 0 0 0
-0.047567 0.048290 -0.280598 5 0.500000 0.000000 0.000000 0 0 0
-0.047987 0.049005 -0.280360 5 0.500000 0.000000 0.000000 0 0 0
-0.047945 0.048863 -0.281117 5 0.500000 0.000000 0.000000 0 0 0
-0.048413 0.049681 -0.280767 0 0.000000 0.000000 0.500000 0 0 0
-0.048938 0.050502 -0.280759 0 0.000000 0.000000 0.500000 0 0 0
-0.049346 0.051127 -0.280252 0 0.000000 0.000000 0.500000 0 0 0
-0.048424 0.024306 -0.278922 3 0.806452 1.000000 0.161290 0 0 0
-0.048484 0.024432 -0.279336 3 0.806452 1.000000 0.161290 0 0 0
-0.048771 0.024346 -0.278893 3 0.806452 1.000000 0.161290 0 0 0
-0.047872 0.024277 -0.279008 3 0.806452 1.000000 0.161290 0 0 0
-0.047055 0.024117 -0.278670 3 0.806452 1.000000 0.161290 0 0 0
-0.041957 0.023731 -0.278799 4 1.000000 0.407407 0.000000 0 0 0
-0.041498 0.023749 -0.278716 4 1.000000 0.407407 0.000000 0 0 0
-0.041152 0.023980 -0.278939 4 1.000000 0.407407 0.000000 0 0 0
-0.040737 0.024010 -0.278741 4 1.000000 0.407407 0.000000 0 0 0
-0.040378 0.024295 -0.278987 4 1.000000 0.407407 0.000000 0 0 0
-0.063588 0.027387 -0.279136 3 0.806452 1.000000 0.161290 0 0 0
-0.063277 0.027440 -0.279581 3 0.806452 1.000000 0.161290 0 0 0
-0.063533 0.027714 -0.279447 3 0.806452 1.000000 0.161290 0 0 0
-0.058471 0.025256 -0.279027 3 0.806452 1.000000 0.161290 0 0 0
-0.058867 0.025327 -0.279221 3 0.806452 1.000000 0.161290 0 0 0
-0.059027 0.025171 -0.278983 3 0.806452 1.000000 0.161290 0 0 0
-0.058726 0.025504 -0.279532 3 0.806452 1.000000 0.161290 0 0 0
-0.058107 0.025534 -0.279483 3 0.806452 1.000000 0.161290 0 0 0
-0.058013 0.025373 -0.279127 3 0.806452 1.000000 0.161290 0 0 0
-0.057575 0.025459 -0.279206 3 0.806452 1.000000 0.161290 0 0 0
-0.057664 0.025653 -0.279666 3 0.806452 1.000000 0.161290 0 0 0
-0.057344 0.025633 -0.279574 3 0.806452 1.000000 0.161290 0 0 0
-0.057410 0.025714 -0.279796 3 0.806452 1.000000 0.161290 0 0 0
-0.057041 0.025555 -0.279355 3 0.806452 1.000000 0.161290 0 0 0
-0.057108 0.025380 -0.278934 3 0.806452 1.000000 0.161290 0 0 0
-0.056640 0.025449 -0.279062 3 0.806452 1.000000 0.161290 0 0 0
-0.056551 0.025610 -0.279520 3 0.806452 1.000000 0.161290 0 0 0
-0.057031 0.025722 -0.279866 3 0.806452 1.000000 0.161290 0 0 0
-0.056490 0.025714 -0.279922 3 0.806452 1.000000 0.161290 0 0 0
-0.037568 0.026257 -0.278787 4 1.000000 0.407407 0.000000 0 0 0
-0.037806 0.026224 -0.279111 4 1.000000 0.407407 0.000000 0 0 0
-0.037719 0.025932 -0.278714 4 1.000000 0.407407 0.000000 0 0 0
-0.037466 0.026630 -0.278822 4 1.000000 0.407407 0.000000 0 0 0
-0.037692 0.026672 -0.279174 4 1.000000 0.407407 0.000000 0 0 0
-0.037844 0.026849 -0.279427 4 1.000000 0.407407 0.000000 0 0 0
-0.037570 0.027215 -0.279077 4 1.000000 0.407407 0.000000 0 0 0
-0.037866 0.026496 -0.279377 4 1.000000 0.407407 0.000000 0 0 0
-0.037961 0.027799 -0.279587 4 1.000000 0.407407 0.000000 0 0 0
-0.037893 0.027305 -0.279514 4 1.000000 0.407407 0.000000 0 0 0
-0.037742 0.027753 -0.279287 4 1.000000 0.407407 0.000000 0 0 0
-0.037528 0.027864 -0.278989 4 1.000000 0.407407 0.000000 0 0 0
-0.037236 0.027099 -0.278634 4 1.000000 0.407407 0.000000 0 0 0
-0.037270 0.027596 -0.278683 4 1.000000 0.407407 0.000000 0 0 0
-0.064530 0.028871 -0.278836 2 0.161290 1.000000 0.806452 0 0 0
-0.064199 0.028682 -0.279171 3 0.806452 1.000000 0.161290 0 0 0
-0.064168 0.028236 -0.278932 3 0.806452 1.000000 0.161290 0 0 0
-0.060079 0.025048 -0.278880 3 0.806452 1.000000 0.161290 0 0 0
-0.060094 0.024825 -0.278581 3 0.806452 1.000000 0.161290 0 0 0
-0.059513 0.025116 -0.278958 3 0.806452 1.000000 0.161290 0 0 0
-0.065631 0.031154 -0.278860 2 0.161290 1.000000 0.806452 0 0 0
-0.065844 0.031130 -0.278661 2 0.161290 1.000000 0.806452 0 0 0
-0.064424 0.029117 -0.279121 2 0.161290 1.000000 0.806452 0 0 0
-0.064569 0.029429 -0.279111 2 0.161290 1.000000 0.806452 0 0 0
-0.065124 0.030061 -0.278788 2 0.161290 1.000000 0.806452 0 0 0
-0.064803 0.029806 -0.279047 2 0.161290 1.000000 0.806452 0 0 0
-0.065139 0.030266 -0.278876 2 0.161290 1.000000 0.806452 0 0 0
-0.064988 0.030178 -0.279011 2 0.161290 1.000000 0.806452 0 0 0
-0.065331 0.030836 -0.279018 2 0.161290 1.000000 0.806452 0 0 0
-0.065106 0.030441 -0.279034 2 0.161290 1.000000 0.806452 0 0 0
-0.065636 0.031372 -0.278967 2 0.161290 1.000000 0.806452 0 0 0
-0.065905 0.031467 -0.278778 2 0.161290 1.000000 0.806452 0 0 0
-0.065612 0.031588 -0.279127 2 0.161290 1.000000 0.806452 0 0 0
-0.065855 0.032002 -0.279095 2 0.161290 1.000000 0.806452 0 0 0
-0.065435 0.031266 -0.279145 2 0.161290 1.000000 0.806452 0 0 0
-0.037161 0.026711 -0.278435 4 1.000000 0.407407 0.000000 0 0 0
-0.037028 0.027054 -0.278343 4 1.000000 0.407407 0.000000 0 0 0
-0.046483 0.023866 -0.277929 3 0.806452 1.000000 0.161290 0 0 0
-0.046103 0.024111 -0.278863 3 0.806452 1.000000 0.161290 0 0 0
-0.045234 0.023768 -0.278079 3 0.806452 1.000000 0.161290 0 0 0
-0.045114 0.024150 -0.279189 3 0.806452 1.000000 0.161290 0 0 0
-0.043794 0.023625 -0.278345 4 1.000000 0.407407 0.000000 0 0 0
-0.044315 0.023616 -0.278082 4 1.000000 0.407407 0.000000 0 0 0
-0.043175 0.023511 -0.278312 4 1.000000 0.407407 0.000000 0 0 0
-0.042723 0.023551 -0.278537 4 1.000000 0.407407 0.000000 0 0 0
-0.042704 0.023394 -0.278207 4 1.000000 0.407407 0.000000 0 0 0
-0.042300 0.023486 -0.278421 4 1.000000 0.407407 0.000000 0 0 0
-0.041776 0.023521 -0.278405 4 1.000000 0.407407 0.000000 0 0 0
-0.038171 0.030899 -0.279389 4 1.000000 0.407407 0.000000 0 0 0
-0.038387 0.032223 -0.279591 5 0.500000 0.000000 0.000000 0 0 0
-0.038563 0.033308 -0.279908 5 0.500000 0.000000 0.000000 0 0 0
-0.038806 0.034134 -0.279408 5 0.500000 0.000000 0.000000 0 0 0
-0.039035 0.034871 -0.279554 5 0.500000 0.000000 0.000000 0 0 0
-0.039312 0.035711 -0.279602 5 0.500000 0.000000 0.000000 0 0 0
-0.039797 0.036888 -0.279308 5 0.500000 0.000000 0.000000 0 0 0
-0.040297 0.037809 -0.279493 5 0.500000 0.000000 0.000000 0 0 0
-0.040688 0.038397 -0.279084 5 0.500000 0.000000 0.000000 0 0 0
-0.058478 0.024451 -0.277798 3 0.806452 1.000000 0.161290 0 0 0
-0.058288 0.024272 -0.277506 3 0.806452 1.000000 0.161290 0 0 0
-0.057988 0.024631 -0.277912 3 0.806452 1.000000 0.161290 0 0 0
-0.057466 0.024632 -0.277752 3 0.806452 1.000000 0.161290 0 0 0
-0.057529 0.024791 -0.278008 3 0.806452 1.000000 0.161290 0 0 0
-0.057150 0.024628 -0.277648 3 0.806452 1.000000 0.161290 0 0 0
-0.057034 0.024901 -0.278051 3 0.806452 1.000000 0.161290 0 0 0
-0.056403 0.024874 -0.277838 3 0.806452 1.000000 0.161290 0 0 0
-0.055996 0.025021 -0.278003 3 0.806452 1.000000 0.161290 0 0 0
-0.055501 0.025071 -0.278018 3 0.806452 1.000000 0.161290 0 0 0
-0.055040 0.025092 -0.277982 3 0.806452 1.000000 0.161290 0 0 0
-0.054665 0.025049 -0.277861 3 0.806452 1.000000 0.161290 0 0 0
-0.054172 0.025020 -0.277774 3 0.806452 1.000000 0.161290 0 0 0
-0.055106 0.025195 -0.278251 3 0.806452 1.000000 0.161290 0 0 0
-0.054720 0.025194 -0.278229 3 0.806452 1.000000 0.161290 0 0 0
-0.054263 0.025167 -0.278162 3 0.806452 1.000000 0.161290 0 0 0
-0.053649 0.024985 -0.277728 3 0.806452 1.000000 0.161290 0 0 0
-0.053127 0.024929 -0.277670 3 0.806452 1.000000 0.161290 0 0 0
-0.052676 0.024967 -0.277927 3 0.806452 1.000000 0.161290 0 0 0
-0.052231 0.024968 -0.278189 3 0.806452 1.000000 0.161290 0 0 0
-0.051880 0.024871 -0.278086 3 0.806452 1.000000 0.161290 0 0 0
-0.053827 0.025122 -0.278069 3 0.806452 1.000000 0.161290 0 0 0
-0.053250 0.025110 -0.278188 3 0.806452 1.000000 0.161290 0 0 0
-0.058207 0.023703 -0.276749 3 0.806452 1.000000 0.161290 0 0 0
-0.058118 0.023992 -0.277092 3 0.806452 1.000000 0.161290 0 0 0
-0.058518 0.023781 -0.276938 3 0.806452 1.000000 0.161290 0 0 0
-0.058637 0.023991 -0.277239 3 0.806452 1.000000 0.161290 0 0 0
-0.057913 0.023849 -0.276849 3 0.806452 1.000000 0.161290 0 0 0
-0.057517 0.024028 -0.276961 3 0.806452 1.000000 0.161290 0 0 0
-0.056975 0.024000 -0.276770 3 0.806452 1.000000 0.161290 0 0 0
-0.056582 0.023950 -0.276604 3 0.806452 1.000000 0.161290 0 0 0
-0.050955 0.024069 -0.276735 3 0.806452 1.000000 0.161290 0 0 0
-0.049951 0.023784 -0.276543 3 0.806452 1.000000 0.161290 0 0 0
-0.050097 0.023882 -0.276721 3 0.806452 1.000000 0.161290 0 0 0
-0.050383 0.023829 -0.276486 3 0.806452 1.000000 0.161290 0 0 0
-0.049802 0.023887 -0.276858 3 0.806452 1.000000 0.161290 0 0 0
-0.049498 0.023711 -0.276500 3 0.806452 1.000000 0.161290 0 0 0
-0.050265 0.024036 -0.276988 3 0.806452 1.000000 0.161290 0 0 0
-0.049656 0.024060 -0.277385 3 0.806452 1.000000 0.161290 0 0 0
-0.049354 0.023864 -0.277000 3 0.806452 1.000000 0.161290 0 0 0
-0.049094 0.023756 -0.276768 3 0.806452 1.000000 0.161290 0 0 0
-0.048861 0.023847 -0.277151 3 0.806452 1.000000 0.161290 0 0 0
-0.048738 0.023716 -0.276733 3 0.806452 1.000000 0.161290 0 0 0
-0.048483 0.023760 -0.276968 3 0.806452 1.000000 0.161290 0 0 0
-0.048524 0.023822 -0.277197 3 0.806452 1.000000 0.161290 0 0 0
-0.049213 0.023949 -0.277319 3 0.806452 1.000000 0.161290 0 0 0
-0.048452 0.023692 -0.276711 3 0.806452 1.000000 0.161290 0 0 0
-0.048250 0.023802 -0.277195 3 0.806452 1.000000 0.161290 0 0 0
-0.048060 0.023691 -0.276795 3 0.806452 1.000000 0.161290 0 0 0
-0.047968 0.023782 -0.277180 3 0.806452 1.000000 0.161290 0 0 0
-0.047589 0.023758 -0.277166 3 0.806452 1.000000 0.161290 0 0 0
-0.047348 0.023605 -0.276604 3 0.806452 1.000000 0.161290 0 0 0
-0.046877 0.023710 -0.277154 3 0.806452 1.000000 0.161290 0 0 0
-0.046802 0.023579 -0.276624 3 0.806452 1.000000 0.161290 0 0 0
-0.046336 0.023569 -0.276767 3 0.806452 1.000000 0.161290 0 0 0
-0.046265 0.023686 -0.277284 3 0.806452 1.000000 0.161290 0 0 0
-0.045795 0.023565 -0.277025 3 0.806452 1.000000 0.161290 0 0 0
-0.045832 0.023696 -0.277535 3 0.806452 1.000000 0.161290 0 0 0
-0.045376 0.023585 -0.277346 3 0.806452 1.000000 0.161290 0 0 0
-0.045400 0.023498 -0.276998 3 0.806452 1.000000 0.161290 0 0 0
-0.043297 0.023138 -0.277163 4 1.000000 0.407407 0.000000 0 0 0
-0.043296 0.023015 -0.276701 4 1.000000 0.407407 0.000000 0 0 0
-0.042838 0.023045 -0.277152 4 1.000000 0.407407 0.000000 0 0 0
-0.044530 0.023473 -0.277494 4 1.000000 0.407407 0.000000 0 0 0
-0.045028 0.023558 -0.277472 4 1.000000 0.407407 0.000000 0 0 0
-0.044968 0.023409 -0.276963 4 1.000000 0.407407 0.000000 0 0 0
-0.044418 0.023313 -0.276981 4 1.000000 0.407407 0.000000 0 0 0
-0.044025 0.023286 -0.277168 4 1.000000 0.407407 0.000000 0 0 0
-0.044113 0.023205 -0.276790 4 1.000000 0.407407 0.000000 0 0 0
-0.043699 0.023130 -0.276825 4 1.000000 0.407407 0.000000 0 0 0
-0.043683 0.023229 -0.277215 4 1.000000 0.407407 0.000000 0 0 0
-0.045170 0.045155 -0.277353 5 0.500000 0.000000 0.000000 0 0 0
-0.044914 0.044802 -0.277122 5 0.500000 0.000000 0.000000 0 0 0
-0.045038 0.045077 -0.276974 5 0.500000 0.000000 0.000000 0 0 0
-0.045199 0.045342 -0.277001 5 0.500000 0.000000 0.000000 0 0 0
-0.045592 0.045899 -0.277327 5 0.500000 0.000000 0.000000 0 0 0
-0.045391 0.045581 -0.277245 5 0.500000 0.000000 0.000000 0 0 0
-0.045493 0.045852 -0.276992 5 0.500000 0.000000 0.000000 0 0 0
-0.045306 0.045637 -0.276748 5 0.500000 0.000000 0.000000 0 0 0
-0.045489 0.045980 -0.276686 5 0.500000 0.000000 0.000000 0 0 0
-0.045664 0.046173 -0.276950 5 0.500000 0.000000 0.000000 0 0 0
-0.045830 0.046287 -0.277406 5 0.500000 0.000000 0.000000 0 0 0
-0.045934 0.046713 -0.276809 5 0.500000 0.000000 0.000000 0 0 0
-0.046094 0.046750 -0.277374 5 0.500000 0.000000 0.000000 0 0 0
-0.044389 0.043903 -0.277018 5 0.500000 0.000000 0.000000 0 0 0
-0.044323 0.044000 -0.276587 5 0.500000 0.000000 0.000000 0 0 0
-0.044481 0.044336 -0.276497 5 0.500000 0.000000 0.000000 0 0 0
-0.044722 0.044517 -0.277007 5 0.500000 0.000000 0.000000 0 0 0
-0.044822 0.044715 -0.276949 5 0.500000 0.000000 0.000000 0 0 0
-0.044821 0.044830 -0.276702 5 0.500000 0.000000 0.000000 0 0 0
-0.047663 0.049126 -0.277663 5 0.500000 0.000000 0.000000 0 0 0
-0.047483 0.048833 -0.277693 5 0.500000 0.000000 0.000000 0 0 0
-0.047504 0.049078 -0.277198 5 0.500000 0.000000 0.000000 0 0 0
-0.046507 0.047442 -0.277374 5 0.500000 0.000000 0.000000 0 0 0
-0.046325 0.047050 -0.277602 5 0.500000 0.000000 0.000000 0 0 0
-0.046252 0.047123 -0.277116 5 0.500000 0.000000 0.000000 0 0 0
-0.046399 0.047428 -0.276980 5 0.500000 0.000000 0.000000 0 0 0
-0.046590 0.047790 -0.276874 5 0.500000 0.000000 0.000000 0 0 0
-0.046822 0.047905 -0.277472 5 0.500000 0.000000 0.000000 0 0 0
-0.037828 0.031310 -0.277259 4 1.000000 0.407407 0.000000 0 0 0
-0.037012 0.029887 -0.277100 4 1.000000 0.407407 0.000000 0 0 0
-0.037432 0.030970 -0.276642 4 1.000000 0.407407 0.000000 0 0 0
-0.037809 0.031759 -0.276689 5 0.500000 0.000000 0.000000 0 0 0
-0.038123 0.032467 -0.276874 5 0.500000 0.000000 0.000000 0 0 0
-0.038286 0.033276 -0.276636 5 0.500000 0.000000 0.000000 0 0 0
-0.038755 0.034584 -0.277254 5 0.500000 0.000000 0.000000 0 0 0
-0.038492 0.034502 -0.276328 5 0.500000 0.000000 0.000000 0 0 0
-0.038744 0.035613 -0.276380 5 0.500000 0.000000 0.000000 0 0 0
-0.038481 0.035289 -0.275846 5 0.500000 0.000000 0.000000 0 0 0
-0.038517 0.035699 -0.275821 5 0.500000 0.000000 0.000000 0 0 0
-0.038416 0.035574 -0.275520 5 0.500000 0.000000 0.000000 0 0 0
-0.038446 0.035759 -0.275637 5 0.500000 0.000000 0.000000 0 0 0
-0.039115 0.036508 -0.276460 5 0.500000 0.000000 0.000000 0 0 0
-0.039987 0.037875 -0.276863 5 0.500000 0.000000 0.000000 0 0 0
-0.038972 0.036742 -0.275648 5 0.500000 0.000000 0.000000 0 0 0
-0.039524 0.037561 -0.275886 5 0.500000 0.000000 0.000000 0 0 0
-0.038499 0.035866 -0.275689 5 0.500000 0.000000 0.000000 0 0 0
-0.038682 0.036105 -0.275779 5 0.500000 0.000000 0.000000 0 0 0
-0.040147 0.038305 -0.276328 5 0.500000 0.000000 0.000000 0 0 0
-0.040643 0.039024 -0.276055 5 0.500000 0.000000 0.000000 0 0 0
-0.041065 0.039281 -0.276762 5 0.500000 0.000000 0.000000 0 0 0
-0.041152 0.039573 -0.276173 5 0.500000 0.000000 0.000000 0 0 0
-0.057033 0.022739 -0.275224 3 0.806452 1.000000 0.161290 0 0 0
-0.044019 0.044045 -0.275424 5 0.500000 0.000000 0.000000 0 0 0
-0.046239 0.047937 -0.275472 5 0.500000 0.000000 0.000000 0 0 0
-0.047257 0.049660 -0.275530 5 0.500000 0.000000 0.000000 0 0 0
-0.047894 0.051009 -0.275491 5 0.500000 0.000000 0.000000 0 0 0
-0.047903 0.051991 -0.274971 5 0.500000 0.000000 0.000000 0 0 0
-0.047612 0.051815 -0.274622 5 0.500000 0.000000 0.000000 0 0 0
-0.043508 0.043612 -0.274310 5 0.500000 0.000000 0.000000 0 0 0
-0.044166 0.044839 -0.274170 5 0.500000 0.000000 0.000000 0 0 0
-0.044497 0.045382 -0.274291 5 0.500000 0.000000 0.000000 0 0 0
-0.046116 0.048534 -0.274339 5 0.500000 0.000000 0.000000 0 0 0
-0.047435 0.051482 -0.274492 5 0.500000 0.000000 0.000000 0 0 0
-0.046831 0.049873 -0.274444 5 0.500000 0.000000 0.000000 0 0 0
-0.047075 0.050800 -0.274247 5 0.500000 0.000000 0.000000 0 0 0
-0.047142 0.051308 -0.274157 5 0.500000 0.000000 0.000000 0 0 0
-0.053634 0.020975 -0.272350 3 0.806452 1.000000 0.161290 0 0 0
-0.053457 0.021296 -0.272679 3 0.806452 1.000000 0.161290 0 0 0
-0.053911 0.021287 -0.272798 3 0.806452 1.000000 0.161290 0 0 0
-0.053044 0.021215 -0.272464 3 0.806452 1.000000 0.161290 0 0 0
-0.053176 0.020855 -0.272064 3 0.806452 1.000000 0.161290 0 0 0
-0.053534 0.021434 -0.272874 3 0.806452 1.000000 0.161290 0 0 0
-0.053157 0.021533 -0.272909 3 0.806452 1.000000 0.161290 0 0 0
-0.052711 0.021021 -0.272126 3 0.806452 1.000000 0.161290 0 0 0
-0.052619 0.021259 -0.272398 3 0.806452 1.000000 0.161290 0 0 0
-0.052170 0.021255 -0.272278 3 0.806452 1.000000 0.161290 0 0 0
-0.052545 0.021514 -0.272728 3 0.806452 1.000000 0.161290 0 0 0
-0.051860 0.021650 -0.272759 3 0.806452 1.000000 0.161290 0 0 0
-0.051652 0.021443 -0.272405 3 0.806452 1.000000 0.161290 0 0 0
-0.051436 0.020959 -0.271709 3 0.806452 1.000000 0.161290 0 0 0
-0.051604 0.021219 -0.272085 3 0.806452 1.000000 0.161290 0 0 0
-0.051954 0.020960 -0.271835 3 0.806452 1.000000 0.161290 0 0 0
-0.051093 0.021230 -0.272003 3 0.806452 1.000000 0.161290 0 0 0
-0.050828 0.020932 -0.271565 3 0.806452 1.000000 0.161290 0 0 0
-0.050548 0.021269 -0.271989 3 0.806452 1.000000 0.161290 0 0 0
-0.051299 0.021419 -0.272297 3 0.806452 1.000000 0.161290 0 0 0
-0.050818 0.021529 -0.272390 3 0.806452 1.000000 0.161290 0 0 0
-0.050303 0.021071 -0.271694 3 0.806452 1.000000 0.161290 0 0 0
-0.050009 0.021277 -0.271973 3 0.806452 1.000000 0.161290 0 0 0
-0.049850 0.021012 -0.271605 3 0.806452 1.000000 0.161290 0 0 0
-0.049545 0.021207 -0.271890 3 0.806452 1.000000 0.161290 0 0 0
-0.050217 0.021522 -0.272331 3 0.806452 1.000000 0.161290 0 0 0
-0.049576 0.021526 -0.272353 3 0.806452 1.000000 0.161290 0 0 0
-0.047259 0.020616 -0.271474 3 0.806452 1.000000 0.161290 0 0 0
-0.047157 0.020745 -0.271700 3 0.806452 1.000000 0.161290 0 0 0
-0.047617 0.020745 -0.271587 3 0.806452 1.000000 0.161290 0 0 0
-0.049226 0.020916 -0.271510 3 0.806452 1.000000 0.161290 0 0 0
-0.049057 0.021263 -0.272031 3 0.806452 1.000000 0.161290 0 0 0
-0.048612 0.021017 -0.271753 3 0.806452 1.000000 0.161290 0 0 0
-0.048504 0.021300 -0.272189 3 0.806452 1.000000 0.161290 0 0 0
-0.048876 0.021574 -0.272519 3 0.806452 1.000000 0.161290 0 0 0
-0.048317 0.021505 -0.272542 3 0.806452 1.000000 0.161290 0 0 0
-0.048020 0.021085 -0.271991 3 0.806452 1.000000 0.161290 0 0 0
-0.048134 0.021333 -0.272328 3 0.806452 1.000000 0.161290 0 0 0
-0.047795 0.021320 -0.272411 3 0.806452 1.000000 0.161290 0 0 0
-0.047280 0.021057 -0.272160 3 0.806452 1.000000 0.161290 0 0 0
-0.048029 0.021446 -0.272531 3 0.806452 1.000000 0.161290 0 0 0
-0.046905 0.020529 -0.271416 3 0.806452 1.000000 0.161290 0 0 0
-0.046720 0.020782 -0.271862 3 0.806452 1.000000 0.161290 0 0 0
-0.046296 0.020512 -0.271497 3 0.806452 1.000000 0.161290 0 0 0
-0.046120 0.020796 -0.272004 3 0.806452 1.000000 0.161290 0 0 0
-0.045715 0.020577 -0.271664 3 0.806452 1.000000 0.161290 0 0 0
-0.045496 0.020829 -0.272134 3 0.806452 1.000000 0.161290 0 0 0
-0.044900 0.020788 -0.272037 3 0.806452 1.000000 0.161290 0 0 0
-0.046550 0.021072 -0.272393 3 0.806452 1.000000 0.161290 0 0 0
-0.045934 0.021035 -0.272464 3 0.806452 1.000000 0.161290 0 0 0
-0.045489 0.021043 -0.272546 3 0.806452 1.000000 0.161290 0 0 0
-0.045079 0.020995 -0.272464 3 0.806452 1.000000 0.161290 0 0 0
-0.044324 0.020792 -0.271932 4 1.000000 0.407407 0.000000 0 0 0
-0.043773 0.020847 -0.271863 4 1.000000 0.407407 0.000000 0 0 0
-0.043444 0.020882 -0.271786 4 1.000000 0.407407 0.000000 0 0 0
-0.044545 0.020994 -0.272405 4 1.000000 0.407407 0.000000 0 0 0
-0.043968 0.021019 -0.272315 4 1.000000 0.407407 0.000000 0 0 0
-0.043303 0.021076 -0.272161 4 1.000000 0.407407 0.000000 0 0 0
-0.042715 0.021105 -0.271837 4 1.000000 0.407407 0.000000 0 0 0
-0.042187 0.021302 -0.271938 4 1.000000 0.407407 0.000000 0 0 0
-0.041731 0.021476 -0.272014 4 1.000000 0.407407 0.000000 0 0 0
-0.041364 0.021547 -0.271768 4 1.000000 0.407407 0.000000 0 0 0
-0.041453 0.021601 -0.272100 4 1.000000 0.407407 0.000000 0 0 0
-0.041275 0.021655 -0.272031 4 1.000000 0.407407 0.000000 0 0 0
-0.041034 0.021735 -0.271900 4 1.000000 0.407407 0.000000 0 0 0
-0.036555 0.032155 -0.272731 5 0.500000 0.000000 0.000000 0 0 0
-0.036199 0.031432 -0.273042 5 0.500000 0.000000 0.000000 0 0 0
-0.035902 0.031556 -0.271930 5 0.500000 0.000000 0.000000 0 0 0
-0.036482 0.032663 -0.271738 5 0.500000 0.000000 0.000000 0 0 0
-0.037442 0.033500 -0.273339 5 0.500000 0.000000 0.000000 0 0 0
-0.036933 0.032895 -0.272646 5 0.500000 0.000000 0.000000 0 0 0
-0.037092 0.033648 -0.272030 5 0.500000 0.000000 0.000000 0 0 0
-0.036669 0.033471 -0.271018 5 0.500000 0.000000 0.000000 0 0 0
-0.035119 0.029599 -0.272860 4 1.000000 0.407407 0.000000 0 0 0
-0.034928 0.028649 -0.273209 4 1.000000 0.407407 0.000000 0 0 0
-0.034677 0.028646 -0.271578 4 1.000000 0.407407 0.000000 0 0 0
-0.035024 0.030033 -0.271575 4 1.000000 0.407407 0.000000 0 0 0
-0.035355 0.030385 -0.272379 4 1.000000 0.407407 0.000000 0 0 0
-0.035298 0.030527 -0.271868 4 1.000000 0.407407 0.000000 0 0 0
-0.035731 0.030912 -0.272684 5 0.500000 0.000000 0.000000 0 0 0
-0.035517 0.030845 -0.272063 4 1.000000 0.407407 0.000000 0 0 0
-0.037598 0.034519 -0.272493 5 0.500000 0.000000 0.000000 0 0 0
-0.037332 0.034311 -0.271799 5 0.500000 0.000000 0.000000 0 0 0
-0.037113 0.034235 -0.271180 5 0.500000 0.000000 0.000000 0 0 0
-0.037489 0.034866 -0.271488 5 0.500000 0.000000 0.000000 0 0 0
-0.037885 0.035504 -0.272039 5 0.500000 0.000000 0.000000 0 0 0
-0.037718 0.035649 -0.270992 5 0.500000 0.000000 0.000000 0 0 0
-0.038571 0.037012 -0.271972 5 0.500000 0.000000 0.000000 0 0 0
-0.038318 0.036307 -0.272630 5 0.500000 0.000000 0.000000 0 0 0
-0.038145 0.036333 -0.271487 5 0.500000 0.000000 0.000000 0 0 0
-0.038617 0.036953 -0.272661 5 0.500000 0.000000 0.000000 0 0 0
-0.038993 0.037598 -0.272754 5 0.500000 0.000000 0.000000 0 0 0
-0.038959 0.037791 -0.271330 5 0.500000 0.000000 0.000000 0 0 0
-0.039750 0.038838 -0.271589 5 0.500000 0.000000 0.000000 0 0 0
-0.039467 0.038398 -0.272026 5 0.500000 0.000000 0.000000 0 0 0
-0.039446 0.038490 -0.271210 5 0.500000 0.000000 0.000000 0 0 0
-0.040021 0.039116 -0.272203 5 0.500000 0.000000 0.000000 0 0 0
-0.040300 0.039536 -0.271733 5 0.500000 0.000000 0.000000 0 0 0
-0.040031 0.039218 -0.271463 5 0.500000 0.000000 0.000000 0 0 0
-0.040349 0.039401 -0.273233 5 0.500000 0.000000 0.000000 0 0 0
-0.040754 0.040238 -0.271170 5 0.500000 0.000000 0.000000 0 0 0
-0.040529 0.039913 -0.271179 5 0.500000 0.000000 0.000000 0 0 0
-0.041327 0.040904 -0.271813 5 0.500000 0.000000 0.000000 0 0 0
-0.041082 0.040537 -0.271955 5 0.500000 0.000000 0.000000 0 0 0
-0.041058 0.040586 -0.271525 5 0.500000 0.000000 0.000000 0 0 0
-0.041265 0.040925 -0.271366 5 0.500000 0.000000 0.000000 0 0 0
-0.041482 0.041214 -0.271478 5 0.500000 0.000000 0.000000 0 0 0
-0.041364 0.041219 -0.271003 5 0.500000 0.000000 0.000000 0 0 0
-0.041859 0.041756 -0.271701 5 0.500000 0.000000 0.000000 0 0 0
-0.041652 0.041444 -0.271574 5 0.500000 0.000000 0.000000 0 0 0
-0.041633 0.041523 -0.271301 5 0.500000 0.000000 0.000000 0 0 0
-0.041768 0.041778 -0.271251 5 0.500000 0.000000 0.000000 0 0 0
-0.042343 0.042472 -0.271970 5 0.500000 0.000000 0.000000 0 0 0
-0.042161 0.042130 -0.272045 5 0.500000 0.000000 0.000000 0 0 0
-0.042158 0.042307 -0.271615 5 0.500000 0.000000 0.000000 0 0 0
-0.041918 0.042091 -0.271190 5 0.500000 0.000000 0.000000 0 0 0
-0.042938 0.043640 -0.271900 5 0.500000 0.000000 0.000000 0 0 0
-0.042761 0.043223 -0.272035 5 0.500000 0.000000 0.000000 0 0 0
-0.042711 0.043435 -0.271503 5 0.500000 0.000000 0.000000 0 0 0
-0.042750 0.043765 -0.271177 5 0.500000 0.000000 0.000000 0 0 0
-0.043005 0.044035 -0.271552 5 0.500000 0.000000 0.000000 0 0 0
-0.042884 0.044086 -0.271175 5 0.500000 0.000000 0.000000 0 0 0
-0.043380 0.044614 -0.271853 5 0.500000 0.000000 0.000000 0 0 0
-0.043283 0.044342 -0.271925 5 0.500000 0.000000 0.000000 0 0 0
-0.043245 0.044547 -0.271592 5 0.500000 0.000000 0.000000 0 0 0
-0.043009 0.044518 -0.271098 5 0.500000 0.000000 0.000000 0 0 0
-0.042170 0.042582 -0.271159 5 0.500000 0.000000 0.000000 0 0 0
-0.042452 0.042835 -0.271660 5 0.500000 0.000000 0.000000 0 0 0
-0.042413 0.043106 -0.271101 5 0.500000 0.000000 0.000000 0 0 0
-0.042603 0.043462 -0.271144 5 0.500000 0.000000 0.000000 0 0 0
-0.043472 0.044930 -0.271773 5 0.500000 0.000000 0.000000 0 0 0
-0.043276 0.044843 -0.271392 5 0.500000 0.000000 0.000000 0 0 0
-0.043206 0.044948 -0.271172 5 0.500000 0.000000 0.000000 0 0 0
-0.043407 0.045271 -0.271358 5 0.500000 0.000000 0.000000 0 0 0
-0.043731 0.045504 -0.271860 5 0.500000 0.000000 0.000000 0 0 0
-0.043619 0.045754 -0.271445 5 0.500000 0.000000 0.000000 0 0 0
-0.044038 0.046370 -0.271848 5 0.500000 0.000000 0.000000 0 0 0
-0.044004 0.046847 -0.271501 5 0.500000 0.000000 0.000000 0 0 0
-0.043816 0.045966 -0.271682 5 0.500000 0.000000 0.000000 0 0 0
-0.043717 0.046269 -0.271324 5 0.500000 0.000000 0.000000 0 0 0
-0.043703 0.046898 -0.270996 5 0.500000 0.000000 0.000000 0 0 0
-0.044007 0.047238 -0.271310 5 0.500000 0.000000 0.000000 0 0 0
-0.035367 0.024974 -0.270484 4 1.000000 0.407407 0.000000 0 0 0
-0.035624 0.024737 -0.270786 4 1.000000 0.407407 0.000000 0 0 0
-0.035454 0.025209 -0.271335 4 1.000000 0.407407 0.000000 0 0 0
-0.034996 0.025589 -0.270438 4 1.000000 0.407407 0.000000 0 0 0
-0.034964 0.026167 -0.271404 4 1.000000 0.407407 0.000000 0 0 0
-0.034615 0.026388 -0.270390 4 1.000000 0.407407 0.000000 0 0 0
-0.034625 0.026939 -0.271110 4 1.000000 0.407407 0.000000 0 0 0
-0.034835 0.026919 -0.271901 4 1.000000 0.407407 0.000000 0 0 0
-0.034404 0.027057 -0.270397 4 1.000000 0.407407 0.000000 0 0 0
-0.034675 0.027533 -0.271659 4 1.000000 0.407407 0.000000 0 0 0
-0.034448 0.027667 -0.270853 4 1.000000 0.407407 0.000000 0 0 0
-0.034297 0.028312 -0.270400 4 1.000000 0.407407 0.000000 0 0 0
-0.034389 0.028868 -0.270526 4 1.000000 0.407407 0.000000 0 0 0
-0.034192 0.027578 -0.269931 4 1.000000 0.407407 0.000000 0 0 0
-0.035956 0.032168 -0.271038 5 0.500000 0.000000 0.000000 0 0 0
-0.036223 0.032804 -0.270780 5 0.500000 0.000000 0.000000 0 0 0
-0.036263 0.033369 -0.270047 5 0.500000 0.000000 0.000000 0 0 0
-0.034501 0.029634 -0.270259 4 1.000000 0.407407 0.000000 0 0 0
-0.035445 0.031466 -0.270693 5 0.500000 0.000000 0.000000 0 0 0
-0.035352 0.030837 -0.271457 5 0.500000 0.000000 0.000000 0 0 0
-0.034986 0.030594 -0.270620 4 1.000000 0.407407 0.000000 0 0 0
-0.036789 0.034149 -0.270324 5 0.500000 0.000000 0.000000 0 0 0
-0.037251 0.034996 -0.270414 5 0.500000 0.000000 0.000000 0 0 0
-0.037562 0.035743 -0.270195 5 0.500000 0.000000 0.000000 0 0 0
-0.038436 0.037059 -0.270951 5 0.500000 0.000000 0.000000 0 0 0
-0.038321 0.037166 -0.270081 5 0.500000 0.000000 0.000000 0 0 0
-0.038679 0.037582 -0.270503 5 0.500000 0.000000 0.000000 0 0 0
-0.037959 0.036450 -0.270322 5 0.500000 0.000000 0.000000 0 0 0
-0.039523 0.038682 -0.270694 5 0.500000 0.000000 0.000000 0 0 0
-0.039792 0.038970 -0.271031 5 0.500000 0.000000 0.000000 0 0 0
-0.039732 0.039010 -0.270453 5 0.500000 0.000000 0.000000 0 0 0
-0.039189 0.038271 -0.270581 5 0.500000 0.000000 0.000000 0 0 0
-0.038924 0.037902 -0.270629 5 0.500000 0.000000 0.000000 0 0 0
-0.043927 0.019818 -0.269901 4 1.000000 0.407407 0.000000 0 0 0
-0.044334 0.019676 -0.269858 4 1.000000 0.407407 0.000000 0 0 0
-0.043892 0.019692 -0.269678 4 1.000000 0.407407 0.000000 0 0 0
-0.043486 0.019932 -0.269837 4 1.000000 0.407407 0.000000 0 0 0
-0.043669 0.019631 -0.269459 4 1.000000 0.407407 0.000000 0 0 0
-0.043310 0.019672 -0.269295 4 1.000000 0.407407 0.000000 0 0 0
-0.042799 0.019966 -0.269392 4 1.000000 0.407407 0.000000 0 0 0
-0.042964 0.020198 -0.269932 4 1.000000 0.407407 0.000000 0 0 0
-0.042649 0.020256 -0.269770 4 1.000000 0.407407 0.000000 0 0 0
-0.042706 0.020354 -0.270000 4 1.000000 0.407407 0.000000 0 0 0
-0.042463 0.020245 -0.269583 4 1.000000 0.407407 0.000000 0 0 0
-0.042306 0.020507 -0.269922 4 1.000000 0.407407 0.000000 0 0 0
-0.042254 0.020329 -0.269534 4 1.000000 0.407407 0.000000 0 0 0
-0.041941 0.020395 -0.269343 4 1.000000 0.407407 0.000000 0 0 0
-0.041675 0.020732 -0.269694 4 1.000000 0.407407 0.000000 0 0 0
-0.041905 0.020789 -0.270089 4 1.000000 0.407407 0.000000 0 0 0
-0.041663 0.020898 -0.270049 4 1.000000 0.407407 0.000000 0 0 0
-0.041311 0.021045 -0.269952 4 1.000000 0.407407 0.000000 0 0 0
-0.041000 0.021261 -0.270069 4 1.000000 0.407407 0.000000 0 0 0
-0.040696 0.021463 -0.270199 4 1.000000 0.407407 0.000000 0 0 0
-0.040236 0.021693 -0.270151 4 1.000000 0.407407 0.000000 0 0 0
-0.039798 0.021813 -0.269790 4 1.000000 0.407407 0.000000 0 0 0
-0.039947 0.021921 -0.270464 4 1.000000 0.407407 0.000000 0 0 0
-0.039296 0.022161 -0.270211 4 1.000000 0.407407 0.000000 0 0 0
-0.038666 0.022466 -0.270252 4 1.000000 0.407407 0.000000 0 0 0
-0.045389 0.019108 -0.269329 3 0.806452 1.000000 0.161290 0 0 0
-0.045945 0.018925 -0.269185 3 0.806452 1.000000 0.161290 0 0 0
-0.044885 0.019079 -0.269154 3 0.806452 1.000000 0.161290 0 0 0
-0.044992 0.019239 -0.269421 3 0.806452 1.000000 0.161290 0 0 0
-0.044427 0.019129 -0.269056 4 1.000000 0.407407 0.000000 0 0 0
-0.044100 0.019164 -0.268961 4 1.000000 0.407407 0.000000 0 0 0
-0.044635 0.019353 -0.269472 3 0.806452 1.000000 0.161290 0 0 0
-0.044048 0.019407 -0.269306 4 1.000000 0.407407 0.000000 0 0 0
-0.043611 0.019459 -0.269150 4 1.000000 0.407407 0.000000 0 0 0
-0.042994 0.019626 -0.269002 4 1.000000 0.407407 0.000000 0 0 0
-0.042301 0.020156 -0.269278 4 1.000000 0.407407 0.000000 0 0 0
-0.040632 0.042640 -0.268410 5 0.500000 0.000000 0.000000 0 0 0
-0.033625 0.027908 -0.267780 4 1.000000 0.407407 0.000000 0 0 0
-0.033731 0.027307 -0.267793 4 1.000000 0.407407 0.000000 0 0 0
-0.033659 0.028543 -0.268047 4 1.000000 0.407407 0.000000 0 0 0
-0.033874 0.030065 -0.267932 4 1.000000 0.407407 0.000000 0 0 0
-0.033963 0.030366 -0.267912 4 1.000000 0.407407 0.000000 0 0 0
-0.034058 0.030761 -0.267765 5 0.500000 0.000000 0.000000 0 0 0
-0.033605 0.029127 -0.267679 4 1.000000 0.407407 0.000000 0 0 0
-0.033669 0.029799 -0.267479 4 1.000000 0.407407 0.000000 0 0 0
-0.034345 0.031305 -0.267959 5 0.500000 0.000000 0.000000 0 0 0
-0.034696 0.032165 -0.267910 5 0.500000 0.000000 0.000000 0 0 0
-0.034426 0.031757 -0.267689 5 0.500000 0.000000 0.000000 0 0 0
-0.034771 0.032586 -0.267657 5 0.500000 0.000000 0.000000 0 0 0
-0.034870 0.033015 -0.267445 5 0.500000 0.000000 0.000000 0 0 0
-0.036559 0.035107 -0.268323 5 0.500000 0.000000 0.000000 0 0 0
-0.036005 0.034665 -0.267794 5 0.500000 0.000000 0.000000 0 0 0
-0.036366 0.035089 -0.267946 5 0.500000 0.000000 0.000000 0 0 0
-0.036699 0.035512 -0.268063 5 0.500000 0.000000 0.000000 0 0 0
-0.036451 0.035433 -0.267643 5 0.500000 0.000000 0.000000 0 0 0
-0.038201 0.037757 -0.268141 5 0.500000 0.000000 0.000000 0 0 0
-0.038408 0.038126 -0.268031 5 0.500000 0.000000 0.000000 0 0 0
-0.037315 0.036483 -0.268033 5 0.500000 0.000000 0.000000 0 0 0
-0.036999 0.036010 -0.268010 5 0.500000 0.000000 0.000000 0 0 0
-0.036698 0.035880 -0.267506 5 0.500000 0.000000 0.000000 0 0 0
-0.037063 0.036350 -0.267599 5 0.500000 0.000000 0.000000 0 0 0
-0.037249 0.036570 -0.267682 5 0.500000 0.000000 0.000000 0 0 0
-0.037570 0.036959 -0.267870 5 0.500000 0.000000 0.000000 0 0 0
-0.037892 0.037504 -0.267767 5 0.500000 0.000000 0.000000 0 0 0
-0.037350 0.036692 -0.267736 5 0.500000 0.000000 0.000000 0 0 0
-0.035154 0.033330 -0.267697 5 0.500000 0.000000 0.000000 0 0 0
-0.035313 0.033796 -0.267512 5 0.500000 0.000000 0.000000 0 0 0
-0.035614 0.034023 -0.267828 5 0.500000 0.000000 0.000000 0 0 0
-0.035737 0.034330 -0.267706 5 0.500000 0.000000 0.000000 0 0 0
-0.038484 0.038493 -0.267682 5 0.500000 0.000000 0.000000 0 0 0
-0.038794 0.038752 -0.268005 5 0.500000 0.000000 0.000000 0 0 0
-0.038916 0.039022 -0.267955 5 0.500000 0.000000 0.000000 0 0 0
-0.039326 0.039529 -0.268253 5 0.500000 0.000000 0.000000 0 0 0
-0.039302 0.039810 -0.267969 5 0.500000 0.000000 0.000000 0 0 0
-0.039022 0.039398 -0.267822 5 0.500000 0.000000 0.000000 0 0 0
-0.039144 0.039866 -0.267673 5 0.500000 0.000000 0.000000 0 0 0
-0.033561 0.027440 -0.267250 4 1.000000 0.407407 0.000000 0 0 0
-0.033472 0.028007 -0.267272 4 1.000000 0.407407 0.000000 0 0 0
-0.033372 0.027871 -0.266912 4 1.000000 0.407407 0.000000 0 0 0
-0.033360 0.028303 -0.267005 4 1.000000 0.407407 0.000000 0 0 0
-0.033490 0.028491 -0.267424 4 1.000000 0.407407 0.000000 0 0 0
-0.033370 0.028596 -0.267062 4 1.000000 0.407407 0.000000 0 0 0
-0.033843 0.030314 -0.267583 4 1.000000 0.407407 0.000000 0 0 0
-0.033849 0.030596 -0.267330 5 0.500000 0.000000 0.000000 0 0 0
-0.033934 0.030908 -0.267271 5 0.500000 0.000000 0.000000 0 0 0
-0.033415 0.028916 -0.267136 4 1.000000 0.407407 0.000000 0 0 0
-0.033489 0.029374 -0.267184 4 1.000000 0.407407 0.000000 0 0 0
-0.033457 0.029775 -0.266848 4 1.000000 0.407407 0.000000 0 0 0
-0.033668 0.030262 -0.267105 4 1.000000 0.407407 0.000000 0 0 0
-0.034124 0.031329 -0.267368 5 0.500000 0.000000 0.000000 0 0 0
-0.034494 0.032197 -0.267422 5 0.500000 0.000000 0.000000 0 0 0
-0.034254 0.031819 -0.267225 5 0.500000 0.000000 0.000000 0 0 0
-0.034560 0.032668 -0.267133 5 0.500000 0.000000 0.000000 0 0 0
-0.034717 0.033103 -0.267055 5 0.500000 0.000000 0.000000 0 0 0
-0.036161 0.035130 -0.267483 5 0.500000 0.000000 0.000000 0 0 0
-0.036322 0.035535 -0.267231 5 0.500000 0.000000 0.000000 0 0 0
-0.038174 0.037992 -0.267675 5 0.500000 0.000000 0.000000 0 0 0
-0.037204 0.036843 -0.267078 5 0.500000 0.000000 0.000000 0 0 0
-0.037259 0.036758 -0.267379 5 0.500000 0.000000 0.000000 0 0 0
-0.037107 0.036709 -0.267073 5 0.500000 0.000000 0.000000 0 0 0
-0.036181 0.035650 -0.266778 5 0.500000 0.000000 0.000000 0 0 0
-0.036488 0.035909 -0.267008 5 0.500000 0.000000 0.000000 0 0 0
-0.036848 0.036399 -0.267009 5 0.500000 0.000000 0.000000 0 0 0
-0.037574 0.037247 -0.267364 5 0.500000 0.000000 0.000000 0 0 0
-0.037331 0.037072 -0.267036 5 0.500000 0.000000 0.000000 0 0 0
-0.037526 0.037415 -0.266989 5 0.500000 0.000000 0.000000 0 0 0
-0.037830 0.037799 -0.267174 5 0.500000 0.000000 0.000000 0 0 0
-0.034976 0.033469 -0.267208 5 0.500000 0.000000 0.000000 0 0 0
-0.035143 0.033818 -0.267171 5 0.500000 0.000000 0.000000 0 0 0
-0.035529 0.034167 -0.267509 5 0.500000 0.000000 0.000000 0 0 0
-0.035315 0.034177 -0.267092 5 0.500000 0.000000 0.000000 0 0 0
-0.035672 0.034487 -0.267393 5 0.500000 0.000000 0.000000 0 0 0
-0.035873 0.034842 -0.267315 5 0.500000 0.000000 0.000000 0 0 0
-0.035945 0.035196 -0.266971 5 0.500000 0.000000 0.000000 0 0 0
-0.038191 0.038299 -0.267305 5 0.500000 0.000000 0.000000 0 0 0
-0.038364 0.038561 -0.267348 5 0.500000 0.000000 0.000000 0 0 0
-0.038747 0.038964 -0.267689 5 0.500000 0.000000 0.000000 0 0 0
-0.038484 0.038875 -0.267304 5 0.500000 0.000000 0.000000 0 0 0
-0.038734 0.039273 -0.267426 5 0.500000 0.000000 0.000000 0 0 0
-0.038505 0.039384 -0.267010 5 0.500000 0.000000 0.000000 0 0 0
-0.038881 0.039756 -0.267351 5 0.500000 0.000000 0.000000 0 0 0
-0.039116 0.040131 -0.267476 5 0.500000 0.000000 0.000000 0 0 0
-0.036702 0.022242 -0.266700 4 1.000000 0.407407 0.000000 0 0 0
-0.037158 0.021889 -0.266740 4 1.000000 0.407407 0.000000 0 0 0
-0.036523 0.022569 -0.267010 4 1.000000 0.407407 0.000000 0 0 0
-0.036322 0.022592 -0.266732 4 1.000000 0.407407 0.000000 0 0 0
-0.036025 0.022818 -0.266643 4 1.000000 0.407407 0.000000 0 0 0
-0.035857 0.023088 -0.266834 4 1.000000 0.407407 0.000000 0 0 0
-0.035587 0.023367 -0.266837 4 1.000000 0.407407 0.000000 0 0 0
-0.035460 0.023689 -0.267182 4 1.000000 0.407407 0.000000 0 0 0
-0.035716 0.023649 -0.267705 4 1.000000 0.407407 0.000000 0 0 0
-0.035195 0.023687 -0.266616 4 1.000000 0.407407 0.000000 0 0 0
-0.035392 0.023935 -0.267530 4 1.000000 0.407407 0.000000 0 0 0
-0.035036 0.024226 -0.267198 4 1.000000 0.407407 0.000000 0 0 0
-0.034837 0.024128 -0.266599 4 1.000000 0.407407 0.000000 0 0 0
-0.034742 0.024407 -0.266805 4 1.000000 0.407407 0.000000 0 0 0
-0.035939 0.035791 -0.266132 5 0.500000 0.000000 0.000000 0 0 0
-0.035854 0.035437 -0.266462 5 0.500000 0.000000 0.000000 0 0 0
-0.035695 0.035481 -0.266116 5 0.500000 0.000000 0.000000 0 0 0
-0.036091 0.035740 -0.266473 5 0.500000 0.000000 0.000000 0 0 0
-0.037983 0.038386 -0.266865 5 0.500000 0.000000 0.000000 0 0 0
-0.037669 0.037951 -0.266686 5 0.500000 0.000000 0.000000 0 0 0
-0.037683 0.038350 -0.266411 5 0.500000 0.000000 0.000000 0 0 0
-0.037403 0.037871 -0.266316 5 0.500000 0.000000 0.000000 0 0 0
-0.037491 0.037695 -0.266593 5 0.500000 0.000000 0.000000 0 0 0
-0.037390 0.038354 -0.265989 5 0.500000 0.000000 0.000000 0 0 0
-0.037946 0.038859 -0.266493 5 0.500000 0.000000 0.000000 0 0 0
-0.037659 0.038707 -0.266167 5 0.500000 0.000000 0.000000 0 0 0
-0.037489 0.038799 -0.265903 5 0.500000 0.000000 0.000000 0 0 0
-0.037757 0.039194 -0.266086 5 0.500000 0.000000 0.000000 0 0 0
-0.038049 0.039302 -0.266408 5 0.500000 0.000000 0.000000 0 0 0
-0.041002 0.018204 -0.265551 4 1.000000 0.407407 0.000000 0 0 0
-0.040739 0.018393 -0.265619 4 1.000000 0.407407 0.000000 0 0 0
-0.040333 0.018467 -0.265450 4 1.000000 0.407407 0.000000 0 0 0
-0.039958 0.018765 -0.265556 4 1.000000 0.407407 0.000000 0 0 0
-0.039686 0.019018 -0.265668 4 1.000000 0.407407 0.000000 0 0 0
-0.039554 0.018727 -0.265237 4 1.000000 0.407407 0.000000 0 0 0
-0.039245 0.019190 -0.265549 4 1.000000 0.407407 0.000000 0 0 0
-0.038853 0.019507 -0.265611 4 1.000000 0.407407 0.000000 0 0 0
-0.038533 0.019459 -0.265303 4 1.000000 0.407407 0.000000 0 0 0
-0.033916 0.024458 -0.265352 4 1.000000 0.407407 0.000000 0 0 0
-0.033693 0.024789 -0.265311 4 1.000000 0.407407 0.000000 0 0 0
-0.033451 0.025224 -0.265288 4 1.000000 0.407407 0.000000 0 0 0
-0.033134 0.025452 -0.264962 4 1.000000 0.407407 0.000000 0 0 0
-0.033172 0.025666 -0.265164 4 1.000000 0.407407 0.000000 0 0 0
-0.033059 0.025998 -0.265186 4 1.000000 0.407407 0.000000 0 0 0
-0.033035 0.026450 -0.265392 4 1.000000 0.407407 0.000000 0 0 0
-0.032813 0.026996 -0.265228 4 1.000000 0.407407 0.000000 0 0 0
-0.033006 0.026929 -0.265583 4 1.000000 0.407407 0.000000 0 0 0
-0.032898 0.027415 -0.265554 4 1.000000 0.407407 0.000000 0 0 0
-0.032767 0.027895 -0.265393 4 1.000000 0.407407 0.000000 0 0 0
-0.032725 0.028316 -0.265343 4 1.000000 0.407407 0.000000 0 0 0
-0.032793 0.028618 -0.265492 4 1.000000 0.407407 0.000000 0 0 0
-0.032898 0.029435 -0.265565 4 1.000000 0.407407 0.000000 0 0 0
-0.032828 0.029023 -0.265514 4 1.000000 0.407407 0.000000 0 0 0
-0.032729 0.029311 -0.265218 4 1.000000 0.407407 0.000000 0 0 0
-0.032862 0.029765 -0.265369 4 1.000000 0.407407 0.000000 0 0 0
-0.033034 0.030278 -0.265533 5 0.500000 0.000000 0.000000 0 0 0
-0.032865 0.030435 -0.265135 5 0.500000 0.000000 0.000000 0 0 0
-0.033042 0.030694 -0.265373 5 0.500000 0.000000 0.000000 0 0 0
-0.032920 0.030873 -0.265080 5 0.500000 0.000000 0.000000 0 0 0
-0.033349 0.031539 -0.265565 5 0.500000 0.000000 0.000000 0 0 0
-0.033202 0.031155 -0.265481 5 0.500000 0.000000 0.000000 0 0 0
-0.033242 0.031613 -0.265350 5 0.500000 0.000000 0.000000 0 0 0
-0.032984 0.031423 -0.264997 5 0.500000 0.000000 0.000000 0 0 0
-0.033468 0.031907 -0.265599 5 0.500000 0.000000 0.000000 0 0 0
-0.033195 0.032016 -0.265112 5 0.500000 0.000000 0.000000 0 0 0
-0.032920 0.031849 -0.264751 5 0.500000 0.000000 0.000000 0 0 0
-0.033498 0.032472 -0.265374 5 0.500000 0.000000 0.000000 0 0 0
-0.033257 0.032428 -0.265037 5 0.500000 0.000000 0.000000 0 0 0
-0.033339 0.032821 -0.264977 5 0.500000 0.000000 0.000000 0 0 0
-0.033656 0.032966 -0.265356 5 0.500000 0.000000 0.000000 0 0 0
-0.033574 0.033263 -0.265079 5 0.500000 0.000000 0.000000 0 0 0
-0.036174 0.036734 -0.265464 5 0.500000 0.000000 0.000000 0 0 0
-0.035879 0.036268 -0.265471 5 0.500000 0.000000 0.000000 0 0 0
-0.035833 0.036515 -0.265182 5 0.500000 0.000000 0.000000 0 0 0
-0.036797 0.037398 -0.265746 5 0.500000 0.000000 0.000000 0 0 0
-0.036546 0.037131 -0.265620 5 0.500000 0.000000 0.000000 0 0 0
-0.036634 0.037475 -0.265483 5 0.500000 0.000000 0.000000 0 0 0
-0.036290 0.037312 -0.265192 5 0.500000 0.000000 0.000000 0 0 0
-0.036896 0.037774 -0.265642 5 0.500000 0.000000 0.000000 0 0 0
-0.032473 0.030372 -0.264434 5 0.500000 0.000000 0.000000 0 0 0
-0.032220 0.030468 -0.263976 5 0.500000 0.000000 0.000000 0 0 0
-0.032423 0.030990 -0.264207 5 0.500000 0.000000 0.000000 0 0 0
-0.052931 0.028446 -0.292493 3 0.806452 1.000000 0.161290 0 0 0
-0.053321 0.028620 -0.292490 3 0.806452 1.000000 0.161290 0 0 0
-0.052036 0.028020 -0.292390 3 0.806452 1.000000 0.161290 0 0 0
-0.051853 0.028276 -0.292667 3 0.806452 1.000000 0.161290 0 0 0
-0.052299 0.028290 -0.292564 3 0.806452 1.000000 0.161290 0 0 0
-0.052643 0.028526 -0.292677 3 0.806452 1.000000 0.161290 0 0 0
-0.051283 0.027607 -0.292156 3 0.806452 1.000000 0.161290 0 0 0
-0.051210 0.027820 -0.292383 3 0.806452 1.000000 0.161290 0 0 0
-0.051634 0.027829 -0.292292 3 0.806452 1.000000 0.161290 0 0 0
-0.050963 0.027626 -0.292212 3 0.806452 1.000000 0.161290 0 0 0
-0.050918 0.027898 -0.292477 3 0.806452 1.000000 0.161290 0 0 0
-0.050501 0.027746 -0.292322 3 0.806452 1.000000 0.161290 0 0 0
-0.051244 0.028218 -0.292715 3 0.806452 1.000000 0.161290 0 0 0
-0.050662 0.028154 -0.292692 3 0.806452 1.000000 0.161290 0 0 0
-0.050169 0.028126 -0.292642 3 0.806452 1.000000 0.161290 0 0 0
-0.050142 0.027854 -0.292407 3 0.806452 1.000000 0.161290 0 0 0
-0.058184 0.030742 -0.292293 2 0.161290 1.000000 0.806452 0 0 0
-0.058172 0.031191 -0.292656 2 0.161290 1.000000 0.806452 0 0 0
-0.058634 0.031012 -0.292281 2 0.161290 1.000000 0.806452 0 0 0
-0.057878 0.030818 -0.292512 2 0.161290 1.000000 0.806452 0 0 0
-0.057709 0.031058 -0.292780 2 0.161290 1.000000 0.806452 0 0 0
-0.056939 0.030215 -0.292412 2 0.161290 1.000000 0.806452 0 0 0
-0.057013 0.030603 -0.292720 2 0.161290 1.000000 0.806452 0 0 0
-0.057468 0.030569 -0.292482 2 0.161290 1.000000 0.806452 0 0 0
-0.056590 0.030395 -0.292725 2 0.161290 1.000000 0.806452 0 0 0
-0.056618 0.030117 -0.292475 2 0.161290 1.000000 0.806452 0 0 0
-0.055839 0.029568 -0.292302 3 0.806452 1.000000 0.161290 0 0 0
-0.055753 0.029896 -0.292646 3 0.806452 1.000000 0.161290 0 0 0
-0.056283 0.029916 -0.292427 3 0.806452 1.000000 0.161290 0 0 0
-0.055495 0.029586 -0.292478 3 0.806452 1.000000 0.161290 0 0 0
-0.055305 0.029813 -0.292760 3 0.806452 1.000000 0.161290 0 0 0
-0.054578 0.029011 -0.292328 3 0.806452 1.000000 0.161290 0 0 0
-0.054527 0.029332 -0.292665 3 0.806452 1.000000 0.161290 0 0 0
-0.055049 0.029344 -0.292439 3 0.806452 1.000000 0.161290 0 0 0
-0.054185 0.029024 -0.292522 3 0.806452 1.000000 0.161290 0 0 0
-0.054147 0.029327 -0.292826 3 0.806452 1.000000 0.161290 0 0 0
-0.053730 0.029056 -0.292740 3 0.806452 1.000000 0.161290 0 0 0
-0.053884 0.029400 -0.292991 3 0.806452 1.000000 0.161290 0 0 0
-0.057044 0.043391 -0.291421 1 0.000000 0.300000 1.000000 0 0 0
-0.057141 0.043899 -0.290771 1 0.000000 0.300000 1.000000 0 0 0
-0.056687 0.043966 -0.291167 1 0.000000 0.300000 1.000000 0 0 0
-0.056629 0.043594 -0.291634 1 0.000000 0.300000 1.000000 0 0 0
-0.056334 0.043923 -0.291542 1 0.000000 0.300000 1.000000 0 0 0
-0.056828 0.044169 -0.290815 1 0.000000 0.300000 1.000000 0 0 0
-0.056550 0.044434 -0.290779 1 0.000000 0.300000 1.000000 0 0 0
-0.056219 0.044314 -0.291193 1 0.000000 0.300000 1.000000 0 0 0
-0.056030 0.044123 -0.291566 1 0.000000 0.300000 1.000000 0 0 0
-0.055771 0.044178 -0.291680 1 0.000000 0.300000 1.000000 0 0 0
-0.055819 0.044386 -0.291406 1 0.000000 0.300000 1.000000 0 0 0
-0.055562 0.044330 -0.291628 1 0.000000 0.300000 1.000000 0 0 0
-0.056195 0.044638 -0.290847 1 0.000000 0.300000 1.000000 0 0 0
-0.055861 0.044673 -0.291039 1 0.000000 0.300000 1.000000 0 0 0
-0.055483 0.045065 -0.290808 1 0.000000 0.300000 1.000000 0 0 0
-0.055416 0.044652 -0.291328 1 0.000000 0.300000 1.000000 0 0 0
-0.055050 0.044978 -0.291129 1 0.000000 0.300000 1.000000 0 0 0
-0.054945 0.045322 -0.290781 1 0.000000 0.300000 1.000000 0 0 0
-0.054838 0.044692 -0.291549 1 0.000000 0.300000 1.000000 0 0 0
-0.054520 0.045126 -0.291173 1 0.000000 0.300000 1.000000 0 0 0
-0.054270 0.044845 -0.291576 1 0.000000 0.300000 1.000000 0 0 0
-0.054121 0.045098 -0.291337 1 0.000000 0.300000 1.000000 0 0 0
-0.054453 0.045519 -0.290757 1 0.000000 0.300000 1.000000 0 0 0
-0.053889 0.045392 -0.291064 1 0.000000 0.300000 1.000000 0 0 0
-0.053766 0.045010 -0.291523 1 0.000000 0.300000 1.000000 0 0 0
-0.053587 0.045720 -0.290783 1 0.000000 0.300000 1.000000 0 0 0
-0.053307 0.045577 -0.290990 1 0.000000 0.300000 1.000000 0 0 0
-0.053283 0.045251 -0.291344 1 0.000000 0.300000 1.000000 0 0 0
-0.052834 0.045249 -0.291401 1 0.000000 0.300000 1.000000 0 0 0
-0.052871 0.045474 -0.291157 1 0.000000 0.300000 1.000000 0 0 0
-0.052473 0.045329 -0.291330 1 0.000000 0.300000 1.000000 0 0 0
-0.052432 0.045600 -0.291053 1 0.000000 0.300000 1.000000 0 0 0
-0.052013 0.045418 -0.291231 1 0.000000 0.300000 1.000000 0 0 0
-0.052006 0.045707 -0.290949 1 0.000000 0.300000 1.000000 0 0 0
-0.053297 0.045787 -0.290769 1 0.000000 0.300000 1.000000 0 0 0
-0.052868 0.045817 -0.290795 1 0.000000 0.300000 1.000000 0 0 0
-0.052357 0.045828 -0.290828 1 0.000000 0.300000 1.000000 0 0 0
-0.052066 0.045933 -0.290728 1 0.000000 0.300000 1.000000 0 0 0
-0.051512 0.045209 -0.291384 1 0.000000 0.300000 1.000000 0 0 0
-0.051572 0.045548 -0.291070 1 0.000000 0.300000 1.000000 0 0 0
-0.051130 0.045175 -0.291354 1 0.000000 0.300000 1.000000 0 0 0
-0.051130 0.045373 -0.291165 1 0.000000 0.300000 1.000000 0 0 0
-0.050755 0.045082 -0.291334 0 0.000000 0.000000 0.500000 0 0 0
-0.050298 0.044947 -0.291296 0 0.000000 0.000000 0.500000 0 0 0
-0.050369 0.045198 -0.291107 0 0.000000 0.000000 0.500000 0 0 0
-0.050208 0.045355 -0.290911 0 0.000000 0.000000 0.500000 0 0 0
-0.050663 0.045526 -0.290905 0 0.000000 0.000000 0.500000 0 0 0
-0.051610 0.045882 -0.290750 1 0.000000 0.300000 1.000000 0 0 0
-0.051199 0.045658 -0.290909 1 0.000000 0.300000 1.000000 0 0 0
-0.047692 0.042800 -0.291123 0 0.000000 0.000000 0.500000 0 0 0
-0.047976 0.043154 -0.291127 0 0.000000 0.000000 0.500000 0 0 0
-0.043487 0.026977 -0.290389 4 1.000000 0.407407 0.000000 0 0 0
-0.043192 0.026874 -0.290155 4 1.000000 0.407407 0.000000 0 0 0
-0.042999 0.027103 -0.290205 4 1.000000 0.407407 0.000000 0 0 0
-0.043105 0.027383 -0.290482 4 1.000000 0.407407 0.000000 0 0 0
-0.042693 0.027462 -0.290241 4 1.000000 0.407407 0.000000 0 0 0
-0.042364 0.027912 -0.290260 4 1.000000 0.407407 0.000000 0 0 0
-0.042308 0.028241 -0.290409 4 1.000000 0.407407 0.000000 0 0 0
-0.042045 0.028297 -0.290198 4 1.000000 0.407407 0.000000 0 0 0
-0.042251 0.028542 -0.290495 4 1.000000 0.407407 0.000000 0 0 0
-0.042002 0.028593 -0.290294 4 1.000000 0.407407 0.000000 0 0 0
-0.041885 0.028985 -0.290303 4 1.000000 0.407407 0.000000 0 0 0
-0.041862 0.029471 -0.290419 4 1.000000 0.407407 0.000000 0 0 0
-0.041862 0.029851 -0.290487 4 1.000000 0.407407 0.000000 0 0 0
-0.041569 0.029591 -0.290136 4 1.000000 0.407407 0.000000 0 0 0
-0.041578 0.030145 -0.290224 4 1.000000 0.407407 0.000000 0 0 0
-0.041890 0.030403 -0.290568 4 1.000000 0.407407 0.000000 0 0 0
-0.041784 0.030982 -0.290448 4 1.000000 0.407407 0.000000 0 0 0
-0.041592 0.030586 -0.290259 4 1.000000 0.407407 0.000000 0 0 0
-0.041477 0.030915 -0.290124 4 1.000000 0.407407 0.000000 0 0 0
-0.041841 0.031442 -0.290465 4 1.000000 0.407407 0.000000 0 0 0
-0.041783 0.031753 -0.290351 4 1.000000 0.407407 0.000000 0 0 0
-0.041534 0.031416 -0.290136 4 1.000000 0.407407 0.000000 0 0 0
-0.041602 0.031876 -0.290130 4 1.000000 0.407407 0.000000 0 0 0
-0.042488 0.032820 -0.290796 5 0.500000 0.000000 0.000000 0 0 0
-0.041878 0.032247 -0.290328 5 0.500000 0.000000 0.000000 0 0 0
-0.042199 0.032734 -0.290525 5 0.500000 0.000000 0.000000 0 0 0
-0.043239 0.035150 -0.290461 5 0.500000 0.000000 0.000000 0 0 0
-0.042947 0.035132 -0.290170 5 0.500000 0.000000 0.000000 0 0 0
-0.042669 0.026748 -0.289654 4 1.000000 0.407407 0.000000 0 0 0
-0.043031 0.026556 -0.289743 4 1.000000 0.407407 0.000000 0 0 0
-0.042841 0.026395 -0.289415 4 1.000000 0.407407 0.000000 0 0 0
-0.042966 0.026830 -0.289962 4 1.000000 0.407407 0.000000 0 0 0
-0.042597 0.027125 -0.289922 4 1.000000 0.407407 0.000000 0 0 0
-0.042296 0.027499 -0.289940 4 1.000000 0.407407 0.000000 0 0 0
-0.042303 0.027247 -0.289779 4 1.000000 0.407407 0.000000 0 0 0
-0.042040 0.027361 -0.289617 4 1.000000 0.407407 0.000000 0 0 0
-0.041813 0.027911 -0.289754 4 1.000000 0.407407 0.000000 0 0 0
-0.041773 0.028343 -0.289962 4 1.000000 0.407407 0.000000 0 0 0
-0.041856 0.028567 -0.290143 4 1.000000 0.407407 0.000000 0 0 0
-0.041577 0.028323 -0.289755 4 1.000000 0.407407 0.000000 0 0 0
-0.041609 0.028640 -0.289920 4 1.000000 0.407407 0.000000 0 0 0
-0.041281 0.029105 -0.289721 4 1.000000 0.407407 0.000000 0 0 0
-0.041230 0.029646 -0.289795 4 1.000000 0.407407 0.000000 0 0 0
-0.040938 0.029585 -0.289471 4 1.000000 0.407407 0.000000 0 0 0
-0.041334 0.029972 -0.289949 4 1.000000 0.407407 0.000000 0 0 0
-0.041061 0.030011 -0.289662 4 1.000000 0.407407 0.000000 0 0 0
-0.041260 0.030491 -0.289895 4 1.000000 0.407407 0.000000 0 0 0
-0.040922 0.030376 -0.289530 4 1.000000 0.407407 0.000000 0 0 0
-0.041242 0.031093 -0.289850 4 1.000000 0.407407 0.000000 0 0 0
-0.040917 0.030849 -0.289508 4 1.000000 0.407407 0.000000 0 0 0
-0.041274 0.031439 -0.289848 4 1.000000 0.407407 0.000000 0 0 0
-0.041022 0.031435 -0.289559 4 1.000000 0.407407 0.000000 0 0 0
-0.041318 0.031799 -0.289829 4 1.000000 0.407407 0.000000 0 0 0
-0.041530 0.032138 -0.289989 5 0.500000 0.000000 0.000000 0 0 0
-0.041886 0.032838 -0.290153 5 0.500000 0.000000 0.000000 0 0 0
-0.041563 0.032520 -0.289909 5 0.500000 0.000000 0.000000 0 0 0
-0.050037 0.026553 -0.289240 3 0.806452 1.000000 0.161290 0 0 0
-0.050063 0.026499 -0.288674 3 0.806452 1.000000 0.161290 0 0 0
-0.049602 0.026498 -0.289307 3 0.806452 1.000000 0.161290 0 0 0
-0.048065 0.025748 -0.288535 3 0.806452 1.000000 0.161290 0 0 0
-0.048179 0.025836 -0.288754 3 0.806452 1.000000 0.161290 0 0 0
-0.048396 0.025870 -0.288428 3 0.806452 1.000000 0.161290 0 0 0
-0.047923 0.025740 -0.288742 3 0.806452 1.000000 0.161290 0 0 0
-0.047753 0.025673 -0.288543 3 0.806452 1.000000 0.161290 0 0 0
-0.047641 0.025712 -0.288860 3 0.806452 1.000000 0.161290 0 0 0
-0.047373 0.025697 -0.288971 3 0.806452 1.000000 0.161290 0 0 0
-0.048698 0.026016 -0.288549 3 0.806452 1.000000 0.161290 0 0 0
-0.048758 0.026105 -0.288801 3 0.806452 1.000000 0.161290 0 0 0
-0.048990 0.026150 -0.288551 3 0.806452 1.000000 0.161290 0 0 0
-0.048477 0.025977 -0.288787 3 0.806452 1.000000 0.161290 0 0 0
-0.049041 0.026266 -0.288959 3 0.806452 1.000000 0.161290 0 0 0
-0.048847 0.026315 -0.289319 3 0.806452 1.000000 0.161290 0 0 0
-0.048550 0.026149 -0.289157 3 0.806452 1.000000 0.161290 0 0 0
-0.048230 0.025956 -0.289018 3 0.806452 1.000000 0.161290 0 0 0
-0.047924 0.025837 -0.288997 3 0.806452 1.000000 0.161290 0 0 0
-0.047000 0.025702 -0.289124 3 0.806452 1.000000 0.161290 0 0 0
-0.046544 0.025601 -0.289074 3 0.806452 1.000000 0.161290 0 0 0
-0.046208 0.025533 -0.288961 3 0.806452 1.000000 0.161290 0 0 0
-0.045747 0.025495 -0.288922 3 0.806452 1.000000 0.161290 0 0 0
-0.045946 0.025574 -0.289178 3 0.806452 1.000000 0.161290 0 0 0
-0.045308 0.025454 -0.288789 3 0.806452 1.000000 0.161290 0 0 0
-0.046598 0.025691 -0.289303 3 0.806452 1.000000 0.161290 0 0 0
-0.046253 0.025635 -0.289266 3 0.806452 1.000000 0.161290 0 0 0
-0.049223 0.026435 -0.289370 3 0.806452 1.000000 0.161290 0 0 0
-0.044804 0.025489 -0.288894 3 0.806452 1.000000 0.161290 0 0 0
-0.044354 0.025490 -0.288837 4 1.000000 0.407407 0.000000 0 0 0
-0.044042 0.025613 -0.288998 4 1.000000 0.407407 0.000000 0 0 0
-0.043721 0.025591 -0.288759 4 1.000000 0.407407 0.000000 0 0 0
-0.043553 0.025849 -0.289138 4 1.000000 0.407407 0.000000 0 0 0
-0.043034 0.025912 -0.288884 4 1.000000 0.407407 0.000000 0 0 0
-0.042624 0.026185 -0.288974 4 1.000000 0.407407 0.000000 0 0 0
-0.042184 0.026167 -0.288593 4 1.000000 0.407407 0.000000 0 0 0
-0.042294 0.026344 -0.288921 4 1.000000 0.407407 0.000000 0 0 0
-0.041782 0.026445 -0.288572 4 1.000000 0.407407 0.000000 0 0 0
-0.042072 0.026453 -0.288851 4 1.000000 0.407407 0.000000 0 0 0
-0.041808 0.026739 -0.288888 4 1.000000 0.407407 0.000000 0 0 0
-0.041470 0.027156 -0.288926 4 1.000000 0.407407 0.000000 0 0 0
-0.041141 0.027172 -0.288623 4 1.000000 0.407407 0.000000 0 0 0
-0.041137 0.027463 -0.288826 4 1.000000 0.407407 0.000000 0 0 0
-0.041367 0.027478 -0.289064 4 1.000000 0.407407 0.000000 0 0 0
-0.041245 0.027845 -0.289161 4 1.000000 0.407407 0.000000 0 0 0
-0.040841 0.028177 -0.288922 4 1.000000 0.407407 0.000000 0 0 0
-0.041090 0.028345 -0.289262 4 1.000000 0.407407 0.000000 0 0 0
-0.047822 0.045834 -0.288797 0 0.000000 0.000000 0.500000 0 0 0
-0.047511 0.045478 -0.288717 0 0.000000 0.000000 0.500000 0 0 0
-0.047567 0.045834 -0.288453 0 0.000000 0.000000 0.500000 0 0 0
-0.047800 0.046177 -0.288449 0 0.000000 0.000000 0.500000 0 0 0
-0.047530 0.046050 -0.288184 0 0.000000 0.000000 0.500000 0 0 0
-0.048257 0.046825 -0.288424 0 0.000000 0.000000 0.500000 0 0 0
-0.048075 0.046567 -0.288434 0 0.000000 0.000000 0.500000 0 0 0
-0.048086 0.046878 -0.288182 0 0.000000 0.000000 0.500000 0 0 0
-0.047700 0.046521 -0.287959 0 0.000000 0.000000 0.500000 0 0 0
-0.047941 0.046993 -0.287890 0 0.000000 0.000000 0.500000 0 0 0
-0.047190 0.045027 -0.288699 5 0.500000 0.000000 0.000000 0 0 0
-0.046874 0.044725 -0.288523 5 0.500000 0.000000 0.000000 0 0 0
-0.046931 0.045072 -0.288218 5 0.500000 0.000000 0.000000 0 0 0
-0.046778 0.045081 -0.287889 5 0.500000 0.000000 0.000000 0 0 0
-0.046945 0.045290 -0.287976 5 0.500000 0.000000 0.000000 0 0 0
-0.047217 0.045610 -0.288095 5 0.500000 0.000000 0.000000 0 0 0
-0.047413 0.046087 -0.287930 0 0.000000 0.000000 0.500000 0 0 0
-0.045017 0.042309 -0.288092 5 0.500000 0.000000 0.000000 0 0 0
-0.045155 0.042715 -0.287849 5 0.500000 0.000000 0.000000 0 0 0
-0.048804 0.047277 -0.288483 0 0.000000 0.000000 0.500000 0 0 0
-0.048399 0.047089 -0.288324 0 0.000000 0.000000 0.500000 0 0 0
-0.048594 0.047537 -0.288079 0 0.000000 0.000000 0.500000 0 0 0
-0.049200 0.047408 -0.288638 0 0.000000 0.000000 0.500000 0 0 0
-0.049143 0.047820 -0.288218 0 0.000000 0.000000 0.500000 0 0 0
-0.048801 0.047836 -0.287971 0 0.000000 0.000000 0.500000 0 0 0
-0.048209 0.047237 -0.287990 0 0.000000 0.000000 0.500000 0 0 0
-0.047999 0.047325 -0.287605 0 0.000000 0.000000 0.500000 0 0 0
-0.048306 0.047551 -0.287774 0 0.000000 0.000000 0.500000 0 0 0
-0.048575 0.047882 -0.287691 0 0.000000 0.000000 0.500000 0 0 0
-0.049192 0.048166 -0.287927 0 0.000000 0.000000 0.500000 0 0 0
-0.049573 0.048361 -0.287935 0 0.000000 0.000000 0.500000 0 0 0
-0.048936 0.048066 -0.287841 0 0.000000 0.000000 0.500000 0 0 0
-0.040343 0.027230 -0.287832 4 1.000000 0.407407 0.000000 0 0 0
-0.040421 0.027531 -0.288128 4 1.000000 0.407407 0.000000 0 0 0
-0.040119 0.028042 -0.288086 4 1.000000 0.407407 0.000000 0 0 0
-0.040438 0.028357 -0.288579 4 1.000000 0.407407 0.000000 0 0 0
-0.040143 0.028402 -0.288293 4 1.000000 0.407407 0.000000 0 0 0
-0.039914 0.028540 -0.288098 4 1.000000 0.407407 0.000000 0 0 0
-0.040137 0.028700 -0.288399 4 1.000000 0.407407 0.000000 0 0 0
-0.040413 0.028855 -0.288741 4 1.000000 0.407407 0.000000 0 0 0
-0.039851 0.028960 -0.288171 4 1.000000 0.407407 0.000000 0 0 0
-0.040114 0.029129 -0.288500 4 1.000000 0.407407 0.000000 0 0 0
-0.040364 0.029241 -0.288798 4 1.000000 0.407407 0.000000 0 0 0
-0.039818 0.029433 -0.288242 4 1.000000 0.407407 0.000000 0 0 0
-0.040152 0.029625 -0.288638 4 1.000000 0.407407 0.000000 0 0 0
-0.039845 0.029854 -0.288330 4 1.000000 0.407407 0.000000 0 0 0
-0.040027 0.030061 -0.288549 4 1.000000 0.407407 0.000000 0 0 0
-0.039804 0.030326 -0.288304 4 1.000000 0.407407 0.000000 0 0 0
-0.040025 0.030316 -0.288554 4 1.000000 0.407407 0.000000 0 0 0
-0.040347 0.031018 -0.288861 4 1.000000 0.407407 0.000000 0 0 0
-0.040140 0.030629 -0.288664 4 1.000000 0.407407 0.000000 0 0 0
-0.040141 0.031102 -0.288620 4 1.000000 0.407407 0.000000 0 0 0
-0.039818 0.030986 -0.288280 4 1.000000 0.407407 0.000000 0 0 0
-0.062092 0.037781 -0.287113 1 0.000000 0.300000 1.000000 0 0 0
-0.062121 0.037459 -0.287538 1 0.000000 0.300000 1.000000 0 0 0
-0.061818 0.037993 -0.287548 1 0.000000 0.300000 1.000000 0 0 0
-0.061699 0.038333 -0.287353 1 0.000000 0.300000 1.000000 0 0 0
-0.061593 0.038604 -0.287246 1 0.000000 0.300000 1.000000 0 0 0
-0.061316 0.038964 -0.287511 1 0.000000 0.300000 1.000000 0 0 0
-0.061190 0.039332 -0.287358 1 0.000000 0.300000 1.000000 0 0 0
-0.061152 0.039263 -0.287557 1 0.000000 0.300000 1.000000 0 0 0
-0.061115 0.039646 -0.287172 1 0.000000 0.300000 1.000000 0 0 0
-0.061033 0.039528 -0.287555 1 0.000000 0.300000 1.000000 0 0 0
-0.060824 0.040085 -0.287459 1 0.000000 0.300000 1.000000 0 0 0
-0.060587 0.040699 -0.287376 1 0.000000 0.300000 1.000000 0 0 0
-0.060420 0.041053 -0.287419 1 0.000000 0.300000 1.000000 0 0 0
-0.060323 0.041328 -0.287334 1 0.000000 0.300000 1.000000 0 0 0
-0.060273 0.041236 -0.287612 1 0.000000 0.300000 1.000000 0 0 0
-0.060080 0.041729 -0.287493 1 0.000000 0.300000 1.000000 0 0 0
-0.057722 0.027700 -0.287140 3 0.806452 1.000000 0.161290 0 0 0
-0.057471 0.027669 -0.287391 3 0.806452 1.000000 0.161290 0 0 0
-0.057792 0.027798 -0.287410 3 0.806452 1.000000 0.161290 0 0 0
-0.056994 0.027504 -0.287378 3 0.806452 1.000000 0.161290 0 0 0
-0.056390 0.027425 -0.287620 3 0.806452 1.000000 0.161290 0 0 0
-0.058440 0.028087 -0.287440 3 0.806452 1.000000 0.161290 0 0 0
-0.058033 0.027957 -0.287639 3 0.806452 1.000000 0.161290 0 0 0
-0.055725 0.027058 -0.287047 3 0.806452 1.000000 0.161290 0 0 0
-0.055389 0.027060 -0.287117 3 0.806452 1.000000 0.161290 0 0 0
-0.055840 0.027220 -0.287330 3 0.806452 1.000000 0.161290 0 0 0
-0.055410 0.027199 -0.287387 3 0.806452 1.000000 0.161290 0 0 0
-0.054869 0.026984 -0.287034 3 0.806452 1.000000 0.161290 0 0 0
-0.054463 0.027103 -0.287265 3 0.806452 1.000000 0.161290 0 0 0
-0.054996 0.027183 -0.287420 3 0.806452 1.000000 0.161290 0 0 0
-0.054613 0.027222 -0.287552 3 0.806452 1.000000 0.161290 0 0 0
-0.042336 0.025453 -0.287189 4 1.000000 0.407407 0.000000 0 0 0
-0.042583 0.025478 -0.287555 4 1.000000 0.407407 0.000000 0 0 0
-0.042293 0.025556 -0.287519 4 1.000000 0.407407 0.000000 0 0 0
-0.058424 0.044650 -0.287159 1 0.000000 0.300000 1.000000 0 0 0
-0.058319 0.044926 -0.286842 1 0.000000 0.300000 1.000000 0 0 0
-0.058088 0.045289 -0.286685 1 0.000000 0.300000 1.000000 0 0 0
-0.057788 0.045562 -0.286941 1 0.000000 0.300000 1.000000 0 0 0
-0.057513 0.045968 -0.286736 1 0.000000 0.300000 1.000000 0 0 0
-0.057187 0.046222 -0.286995 1 0.000000 0.300000 1.000000 0 0 0
-0.056893 0.046605 -0.286826 1 0.000000 0.300000 1.000000 0 0 0
-0.056577 0.046822 -0.287052 1 0.000000 0.300000 1.000000 0 0 0
-0.056340 0.047122 -0.286896 1 0.000000 0.300000 1.000000 0 0 0
-0.056065 0.047296 -0.287047 1 0.000000 0.300000 1.000000 0 0 0
-0.055712 0.047637 -0.286970 1 0.000000 0.300000 1.000000 0 0 0
-0.055447 0.047922 -0.286873 1 0.000000 0.300000 1.000000 0 0 0
-0.055280 0.048137 -0.286752 1 0.000000 0.300000 1.000000 0 0 0
-0.054958 0.048322 -0.286892 1 0.000000 0.300000 1.000000 0 0 0
-0.054574 0.048695 -0.286804 1 0.000000 0.300000 1.000000 0 0 0
-0.054283 0.048984 -0.286744 1 0.000000 0.300000 1.000000 0 0 0
-0.054053 0.049180 -0.286724 1 0.000000 0.300000 1.000000 0 0 0
-0.054021 0.049394 -0.286473 1 0.000000 0.300000 1.000000 0 0 0
-0.053861 0.049563 -0.286410 1 0.000000 0.300000 1.000000 0 0 0
-0.053731 0.049454 -0.286671 1 0.000000 0.300000 1.000000 0 0 0
-0.053773 0.049164 -0.286992 1 0.000000 0.300000 1.000000 0 0 0
-0.053476 0.049392 -0.286946 1 0.000000 0.300000 1.000000 0 0 0
-0.053602 0.049756 -0.286387 1 0.000000 0.300000 1.000000 0 0 0
-0.053377 0.049994 -0.286268 1 0.000000 0.300000 1.000000 0 0 0
-0.053234 0.049919 -0.286459 1 0.000000 0.300000 1.000000 0 0 0
-0.053326 0.049657 -0.286719 1 0.000000 0.300000 1.000000 0 0 0
-0.052785 0.049880 -0.286736 0 0.000000 0.000000 0.500000 0 0 0
-0.053074 0.050239 -0.286142 0 0.000000 0.000000 0.500000 0 0 0
-0.052612 0.050253 -0.286367 0 0.000000 0.000000 0.500000 0 0 0
-0.052304 0.050139 -0.286600 0 0.000000 0.000000 0.500000 0 0 0
-0.052249 0.050453 -0.286220 0 0.000000 0.000000 0.500000 0 0 0
-0.044008 0.025135 -0.285107 4 1.000000 0.407407 0.000000 0 0 0
-0.041744 0.039647 -0.284409 5 0.500000 0.000000 0.000000 0 0 0
-0.041489 0.039200 -0.284669 5 0.500000 0.000000 0.000000 0 0 0
-0.041473 0.039361 -0.284337 5 0.500000 0.000000 0.000000 0 0 0
-0.041892 0.039524 -0.284953 5 0.500000 0.000000 0.000000 0 0 0
-0.042276 0.040277 -0.284378 5 0.500000 0.000000 0.000000 0 0 0
-0.042127 0.039934 -0.284696 5 0.500000 0.000000 0.000000 0 0 0
-0.042009 0.040018 -0.284300 5 0.500000 0.000000 0.000000 0 0 0
-0.042511 0.040303 -0.284839 5 0.500000 0.000000 0.000000 0 0 0
-0.041210 0.038944 -0.284524 5 0.500000 0.000000 0.000000 0 0 0
-0.042939 0.040840 -0.284775 5 0.500000 0.000000 0.000000 0 0 0
-0.042725 0.040580 -0.284767 5 0.500000 0.000000 0.000000 0 0 0
-0.042619 0.040624 -0.284452 5 0.500000 0.000000 0.000000 0 0 0
-0.042873 0.040933 -0.284414 5 0.500000 0.000000 0.000000 0 0 0
-0.043335 0.041292 -0.284933 5 0.500000 0.000000 0.000000 0 0 0
-0.043153 0.041080 -0.284839 5 0.500000 0.000000 0.000000 0 0 0
-0.043147 0.041207 -0.284541 5 0.500000 0.000000 0.000000 0 0 0
-0.042937 0.041124 -0.284181 5 0.500000 0.000000 0.000000 0 0 0
-0.043204 0.041481 -0.284069 5 0.500000 0.000000 0.000000 0 0 0
-0.043542 0.041699 -0.284598 5 0.500000 0.000000 0.000000 0 0 0
-0.043483 0.041783 -0.284149 5 0.500000 0.000000 0.000000 0 0 0
-0.043748 0.042122 -0.284081 5 0.500000 0.000000 0.000000 0 0 0
-0.043972 0.042228 -0.284696 5 0.500000 0.000000 0.000000 0 0 0
-0.043810 0.041907 -0.285044 5 0.500000 0.000000 0.000000 0 0 0
-0.060435 0.042550 -0.284622 1 0.000000 0.300000 1.000000 0 0 0
-0.060225 0.042823 -0.284814 1 0.000000 0.300000 1.000000 0 0 0
-0.060033 0.043176 -0.284668 1 0.000000 0.300000 1.000000 0 0 0
-0.059747 0.043672 -0.284490 1 0.000000 0.300000 1.000000 0 0 0
-0.059454 0.044078 -0.284627 1 0.000000 0.300000 1.000000 0 0 0
-0.059261 0.044405 -0.284500 1 0.000000 0.300000 1.000000 0 0 0
-0.059023 0.044674 -0.284762 1 0.000000 0.300000 1.000000 0 0 0
-0.058877 0.044956 -0.284515 1 0.000000 0.300000 1.000000 0 0 0
-0.058651 0.045306 -0.284389 1 0.000000 0.300000 1.000000 0 0 0
-0.058374 0.045589 -0.284718 1 0.000000 0.300000 1.000000 0 0 0
-0.058108 0.046009 -0.284508 1 0.000000 0.300000 1.000000 0 0 0
-0.057791 0.046346 -0.284744 1 0.000000 0.300000 1.000000 0 0 0
-0.057531 0.046803 -0.284351 1 0.000000 0.300000 1.000000 0 0 0
-0.057540 0.046656 -0.284760 1 0.000000 0.300000 1.000000 0 0 0
-0.057283 0.046937 -0.284852 1 0.000000 0.300000 1.000000 0 0 0
-0.057058 0.047364 -0.284432 1 0.000000 0.300000 1.000000 0 0 0
-0.057035 0.047244 -0.284828 1 0.000000 0.300000 1.000000 0 0 0
-0.056791 0.047511 -0.284874 1 0.000000 0.300000 1.000000 0 0 0
-0.056683 0.047777 -0.284541 1 0.000000 0.300000 1.000000 0 0 0
-0.056438 0.048160 -0.284340 1 0.000000 0.300000 1.000000 0 0 0
-0.056120 0.048453 -0.284533 1 0.000000 0.300000 1.000000 0 0 0
-0.055849 0.048840 -0.284409 1 0.000000 0.300000 1.000000 0 0 0
-0.055512 0.049130 -0.284618 1 0.000000 0.300000 1.000000 0 0 0
-0.055225 0.049617 -0.284331 1 0.000000 0.300000 1.000000 0 0 0
-0.055220 0.049395 -0.284743 1 0.000000 0.300000 1.000000 0 0 0
-0.054955 0.049694 -0.284730 1 0.000000 0.300000 1.000000 0 0 0
-0.054722 0.050087 -0.284471 1 0.000000 0.300000 1.000000 0 0 0
-0.054745 0.049889 -0.284782 1 0.000000 0.300000 1.000000 0 0 0
-0.054528 0.050023 -0.284909 1 0.000000 0.300000 1.000000 0 0 0
-0.043965 0.025168 -0.284824 4 1.000000 0.407407 0.000000 0 0 0
-0.038527 0.028603 -0.282996 4 1.000000 0.407407 0.000000 0 0 0
-0.037852 0.030859 -0.282989 4 1.000000 0.407407 0.000000 0 0 0
-0.037677 0.030605 -0.283847 4 1.000000 0.407407 0.000000 0 0 0
-0.037679 0.030179 -0.284106 4 1.000000 0.407407 0.000000 0 0 0
-0.037565 0.031331 -0.284127 5 0.500000 0.000000 0.000000 0 0 0
-0.037585 0.032062 -0.283544 5 0.500000 0.000000 0.000000 0 0 0
-0.037730 0.032019 -0.282862 5 0.500000 0.000000 0.000000 0 0 0
-0.037503 0.031994 -0.284068 5 0.500000 0.000000 0.000000 0 0 0
-0.037608 0.032659 -0.283084 5 0.500000 0.000000 0.000000 0 0 0
-0.037479 0.033335 -0.284030 5 0.500000 0.000000 0.000000 0 0 0
-0.037462 0.033016 -0.284164 5 0.500000 0.000000 0.000000 0 0 0
-0.037480 0.032506 -0.284094 5 0.500000 0.000000 0.000000 0 0 0
-0.064216 0.036083 -0.283065 1 0.000000 0.300000 1.000000 0 0 0
-0.064111 0.036451 -0.282959 1 0.000000 0.300000 1.000000 0 0 0
-0.063881 0.037262 -0.282680 1 0.000000 0.300000 1.000000 0 0 0
-0.063947 0.036925 -0.282872 1 0.000000 0.300000 1.000000 0 0 0
-0.063756 0.037221 -0.283048 1 0.000000 0.300000 1.000000 0 0 0
-0.063579 0.037782 -0.282894 1 0.000000 0.300000 1.000000 0 0 0
-0.063343 0.038392 -0.282804 1 0.000000 0.300000 1.000000 0 0 0
-0.063346 0.038163 -0.283027 1 0.000000 0.300000 1.000000 0 0 0
-0.063190 0.038416 -0.283126 1 0.000000 0.300000 1.000000 0 0 0
-0.062983 0.038991 -0.282982 1 0.000000 0.300000 1.000000 0 0 0
-0.062793 0.039496 -0.282831 1 0.000000 0.300000 1.000000 0 0 0
-0.062614 0.040084 -0.282506 1 0.000000 0.300000 1.000000 0 0 0
-0.062659 0.039793 -0.282772 1 0.000000 0.300000 1.000000 0 0 0
-0.062355 0.040186 -0.282950 1 0.000000 0.300000 1.000000 0 0 0
-0.062199 0.040548 -0.282799 1 0.000000 0.300000 1.000000 0 0 0
-0.062060 0.040818 -0.282718 1 0.000000 0.300000 1.000000 0 0 0
-0.061815 0.041027 -0.283019 1 0.000000 0.300000 1.000000 0 0 0
-0.061572 0.041610 -0.282563 1 0.000000 0.300000 1.000000 0 0 0
-0.061640 0.041372 -0.282862 1 0.000000 0.300000 1.000000 0 0 0
-0.061401 0.041671 -0.282973 1 0.000000 0.300000 1.000000 0 0 0
-0.061150 0.042001 -0.283058 1 0.000000 0.300000 1.000000 0 0 0
-0.057823 0.026432 -0.282703 3 0.806452 1.000000 0.161290 0 0 0
-0.057312 0.026299 -0.282740 3 0.806452 1.000000 0.161290 0 0 0
-0.056862 0.026233 -0.283060 3 0.806452 1.000000 0.161290 0 0 0
-0.056354 0.026137 -0.283269 3 0.806452 1.000000 0.161290 0 0 0
-0.058254 0.026668 -0.283118 3 0.806452 1.000000 0.161290 0 0 0
-0.041445 0.040267 -0.282636 5 0.500000 0.000000 0.000000 0 0 0
-0.041321 0.040047 -0.282893 5 0.500000 0.000000 0.000000 0 0 0
-0.041687 0.040537 -0.282714 5 0.500000 0.000000 0.000000 0 0 0
-0.041824 0.040679 -0.282725 5 0.500000 0.000000 0.000000 0 0 0
-0.060949 0.042378 -0.282817 1 0.000000 0.300000 1.000000 0 0 0
-0.059093 0.026510 -0.281887 3 0.806452 1.000000 0.161290 0 0 0
-0.059192 0.026603 -0.282062 3 0.806452 1.000000 0.161290 0 0 0
-0.059384 0.026586 -0.281894 3 0.806452 1.000000 0.161290 0 0 0
-0.042088 0.025762 -0.282923 4 1.000000 0.407407 0.000000 0 0 0
-0.041281 0.026112 -0.282960 4 1.000000 0.407407 0.000000 0 0 0
-0.040446 0.026530 -0.283113 4 1.000000 0.407407 0.000000 0 0 0
-0.042985 0.041565 -0.282622 5 0.500000 0.000000 0.000000 0 0 0
-0.043510 0.042066 -0.282959 5 0.500000 0.000000 0.000000 0 0 0
-0.042160 0.040885 -0.282497 5 0.500000 0.000000 0.000000 0 0 0
-0.041910 0.040734 -0.282615 5 0.500000 0.000000 0.000000 0 0 0
-0.042533 0.041162 -0.282337 5 0.500000 0.000000 0.000000 0 0 0
-0.059731 0.026547 -0.281602 3 0.806452 1.000000 0.161290 0 0 0
-0.062035 0.027694 -0.281581 3 0.806452 1.000000 0.161290 0 0 0
-0.061256 0.026995 -0.281393 3 0.806452 1.000000 0.161290 0 0 0
-0.061017 0.027094 -0.281762 3 0.806452 1.000000 0.161290 0 0 0
-0.060702 0.026961 -0.281794 3 0.806452 1.000000 0.161290 0 0 0
-0.061529 0.027358 -0.281683 3 0.806452 1.000000 0.161290 0 0 0
-0.061794 0.027705 -0.281931 3 0.806452 1.000000 0.161290 0 0 0
-0.062693 0.028169 -0.281241 3 0.806452 1.000000 0.161290 0 0 0
-0.062382 0.028103 -0.281676 3 0.806452 1.000000 0.161290 0 0 0
-0.062044 0.027918 -0.281928 3 0.806452 1.000000 0.161290 0 0 0
-0.062721 0.028444 -0.281577 3 0.806452 1.000000 0.161290 0 0 0
-0.062983 0.028879 -0.281689 3 0.806452 1.000000 0.161290 0 0 0
-0.060280 0.026770 -0.281730 3 0.806452 1.000000 0.161290 0 0 0
-0.059757 0.026750 -0.282033 3 0.806452 1.000000 0.161290 0 0 0
-0.063322 0.029329 -0.281576 2 0.161290 1.000000 0.806452 0 0 0
-0.063570 0.029855 -0.281778 2 0.161290 1.000000 0.806452 0 0 0
-0.063247 0.029499 -0.282100 2 0.161290 1.000000 0.806452 0 0 0
-0.063849 0.030341 -0.281754 2 0.161290 1.000000 0.806452 0 0 0
-0.063675 0.030205 -0.282131 2 0.161290 1.000000 0.806452 0 0 0
-0.064098 0.030820 -0.281759 2 0.161290 1.000000 0.806452 0 0 0
-0.063864 0.030566 -0.282181 2 0.161290 1.000000 0.806452 0 0 0
-0.064461 0.031572 -0.281719 2 0.161290 1.000000 0.806452 0 0 0
-0.064277 0.031275 -0.281941 2 0.161290 1.000000 0.806452 0 0 0
-0.064638 0.032029 -0.281736 2 0.161290 1.000000 0.806452 0 0 0
-0.064894 0.032730 -0.281579 2 0.161290 1.000000 0.806452 0 0 0
-0.064789 0.032418 -0.281666 2 0.161290 1.000000 0.806452 0 0 0
-0.064879 0.033142 -0.281965 2 0.161290 1.000000 0.806452 0 0 0
-0.063116 0.029207 -0.281920 2 0.161290 1.000000 0.806452 0 0 0
-0.065232 0.033820 -0.281045 2 0.161290 1.000000 0.806452 0 0 0
-0.065439 0.033844 -0.280556 2 0.161290 1.000000 0.806452 0 0 0
-0.065163 0.034385 -0.281296 2 0.161290 1.000000 0.806452 0 0 0
-0.065391 0.034341 -0.280756 2 0.161290 1.000000 0.806452 0 0 0
-0.065036 0.034921 -0.281552 2 0.161290 1.000000 0.806452 0 0 0
-0.065297 0.034980 -0.280958 2 0.161290 1.000000 0.806452 0 0 0
-0.065098 0.035378 -0.281278 2 0.161290 1.000000 0.806452 0 0 0
-0.065269 0.035623 -0.280910 1 0.000000 0.300000 1.000000 0 0 0
-0.065211 0.036121 -0.280896 1 0.000000 0.300000 1.000000 0 0 0
-0.064998 0.035894 -0.281310 1 0.000000 0.300000 1.000000 0 0 0
-0.065025 0.036265 -0.281129 1 0.000000 0.300000 1.000000 0 0 0
-0.064860 0.036304 -0.281395 1 0.000000 0.300000 1.000000 0 0 0
-0.064952 0.036534 -0.281161 1 0.000000 0.300000 1.000000 0 0 0
-0.065124 0.036467 -0.280931 1 0.000000 0.300000 1.000000 0 0 0
-0.064703 0.036735 -0.281488 1 0.000000 0.300000 1.000000 0 0 0
-0.065072 0.036899 -0.280912 1 0.000000 0.300000 1.000000 0 0 0
-0.065037 0.037400 -0.280833 1 0.000000 0.300000 1.000000 0 0 0
-0.064763 0.037315 -0.281175 1 0.000000 0.300000 1.000000 0 0 0
-0.064851 0.037833 -0.280926 1 0.000000 0.300000 1.000000 0 0 0
-0.064510 0.037741 -0.281329 1 0.000000 0.300000 1.000000 0 0 0
-0.064554 0.038119 -0.281138 1 0.000000 0.300000 1.000000 0 0 0
-0.064280 0.038146 -0.281435 1 0.000000 0.300000 1.000000 0 0 0
-0.064404 0.038502 -0.281164 1 0.000000 0.300000 1.000000 0 0 0
-0.064757 0.038387 -0.280877 1 0.000000 0.300000 1.000000 0 0 0
-0.064202 0.038877 -0.281218 1 0.000000 0.300000 1.000000 0 0 0
-0.064582 0.038942 -0.280879 1 0.000000 0.300000 1.000000 0 0 0
-0.064079 0.038557 -0.281484 1 0.000000 0.300000 1.000000 0 0 0
-0.064003 0.038848 -0.281427 1 0.000000 0.300000 1.000000 0 0 0
-0.064245 0.039266 -0.281030 1 0.000000 0.300000 1.000000 0 0 0
-0.064510 0.039349 -0.280806 1 0.000000 0.300000 1.000000 0 0 0
-0.064300 0.039714 -0.280819 1 0.000000 0.300000 1.000000 0 0 0
-0.063975 0.039565 -0.281129 1 0.000000 0.300000 1.000000 0 0 0
-0.063924 0.039168 -0.281368 1 0.000000 0.300000 1.000000 0 0 0
-0.063658 0.039614 -0.281410 1 0.000000 0.300000 1.000000 0 0 0
-0.064167 0.040216 -0.280694 1 0.000000 0.300000 1.000000 0 0 0
-0.063762 0.040077 -0.281045 1 0.000000 0.300000 1.000000 0 0 0
-0.063440 0.039970 -0.281413 1 0.000000 0.300000 1.000000 0 0 0
-0.063875 0.040558 -0.280705 1 0.000000 0.300000 1.000000 0 0 0
-0.063684 0.040858 -0.280641 1 0.000000 0.300000 1.000000 0 0 0
-0.063352 0.040723 -0.280960 1 0.000000 0.300000 1.000000 0 0 0
-0.063362 0.040288 -0.281261 1 0.000000 0.300000 1.000000 0 0 0
-0.063466 0.041081 -0.280629 1 0.000000 0.300000 1.000000 0 0 0
-0.063124 0.040502 -0.281338 1 0.000000 0.300000 1.000000 0 0 0
-0.063087 0.041313 -0.280708 1 0.000000 0.300000 1.000000 0 0 0
-0.062905 0.041078 -0.281063 1 0.000000 0.300000 1.000000 0 0 0
-0.062943 0.040789 -0.281284 1 0.000000 0.300000 1.000000 0 0 0
-0.062528 0.041114 -0.281443 1 0.000000 0.300000 1.000000 0 0 0
-0.062643 0.041471 -0.280941 1 0.000000 0.300000 1.000000 0 0 0
-0.062403 0.041884 -0.280749 1 0.000000 0.300000 1.000000 0 0 0
-0.062228 0.041679 -0.281159 1 0.000000 0.300000 1.000000 0 0 0
-0.062225 0.041432 -0.281464 1 0.000000 0.300000 1.000000 0 0 0
-0.062038 0.042174 -0.280790 1 0.000000 0.300000 1.000000 0 0 0
-0.061989 0.041651 -0.281544 1 0.000000 0.300000 1.000000 0 0 0
-0.061701 0.042370 -0.280944 1 0.000000 0.300000 1.000000 0 0 0
-0.061821 0.042053 -0.281231 1 0.000000 0.300000 1.000000 0 0 0
-0.061367 0.042512 -0.281299 1 0.000000 0.300000 1.000000 0 0 0
-0.063933 0.040808 -0.280528 1 0.000000 0.300000 1.000000 0 0 0
-0.063413 0.041387 -0.280454 1 0.000000 0.300000 1.000000 0 0 0
-0.063819 0.041143 -0.280397 1 0.000000 0.300000 1.000000 0 0 0
-0.063587 0.041717 -0.280169 1 0.000000 0.300000 1.000000 0 0 0
-0.063134 0.041700 -0.280385 1 0.000000 0.300000 1.000000 0 0 0
-0.063956 0.041440 -0.280176 1 0.000000 0.300000 1.000000 0 0 0
-0.063157 0.041999 -0.280165 1 0.000000 0.300000 1.000000 0 0 0
-0.062747 0.041784 -0.280561 1 0.000000 0.300000 1.000000 0 0 0
-0.062860 0.042027 -0.280293 1 0.000000 0.300000 1.000000 0 0 0
-0.058360 0.025728 -0.279977 3 0.806452 1.000000 0.161290 0 0 0
-0.058776 0.025880 -0.280355 3 0.806452 1.000000 0.161290 0 0 0
-0.058872 0.025701 -0.279946 3 0.806452 1.000000 0.161290 0 0 0
-0.058091 0.025928 -0.280545 3 0.806452 1.000000 0.161290 0 0 0
-0.058000 0.025799 -0.280119 3 0.806452 1.000000 0.161290 0 0 0
-0.057601 0.025796 -0.280091 3 0.806452 1.000000 0.161290 0 0 0
-0.057494 0.025910 -0.280557 3 0.806452 1.000000 0.161290 0 0 0
-0.057167 0.025842 -0.280326 3 0.806452 1.000000 0.161290 0 0 0
-0.057061 0.025918 -0.280749 3 0.806452 1.000000 0.161290 0 0 0
-0.056648 0.025811 -0.280373 3 0.806452 1.000000 0.161290 0 0 0
-0.056584 0.025887 -0.280901 3 0.806452 1.000000 0.161290 0 0 0
-0.054898 0.025639 -0.280884 3 0.806452 1.000000 0.161290 0 0 0
-0.055558 0.025755 -0.281047 3 0.806452 1.000000 0.161290 0 0 0
-0.055498 0.025669 -0.280353 3 0.806452 1.000000 0.161290 0 0 0
-0.054726 0.025542 -0.280168 3 0.806452 1.000000 0.161290 0 0 0
-0.056097 0.025796 -0.280706 3 0.806452 1.000000 0.161290 0 0 0
-0.056103 0.025723 -0.280156 3 0.806452 1.000000 0.161290 0 0 0
-0.065801 0.033159 -0.279692 2 0.161290 1.000000 0.806452 0 0 0
-0.065707 0.033712 -0.280009 2 0.161290 1.000000 0.806452 0 0 0
-0.065959 0.033742 -0.279643 2 0.161290 1.000000 0.806452 0 0 0
-0.065614 0.033363 -0.280056 2 0.161290 1.000000 0.806452 0 0 0
-0.065895 0.034155 -0.279844 2 0.161290 1.000000 0.806452 0 0 0
-0.054006 0.025454 -0.280226 3 0.806452 1.000000 0.161290 0 0 0
-0.053941 0.025486 -0.280708 3 0.806452 1.000000 0.161290 0 0 0
-0.054344 0.025536 -0.280640 3 0.806452 1.000000 0.161290 0 0 0
-0.055335 0.025542 -0.279640 3 0.806452 1.000000 0.161290 0 0 0
-0.054288 0.025384 -0.279285 3 0.806452 1.000000 0.161290 0 0 0
-0.053267 0.025402 -0.280748 3 0.806452 1.000000 0.161290 0 0 0
-0.053490 0.025363 -0.279820 3 0.806452 1.000000 0.161290 0 0 0
-0.052724 0.025272 -0.279918 3 0.806452 1.000000 0.161290 0 0 0
-0.051859 0.025203 -0.280635 3 0.806452 1.000000 0.161290 0 0 0
-0.052067 0.025152 -0.279699 3 0.806452 1.000000 0.161290 0 0 0
-0.053575 0.025342 -0.279368 3 0.806452 1.000000 0.161290 0 0 0
-0.053124 0.025295 -0.279394 3 0.806452 1.000000 0.161290 0 0 0
-0.051313 0.025008 -0.279628 3 0.806452 1.000000 0.161290 0 0 0
-0.050578 0.024979 -0.280330 3 0.806452 1.000000 0.161290 0 0 0
-0.050702 0.024896 -0.279642 3 0.806452 1.000000 0.161290 0 0 0
-0.050176 0.024782 -0.279566 3 0.806452 1.000000 0.161290 0 0 0
-0.049554 0.024781 -0.280109 3 0.806452 1.000000 0.161290 0 0 0
-0.049674 0.024687 -0.279584 3 0.806452 1.000000 0.161290 0 0 0
-0.049405 0.024656 -0.279675 3 0.806452 1.000000 0.161290 0 0 0
-0.048974 0.024597 -0.279702 3 0.806452 1.000000 0.161290 0 0 0
-0.048491 0.024736 -0.280458 3 0.806452 1.000000 0.161290 0 0 0
-0.048461 0.024562 -0.279821 3 0.806452 1.000000 0.161290 0 0 0
-0.047042 0.024722 -0.280702 3 0.806452 1.000000 0.161290 0 0 0
-0.045973 0.024488 -0.279985 3 0.806452 1.000000 0.161290 0 0 0
-0.046168 0.024730 -0.280734 3 0.806452 1.000000 0.161290 0 0 0
-0.045624 0.024767 -0.280809 3 0.806452 1.000000 0.161290 0 0 0
-0.045087 0.024700 -0.280555 4 1.000000 0.407407 0.000000 0 0 0
-0.044730 0.024467 -0.279973 4 1.000000 0.407407 0.000000 0 0 0
-0.044845 0.024957 -0.281343 4 1.000000 0.407407 0.000000 0 0 0
-0.044200 0.024785 -0.280681 4 1.000000 0.407407 0.000000 0 0 0
-0.043150 0.024956 -0.280814 4 1.000000 0.407407 0.000000 0 0 0
-0.043685 0.025119 -0.281435 4 1.000000 0.407407 0.000000 0 0 0
-0.042809 0.025295 -0.281478 4 1.000000 0.407407 0.000000 0 0 0
-0.042063 0.025295 -0.281080 4 1.000000 0.407407 0.000000 0 0 0
-0.041405 0.025080 -0.280453 4 1.000000 0.407407 0.000000 0 0 0
-0.042623 0.040627 -0.279640 5 0.500000 0.000000 0.000000 0 0 0
-0.042211 0.040149 -0.279552 5 0.500000 0.000000 0.000000 0 0 0
-0.041147 0.039004 -0.279632 5 0.500000 0.000000 0.000000 0 0 0
-0.041759 0.039678 -0.279368 5 0.500000 0.000000 0.000000 0 0 0
-0.043120 0.041237 -0.279740 5 0.500000 0.000000 0.000000 0 0 0
-0.043599 0.041917 -0.279525 5 0.500000 0.000000 0.000000 0 0 0
-0.062388 0.043420 -0.279582 1 0.000000 0.300000 1.000000 0 0 0
-0.062632 0.042865 -0.279832 1 0.000000 0.300000 1.000000 0 0 0
-0.062195 0.043158 -0.279802 1 0.000000 0.300000 1.000000 0 0 0
-0.061917 0.043178 -0.279925 1 0.000000 0.300000 1.000000 0 0 0
-0.061960 0.043493 -0.279706 1 0.000000 0.300000 1.000000 0 0 0
-0.061572 0.043425 -0.279981 1 0.000000 0.300000 1.000000 0 0 0
-0.062131 0.043934 -0.279417 1 0.000000 0.300000 1.000000 0 0 0
-0.061637 0.043878 -0.279638 1 0.000000 0.300000 1.000000 0 0 0
-0.061294 0.044250 -0.279583 1 0.000000 0.300000 1.000000 0 0 0
-0.061236 0.043871 -0.279878 1 0.000000 0.300000 1.000000 0 0 0
-0.061708 0.044335 -0.279373 1 0.000000 0.300000 1.000000 0 0 0
-0.061341 0.044646 -0.279355 1 0.000000 0.300000 1.000000 0 0 0
-0.060990 0.044558 -0.279560 1 0.000000 0.300000 1.000000 0 0 0
-0.060927 0.044257 -0.279807 1 0.000000 0.300000 1.000000 0 0 0
-0.060803 0.044510 -0.279703 1 0.000000 0.300000 1.000000 0 0 0
-0.060983 0.044956 -0.279361 1 0.000000 0.300000 1.000000 0 0 0
-0.060813 0.045266 -0.279285 1 0.000000 0.300000 1.000000 0 0 0
-0.060649 0.045124 -0.279451 1 0.000000 0.300000 1.000000 0 0 0
-0.060666 0.044775 -0.279660 1 0.000000 0.300000 1.000000 0 0 0
-0.060272 0.045229 -0.279692 1 0.000000 0.300000 1.000000 0 0 0
-0.060560 0.045427 -0.279353 1 0.000000 0.300000 1.000000 0 0 0
-0.060275 0.045665 -0.279410 1 0.000000 0.300000 1.000000 0 0 0
-0.060045 0.045598 -0.279614 1 0.000000 0.300000 1.000000 0 0 0
-0.059997 0.045465 -0.279749 1 0.000000 0.300000 1.000000 0 0 0
-0.059771 0.045695 -0.279833 1 0.000000 0.300000 1.000000 0 0 0
-0.059960 0.045966 -0.279468 1 0.000000 0.300000 1.000000 0 0 0
-0.059748 0.046337 -0.279402 1 0.000000 0.300000 1.000000 0 0 0
-0.059610 0.046142 -0.279653 1 0.000000 0.300000 1.000000 0 0 0
-0.059514 0.046437 -0.279527 1 0.000000 0.300000 1.000000 0 0 0
-0.059296 0.046444 -0.279782 1 0.000000 0.300000 1.000000 0 0 0
-0.059389 0.046665 -0.279506 1 0.000000 0.300000 1.000000 0 0 0
-0.059203 0.046806 -0.279613 1 0.000000 0.300000 1.000000 0 0 0
-0.041396 0.023581 -0.278388 4 1.000000 0.407407 0.000000 0 0 0
-0.041106 0.023765 -0.278558 4 1.000000 0.407407 0.000000 0 0 0
-0.040735 0.023771 -0.278292 4 1.000000 0.407407 0.000000 0 0 0
-0.055989 0.025497 -0.279237 3 0.806452 1.000000 0.161290 0 0 0
-0.056328 0.025337 -0.278766 3 0.806452 1.000000 0.161290 0 0 0
-0.055859 0.025309 -0.278661 3 0.806452 1.000000 0.161290 0 0 0
-0.055288 0.025392 -0.278975 3 0.806452 1.000000 0.161290 0 0 0
-0.055406 0.025252 -0.278458 3 0.806452 1.000000 0.161290 0 0 0
-0.051895 0.025060 -0.279105 3 0.806452 1.000000 0.161290 0 0 0
-0.052574 0.025197 -0.279220 3 0.806452 1.000000 0.161290 0 0 0
-0.052335 0.025085 -0.278668 3 0.806452 1.000000 0.161290 0 0 0
-0.051753 0.024936 -0.278495 3 0.806452 1.000000 0.161290 0 0 0
-0.052936 0.025192 -0.278716 3 0.806452 1.000000 0.161290 0 0 0
-0.053433 0.025289 -0.278991 3 0.806452 1.000000 0.161290 0 0 0
-0.053351 0.025224 -0.278601 3 0.806452 1.000000 0.161290 0 0 0
-0.053006 0.025255 -0.279075 3 0.806452 1.000000 0.161290 0 0 0
-0.051369 0.024932 -0.278953 3 0.806452 1.000000 0.161290 0 0 0
-0.051162 0.024808 -0.278514 3 0.806452 1.000000 0.161290 0 0 0
-0.050746 0.024811 -0.279050 3 0.806452 1.000000 0.161290 0 0 0
-0.050716 0.024696 -0.278471 3 0.806452 1.000000 0.161290 0 0 0
-0.049585 0.024421 -0.278544 3 0.806452 1.000000 0.161290 0 0 0
-0.049703 0.024542 -0.278906 3 0.806452 1.000000 0.161290 0 0 0
-0.050034 0.024528 -0.278518 3 0.806452 1.000000 0.161290 0 0 0
-0.050407 0.024663 -0.278671 3 0.806452 1.000000 0.161290 0 0 0
-0.050147 0.024665 -0.278992 3 0.806452 1.000000 0.161290 0 0 0
-0.049821 0.024650 -0.279269 3 0.806452 1.000000 0.161290 0 0 0
-0.049230 0.024414 -0.278826 3 0.806452 1.000000 0.161290 0 0 0
-0.049401 0.024571 -0.279309 3 0.806452 1.000000 0.161290 0 0 0
-0.048976 0.024468 -0.279212 3 0.806452 1.000000 0.161290 0 0 0
-0.050272 0.024262 -0.277511 3 0.806452 1.000000 0.161290 0 0 0
-0.049882 0.024262 -0.277790 3 0.806452 1.000000 0.161290 0 0 0
-0.048490 0.023895 -0.277454 3 0.806452 1.000000 0.161290 0 0 0
-0.036385 0.027736 -0.277301 4 1.000000 0.407407 0.000000 0 0 0
-0.036486 0.028008 -0.277469 4 1.000000 0.407407 0.000000 0 0 0
-0.036465 0.028409 -0.277318 4 1.000000 0.407407 0.000000 0 0 0
-0.045068 0.045267 -0.276669 5 0.500000 0.000000 0.000000 0 0 0
-0.045139 0.045526 -0.276376 5 0.500000 0.000000 0.000000 0 0 0
-0.045625 0.046320 -0.276481 5 0.500000 0.000000 0.000000 0 0 0
-0.046243 0.047357 -0.276570 5 0.500000 0.000000 0.000000 0 0 0
-0.057675 0.023080 -0.275802 3 0.806452 1.000000 0.161290 0 0 0
-0.057595 0.023409 -0.276199 3 0.806452 1.000000 0.161290 0 0 0
-0.056960 0.023566 -0.276228 3 0.806452 1.000000 0.161290 0 0 0
-0.056600 0.023626 -0.276213 3 0.806452 1.000000 0.161290 0 0 0
-0.056279 0.023794 -0.276346 3 0.806452 1.000000 0.161290 0 0 0
-0.055816 0.023668 -0.276109 3 0.806452 1.000000 0.161290 0 0 0
-0.055260 0.023617 -0.275968 3 0.806452 1.000000 0.161290 0 0 0
-0.055724 0.023979 -0.276455 3 0.806452 1.000000 0.161290 0 0 0
-0.055366 0.023868 -0.276268 3 0.806452 1.000000 0.161290 0 0 0
-0.054684 0.023609 -0.275894 3 0.806452 1.000000 0.161290 0 0 0
-0.054160 0.023582 -0.275822 3 0.806452 1.000000 0.161290 0 0 0
-0.054808 0.023923 -0.276265 3 0.806452 1.000000 0.161290 0 0 0
-0.054234 0.023846 -0.276130 3 0.806452 1.000000 0.161290 0 0 0
-0.053612 0.023545 -0.275748 3 0.806452 1.000000 0.161290 0 0 0
-0.052990 0.023604 -0.275799 3 0.806452 1.000000 0.161290 0 0 0
-0.053804 0.023771 -0.276020 3 0.806452 1.000000 0.161290 0 0 0
-0.053305 0.023833 -0.276081 3 0.806452 1.000000 0.161290 0 0 0
-0.052420 0.023596 -0.275784 3 0.806452 1.000000 0.161290 0 0 0
-0.052057 0.023577 -0.275766 3 0.806452 1.000000 0.161290 0 0 0
-0.052620 0.023888 -0.276159 3 0.806452 1.000000 0.161290 0 0 0
-0.052039 0.023761 -0.276029 3 0.806452 1.000000 0.161290 0 0 0
-0.051691 0.023585 -0.275802 3 0.806452 1.000000 0.161290 0 0 0
-0.051127 0.023602 -0.275886 3 0.806452 1.000000 0.161290 0 0 0
-0.051462 0.023861 -0.276254 3 0.806452 1.000000 0.161290 0 0 0
-0.050892 0.023797 -0.276272 3 0.806452 1.000000 0.161290 0 0 0
-0.050564 0.023612 -0.275997 3 0.806452 1.000000 0.161290 0 0 0
-0.049986 0.023622 -0.276139 3 0.806452 1.000000 0.161290 0 0 0
-0.049540 0.023556 -0.276059 3 0.806452 1.000000 0.161290 0 0 0
-0.049244 0.023579 -0.276172 3 0.806452 1.000000 0.161290 0 0 0
-0.048949 0.023547 -0.276119 3 0.806452 1.000000 0.161290 0 0 0
-0.048516 0.023591 -0.276335 3 0.806452 1.000000 0.161290 0 0 0
-0.047852 0.023512 -0.276172 3 0.806452 1.000000 0.161290 0 0 0
-0.047340 0.023459 -0.276105 3 0.806452 1.000000 0.161290 0 0 0
-0.044988 0.023067 -0.275889 4 1.000000 0.407407 0.000000 0 0 0
-0.046754 0.023352 -0.275932 3 0.806452 1.000000 0.161290 0 0 0
-0.046506 0.023382 -0.276078 3 0.806452 1.000000 0.161290 0 0 0
-0.046907 0.023462 -0.276205 3 0.806452 1.000000 0.161290 0 0 0
-0.046545 0.023495 -0.276394 3 0.806452 1.000000 0.161290 0 0 0
-0.046178 0.023419 -0.276313 3 0.806452 1.000000 0.161290 0 0 0
-0.045691 0.023293 -0.276185 3 0.806452 1.000000 0.161290 0 0 0
-0.045077 0.023214 -0.276264 4 1.000000 0.407407 0.000000 0 0 0
-0.041647 0.022467 -0.275441 4 1.000000 0.407407 0.000000 0 0 0
-0.044606 0.023023 -0.275934 4 1.000000 0.407407 0.000000 0 0 0
-0.044083 0.022996 -0.276099 4 1.000000 0.407407 0.000000 0 0 0
-0.044460 0.023185 -0.276497 4 1.000000 0.407407 0.000000 0 0 0
-0.043973 0.023096 -0.276488 4 1.000000 0.407407 0.000000 0 0 0
-0.043527 0.022940 -0.276251 4 1.000000 0.407407 0.000000 0 0 0
-0.042415 0.022625 -0.275917 4 1.000000 0.407407 0.000000 0 0 0
-0.037840 0.032450 -0.275945 5 0.500000 0.000000 0.000000 0 0 0
-0.037727 0.032795 -0.275087 5 0.500000 0.000000 0.000000 0 0 0
-0.038065 0.033407 -0.275622 5 0.500000 0.000000 0.000000 0 0 0
-0.037378 0.032084 -0.274989 5 0.500000 0.000000 0.000000 0 0 0
-0.038107 0.034122 -0.275072 5 0.500000 0.000000 0.000000 0 0 0
-0.038305 0.035080 -0.275144 5 0.500000 0.000000 0.000000 0 0 0
-0.038417 0.035731 -0.275145 5 0.500000 0.000000 0.000000 0 0 0
-0.038484 0.035905 -0.275460 5 0.500000 0.000000 0.000000 0 0 0
-0.039035 0.037114 -0.275160 5 0.500000 0.000000 0.000000 0 0 0
-0.039257 0.037597 -0.274872 5 0.500000 0.000000 0.000000 0 0 0
-0.038636 0.036394 -0.274914 5 0.500000 0.000000 0.000000 0 0 0
-0.040072 0.038515 -0.275465 5 0.500000 0.000000 0.000000 0 0 0
-0.039667 0.038178 -0.274860 5 0.500000 0.000000 0.000000 0 0 0
-0.040040 0.038697 -0.274819 5 0.500000 0.000000 0.000000 0 0 0
-0.040521 0.039270 -0.274829 5 0.500000 0.000000 0.000000 0 0 0
-0.041039 0.039683 -0.275473 5 0.500000 0.000000 0.000000 0 0 0
-0.041015 0.039865 -0.274814 5 0.500000 0.000000 0.000000 0 0 0
-0.055799 0.022538 -0.274735 3 0.806452 1.000000 0.161290 0 0 0
-0.056280 0.022460 -0.274727 3 0.806452 1.000000 0.161290 0 0 0
-0.055515 0.022464 -0.274595 3 0.806452 1.000000 0.161290 0 0 0
-0.051203 0.023029 -0.274888 3 0.806452 1.000000 0.161290 0 0 0
-0.050791 0.023074 -0.274943 3 0.806452 1.000000 0.161290 0 0 0
-0.050407 0.023026 -0.274840 3 0.806452 1.000000 0.161290 0 0 0
-0.050083 0.022955 -0.274686 3 0.806452 1.000000 0.161290 0 0 0
-0.048492 0.022902 -0.274657 3 0.806452 1.000000 0.161290 0 0 0
-0.048162 0.022879 -0.274689 3 0.806452 1.000000 0.161290 0 0 0
-0.047776 0.022946 -0.274900 3 0.806452 1.000000 0.161290 0 0 0
-0.046662 0.022532 -0.274595 3 0.806452 1.000000 0.161290 0 0 0
-0.046131 0.022557 -0.274755 3 0.806452 1.000000 0.161290 0 0 0
-0.045614 0.022604 -0.274925 3 0.806452 1.000000 0.161290 0 0 0
-0.045147 0.022665 -0.275101 3 0.806452 1.000000 0.161290 0 0 0
-0.041422 0.022388 -0.274905 4 1.000000 0.407407 0.000000 0 0 0
-0.041956 0.022217 -0.274723 4 1.000000 0.407407 0.000000 0 0 0
-0.041855 0.022110 -0.274262 4 1.000000 0.407407 0.000000 0 0 0
-0.040779 0.022474 -0.274398 4 1.000000 0.407407 0.000000 0 0 0
-0.041289 0.022201 -0.274015 4 1.000000 0.407407 0.000000 0 0 0
-0.041663 0.022053 -0.273919 4 1.000000 0.407407 0.000000 0 0 0
-0.040421 0.022805 -0.275196 4 1.000000 0.407407 0.000000 0 0 0
-0.040177 0.022669 -0.274220 4 1.000000 0.407407 0.000000 0 0 0
-0.039580 0.023016 -0.274604 4 1.000000 0.407407 0.000000 0 0 0
-0.039661 0.022815 -0.273872 4 1.000000 0.407407 0.000000 0 0 0
-0.038948 0.023147 -0.273873 4 1.000000 0.407407 0.000000 0 0 0
-0.038947 0.023319 -0.274747 4 1.000000 0.407407 0.000000 0 0 0
-0.038654 0.023371 -0.274376 4 1.000000 0.407407 0.000000 0 0 0
-0.038275 0.023536 -0.274149 4 1.000000 0.407407 0.000000 0 0 0
-0.038467 0.023531 -0.274726 4 1.000000 0.407407 0.000000 0 0 0
-0.037965 0.023804 -0.274703 4 1.000000 0.407407 0.000000 0 0 0
-0.037562 0.023976 -0.274089 4 1.000000 0.407407 0.000000 0 0 0
-0.037527 0.024092 -0.274780 4 1.000000 0.407407 0.000000 0 0 0
-0.037149 0.024368 -0.274639 4 1.000000 0.407407 0.000000 0 0 0
-0.037273 0.024339 -0.275168 4 1.000000 0.407407 0.000000 0 0 0
-0.054195 0.021578 -0.273235 3 0.806452 1.000000 0.161290 0 0 0
-0.054653 0.021798 -0.273617 3 0.806452 1.000000 0.161290 0 0 0
-0.054737 0.021494 -0.273266 3 0.806452 1.000000 0.161290 0 0 0
-0.054123 0.021897 -0.273629 3 0.806452 1.000000 0.161290 0 0 0
-0.055234 0.021841 -0.273791 3 0.806452 1.000000 0.161290 0 0 0
-0.053655 0.021877 -0.273502 3 0.806452 1.000000 0.161290 0 0 0
-0.053606 0.021596 -0.273109 3 0.806452 1.000000 0.161290 0 0 0
-0.053172 0.021833 -0.273329 3 0.806452 1.000000 0.161290 0 0 0
-0.052844 0.021977 -0.273458 3 0.806452 1.000000 0.161290 0 0 0
-0.052441 0.022069 -0.273509 3 0.806452 1.000000 0.161290 0 0 0
-0.051962 0.022060 -0.273396 3 0.806452 1.000000 0.161290 0 0 0
-0.051444 0.022171 -0.273483 3 0.806452 1.000000 0.161290 0 0 0
-0.050880 0.022450 -0.273860 3 0.806452 1.000000 0.161290 0 0 0
-0.050762 0.022124 -0.273310 3 0.806452 1.000000 0.161290 0 0 0
-0.050254 0.022394 -0.273715 3 0.806452 1.000000 0.161290 0 0 0
-0.050129 0.022136 -0.273277 3 0.806452 1.000000 0.161290 0 0 0
-0.049612 0.022334 -0.273610 3 0.806452 1.000000 0.161290 0 0 0
-0.049655 0.022044 -0.273130 3 0.806452 1.000000 0.161290 0 0 0
-0.047399 0.021748 -0.273215 3 0.806452 1.000000 0.161290 0 0 0
-0.047277 0.021927 -0.273530 3 0.806452 1.000000 0.161290 0 0 0
-0.047761 0.021977 -0.273434 3 0.806452 1.000000 0.161290 0 0 0
-0.046800 0.021671 -0.273303 3 0.806452 1.000000 0.161290 0 0 0
-0.046295 0.021580 -0.273327 3 0.806452 1.000000 0.161290 0 0 0
-0.046038 0.021433 -0.273151 3 0.806452 1.000000 0.161290 0 0 0
-0.046399 0.021463 -0.273109 3 0.806452 1.000000 0.161290 0 0 0
-0.046257 0.021265 -0.272810 3 0.806452 1.000000 0.161290 0 0 0
-0.045682 0.021243 -0.272883 3 0.806452 1.000000 0.161290 0 0 0
-0.045595 0.021497 -0.273331 3 0.806452 1.000000 0.161290 0 0 0
-0.045209 0.021326 -0.273085 3 0.806452 1.000000 0.161290 0 0 0
-0.045250 0.021155 -0.272772 3 0.806452 1.000000 0.161290 0 0 0
-0.045994 0.021591 -0.273418 3 0.806452 1.000000 0.161290 0 0 0
-0.049720 0.021862 -0.272830 3 0.806452 1.000000 0.161290 0 0 0
-0.049308 0.021836 -0.272836 3 0.806452 1.000000 0.161290 0 0 0
-0.049105 0.022132 -0.273327 3 0.806452 1.000000 0.161290 0 0 0
-0.049002 0.021940 -0.273035 3 0.806452 1.000000 0.161290 0 0 0
-0.048714 0.021957 -0.273124 3 0.806452 1.000000 0.161290 0 0 0
-0.048560 0.022159 -0.273472 3 0.806452 1.000000 0.161290 0 0 0
-0.048256 0.021936 -0.273214 3 0.806452 1.000000 0.161290 0 0 0
-0.048158 0.022146 -0.273559 3 0.806452 1.000000 0.161290 0 0 0
-0.044791 0.021208 -0.272866 4 1.000000 0.407407 0.000000 0 0 0
-0.044851 0.021391 -0.273219 3 0.806452 1.000000 0.161290 0 0 0
-0.044403 0.021450 -0.273294 4 1.000000 0.407407 0.000000 0 0 0
-0.044201 0.021208 -0.272789 4 1.000000 0.407407 0.000000 0 0 0
-0.043850 0.021393 -0.273115 4 1.000000 0.407407 0.000000 0 0 0
-0.043877 0.021566 -0.273471 4 1.000000 0.407407 0.000000 0 0 0
-0.043648 0.021235 -0.272704 4 1.000000 0.407407 0.000000 0 0 0
-0.043438 0.021411 -0.273047 4 1.000000 0.407407 0.000000 0 0 0
-0.043118 0.021349 -0.272756 4 1.000000 0.407407 0.000000 0 0 0
-0.043533 0.021537 -0.273352 4 1.000000 0.407407 0.000000 0 0 0
-0.043037 0.021580 -0.273280 4 1.000000 0.407407 0.000000 0 0 0
-0.042657 0.021503 -0.272908 4 1.000000 0.407407 0.000000 0 0 0
-0.042252 0.021744 -0.273320 4 1.000000 0.407407 0.000000 0 0 0
-0.042262 0.021546 -0.272753 4 1.000000 0.407407 0.000000 0 0 0
-0.041756 0.021698 -0.272738 4 1.000000 0.407407 0.000000 0 0 0
-0.041630 0.021881 -0.273223 4 1.000000 0.407407 0.000000 0 0 0
-0.041848 0.021884 -0.273487 4 1.000000 0.407407 0.000000 0 0 0
-0.041208 0.021918 -0.272810 4 1.000000 0.407407 0.000000 0 0 0
-0.041268 0.021752 -0.272331 4 1.000000 0.407407 0.000000 0 0 0
-0.040955 0.021936 -0.272513 4 1.000000 0.407407 0.000000 0 0 0
-0.041582 0.021999 -0.273627 4 1.000000 0.407407 0.000000 0 0 0
-0.041134 0.022086 -0.273338 4 1.000000 0.407407 0.000000 0 0 0
-0.040509 0.022184 -0.272700 4 1.000000 0.407407 0.000000 0 0 0
-0.040586 0.022373 -0.273647 4 1.000000 0.407407 0.000000 0 0 0
-0.040174 0.022455 -0.273252 4 1.000000 0.407407 0.000000 0 0 0
-0.040034 0.022594 -0.273608 4 1.000000 0.407407 0.000000 0 0 0
-0.052333 0.020395 -0.271290 3 0.806452 1.000000 0.161290 0 0 0
-0.052275 0.020710 -0.271621 3 0.806452 1.000000 0.161290 0 0 0
-0.052856 0.020581 -0.271661 3 0.806452 1.000000 0.161290 0 0 0
-0.051830 0.020653 -0.271428 3 0.806452 1.000000 0.161290 0 0 0
-0.051949 0.020344 -0.271107 3 0.806452 1.000000 0.161290 0 0 0
-0.052395 0.020914 -0.271902 3 0.806452 1.000000 0.161290 0 0 0
-0.051557 0.020436 -0.271098 3 0.806452 1.000000 0.161290 0 0 0
-0.051292 0.020705 -0.271354 3 0.806452 1.000000 0.161290 0 0 0
-0.051106 0.020495 -0.271064 3 0.806452 1.000000 0.161290 0 0 0
-0.050980 0.020699 -0.271281 3 0.806452 1.000000 0.161290 0 0 0
-0.050688 0.020626 -0.271154 3 0.806452 1.000000 0.161290 0 0 0
-0.050269 0.020819 -0.271360 3 0.806452 1.000000 0.161290 0 0 0
-0.049746 0.020728 -0.271226 3 0.806452 1.000000 0.161290 0 0 0
-0.048960 0.020562 -0.271041 3 0.806452 1.000000 0.161290 0 0 0
-0.049035 0.020709 -0.271229 3 0.806452 1.000000 0.161290 0 0 0
-0.049293 0.020624 -0.271096 3 0.806452 1.000000 0.161290 0 0 0
-0.048674 0.020702 -0.271285 3 0.806452 1.000000 0.161290 0 0 0
-0.048659 0.020408 -0.270887 3 0.806452 1.000000 0.161290 0 0 0
-0.048050 0.020454 -0.271067 3 0.806452 1.000000 0.161290 0 0 0
-0.048194 0.020805 -0.271533 3 0.806452 1.000000 0.161290 0 0 0
-0.047355 0.020443 -0.271194 3 0.806452 1.000000 0.161290 0 0 0
-0.046043 0.020177 -0.270975 3 0.806452 1.000000 0.161290 0 0 0
-0.046190 0.020321 -0.271200 3 0.806452 1.000000 0.161290 0 0 0
-0.046566 0.020253 -0.271046 3 0.806452 1.000000 0.161290 0 0 0
-0.046979 0.020355 -0.271135 3 0.806452 1.000000 0.161290 0 0 0
-0.045852 0.020353 -0.271273 3 0.806452 1.000000 0.161290 0 0 0
-0.045578 0.020171 -0.270964 3 0.806452 1.000000 0.161290 0 0 0
-0.040282 0.039597 -0.271134 5 0.500000 0.000000 0.000000 0 0 0
-0.040033 0.039271 -0.271086 5 0.500000 0.000000 0.000000 0 0 0
-0.051784 0.020175 -0.270875 3 0.806452 1.000000 0.161290 0 0 0
-0.051364 0.020185 -0.270777 3 0.806452 1.000000 0.161290 0 0 0
-0.050743 0.020262 -0.270735 3 0.806452 1.000000 0.161290 0 0 0
-0.050401 0.020131 -0.270527 3 0.806452 1.000000 0.161290 0 0 0
-0.050677 0.019983 -0.270405 3 0.806452 1.000000 0.161290 0 0 0
-0.050324 0.020281 -0.270690 3 0.806452 1.000000 0.161290 0 0 0
-0.049958 0.020204 -0.270575 3 0.806452 1.000000 0.161290 0 0 0
-0.050196 0.020491 -0.270940 3 0.806452 1.000000 0.161290 0 0 0
-0.049650 0.020453 -0.270867 3 0.806452 1.000000 0.161290 0 0 0
-0.049568 0.020292 -0.270662 3 0.806452 1.000000 0.161290 0 0 0
-0.049159 0.020326 -0.270725 3 0.806452 1.000000 0.161290 0 0 0
-0.048758 0.020248 -0.270663 3 0.806452 1.000000 0.161290 0 0 0
-0.047806 0.019934 -0.270415 3 0.806452 1.000000 0.161290 0 0 0
-0.047953 0.020179 -0.270707 3 0.806452 1.000000 0.161290 0 0 0
-0.048380 0.020113 -0.270557 3 0.806452 1.000000 0.161290 0 0 0
-0.047588 0.020197 -0.270796 3 0.806452 1.000000 0.161290 0 0 0
-0.047282 0.019956 -0.270516 3 0.806452 1.000000 0.161290 0 0 0
-0.047090 0.020197 -0.270882 3 0.806452 1.000000 0.161290 0 0 0
-0.046773 0.019971 -0.270600 3 0.806452 1.000000 0.161290 0 0 0
-0.046254 0.019978 -0.270652 3 0.806452 1.000000 0.161290 0 0 0
-0.045821 0.020004 -0.270700 3 0.806452 1.000000 0.161290 0 0 0
-0.045375 0.019959 -0.270590 3 0.806452 1.000000 0.161290 0 0 0
-0.040013 0.039321 -0.270716 5 0.500000 0.000000 0.000000 0 0 0
-0.040262 0.039725 -0.270483 5 0.500000 0.000000 0.000000 0 0 0
-0.040509 0.039954 -0.270868 5 0.500000 0.000000 0.000000 0 0 0
-0.039684 0.040563 -0.268079 5 0.500000 0.000000 0.000000 0 0 0
-0.039372 0.040241 -0.267799 5 0.500000 0.000000 0.000000 0 0 0
-0.039499 0.040714 -0.267728 5 0.500000 0.000000 0.000000 0 0 0
-0.039769 0.041106 -0.267917 5 0.500000 0.000000 0.000000 0 0 0
-0.039443 0.041085 -0.267496 5 0.500000 0.000000 0.000000 0 0 0
-0.039205 0.040571 -0.267396 5 0.500000 0.000000 0.000000 0 0 0
-0.039682 0.041635 -0.267602 5 0.500000 0.000000 0.000000 0 0 0
-0.034863 0.024762 -0.267748 4 1.000000 0.407407 0.000000 0 0 0
-0.034749 0.024695 -0.267271 4 1.000000 0.407407 0.000000 0 0 0
-0.034722 0.024575 -0.267004 4 1.000000 0.407407 0.000000 0 0 0
-0.038261 0.038596 -0.267136 5 0.500000 0.000000 0.000000 0 0 0
-0.038239 0.038883 -0.266904 5 0.500000 0.000000 0.000000 0 0 0
-0.038211 0.039218 -0.266669 5 0.500000 0.000000 0.000000 0 0 0
-0.038953 0.040216 -0.267212 5 0.500000 0.000000 0.000000 0 0 0
-0.038288 0.039670 -0.266574 5 0.500000 0.000000 0.000000 0 0 0
-0.038654 0.040027 -0.266905 5 0.500000 0.000000 0.000000 0 0 0
-0.037570 0.037636 -0.266801 5 0.500000 0.000000 0.000000 0 0 0
-0.038889 0.040588 -0.266984 5 0.500000 0.000000 0.000000 0 0 0
-0.037933 0.019629 -0.264986 4 1.000000 0.407407 0.000000 0 0 0
-0.037231 0.020338 -0.265069 4 1.000000 0.407407 0.000000 0 0 0
-0.036701 0.020968 -0.265144 4 1.000000 0.407407 0.000000 0 0 0
-0.035929 0.021874 -0.265190 4 1.000000 0.407407 0.000000 0 0 0
-0.035323 0.022464 -0.265071 4 1.000000 0.407407 0.000000 0 0 0
-0.034920 0.022933 -0.265078 4 1.000000 0.407407 0.000000 0 0 0
-0.032723 0.030556 -0.264831 5 0.500000 0.000000 0.000000 0 0 0
-0.032703 0.030951 -0.264678 5 0.500000 0.000000 0.000000 0 0 0
-0.032704 0.031461 -0.264536 5 0.500000 0.000000 0.000000 0 0 0
-0.037256 0.019531 -0.264312 4 1.000000 0.407407 0.000000 0 0 0
-0.037626 0.019122 -0.264231 4 1.000000 0.407407 0.000000 0 0 0
-0.037174 0.019263 -0.263996 4 1.000000 0.407407 0.000000 0 0 0
-0.036777 0.019641 -0.264000 4 1.000000 0.407407 0.000000 0 0 0
-0.052467 0.037090 -0.295519 1 0.000000 0.300000 1.000000 0 0 0
-0.051915 0.037324 -0.295450 1 0.000000 0.300000 1.000000 0 0 0
-0.052369 0.037649 -0.295490 1 0.000000 0.300000 1.000000 0 0 0
-0.051914 0.037960 -0.295394 1 0.000000 0.300000 1.000000 0 0 0
-0.051330 0.036123 -0.295381 1 0.000000 0.300000 1.000000 0 0 0
-0.050952 0.035673 -0.295303 1 0.000000 0.300000 1.000000 0 0 0
-0.050947 0.036042 -0.295313 1 0.000000 0.300000 1.000000 0 0 0
-0.051312 0.036613 -0.295383 1 0.000000 0.300000 1.000000 0 0 0
-0.050850 0.036417 -0.295277 1 0.000000 0.300000 1.000000 0 0 0
-0.051093 0.036834 -0.295331 1 0.000000 0.300000 1.000000 0 0 0
-0.050678 0.035950 -0.295240 1 0.000000 0.300000 1.000000 0 0 0
-0.051446 0.037032 -0.295391 1 0.000000 0.300000 1.000000 0 0 0
-0.051064 0.037210 -0.295289 1 0.000000 0.300000 1.000000 0 0 0
-0.051444 0.037551 -0.295342 1 0.000000 0.300000 1.000000 0 0 0
-0.050967 0.037697 -0.295188 1 0.000000 0.300000 1.000000 0 0 0
-0.055022 0.038428 -0.295345 1 0.000000 0.300000 1.000000 0 0 0
-0.055475 0.038275 -0.295201 1 0.000000 0.300000 1.000000 0 0 0
-0.054925 0.038894 -0.295338 1 0.000000 0.300000 1.000000 0 0 0
-0.055353 0.038821 -0.295197 1 0.000000 0.300000 1.000000 0 0 0
-0.054632 0.038612 -0.295429 1 0.000000 0.300000 1.000000 0 0 0
-0.054198 0.038400 -0.295492 1 0.000000 0.300000 1.000000 0 0 0
-0.054653 0.038934 -0.295401 1 0.000000 0.300000 1.000000 0 0 0
-0.054337 0.038925 -0.295431 1 0.000000 0.300000 1.000000 0 0 0
-0.055154 0.039261 -0.295214 1 0.000000 0.300000 1.000000 0 0 0
-0.055034 0.039658 -0.295172 1 0.000000 0.300000 1.000000 0 0 0
-0.054692 0.039302 -0.295322 1 0.000000 0.300000 1.000000 0 0 0
-0.054083 0.039498 -0.295350 1 0.000000 0.300000 1.000000 0 0 0
-0.054608 0.039926 -0.295204 1 0.000000 0.300000 1.000000 0 0 0
-0.055028 0.040047 -0.295070 1 0.000000 0.300000 1.000000 0 0 0
-0.054130 0.040121 -0.295235 1 0.000000 0.300000 1.000000 0 0 0
-0.054832 0.040319 -0.295045 1 0.000000 0.300000 1.000000 0 0 0
-0.054418 0.040496 -0.295084 1 0.000000 0.300000 1.000000 0 0 0
-0.054124 0.040402 -0.295181 1 0.000000 0.300000 1.000000 0 0 0
-0.054069 0.040576 -0.295126 1 0.000000 0.300000 1.000000 0 0 0
-0.053766 0.038209 -0.295530 1 0.000000 0.300000 1.000000 0 0 0
-0.053269 0.038258 -0.295516 1 0.000000 0.300000 1.000000 0 0 0
-0.053727 0.038794 -0.295467 1 0.000000 0.300000 1.000000 0 0 0
-0.053015 0.038849 -0.295431 1 0.000000 0.300000 1.000000 0 0 0
-0.052566 0.038254 -0.295457 1 0.000000 0.300000 1.000000 0 0 0
-0.052046 0.038505 -0.295357 1 0.000000 0.300000 1.000000 0 0 0
-0.052361 0.038940 -0.295344 1 0.000000 0.300000 1.000000 0 0 0
-0.052011 0.038806 -0.295307 1 0.000000 0.300000 1.000000 0 0 0
-0.053395 0.039414 -0.295367 1 0.000000 0.300000 1.000000 0 0 0
-0.052751 0.039422 -0.295315 1 0.000000 0.300000 1.000000 0 0 0
-0.053660 0.039979 -0.295270 1 0.000000 0.300000 1.000000 0 0 0
-0.053110 0.039923 -0.295247 1 0.000000 0.300000 1.000000 0 0 0
-0.052407 0.039311 -0.295295 1 0.000000 0.300000 1.000000 0 0 0
-0.051903 0.039064 -0.295219 1 0.000000 0.300000 1.000000 0 0 0
-0.052168 0.039298 -0.295241 1 0.000000 0.300000 1.000000 0 0 0
-0.052335 0.039577 -0.295214 1 0.000000 0.300000 1.000000 0 0 0
-0.052614 0.039916 -0.295181 1 0.000000 0.300000 1.000000 0 0 0
-0.051370 0.038076 -0.295248 1 0.000000 0.300000 1.000000 0 0 0
-0.051689 0.038354 -0.295300 1 0.000000 0.300000 1.000000 0 0 0
-0.051726 0.038714 -0.295246 1 0.000000 0.300000 1.000000 0 0 0
-0.053862 0.040385 -0.295189 1 0.000000 0.300000 1.000000 0 0 0
-0.052861 0.040272 -0.295123 1 0.000000 0.300000 1.000000 0 0 0
-0.053357 0.040499 -0.295107 1 0.000000 0.300000 1.000000 0 0 0
-0.053811 0.040686 -0.295083 1 0.000000 0.300000 1.000000 0 0 0
-0.056056 0.039967 -0.294602 1 0.000000 0.300000 1.000000 0 0 0
-0.055698 0.040172 -0.294736 1 0.000000 0.300000 1.000000 0 0 0
-0.055979 0.040365 -0.294507 1 0.000000 0.300000 1.000000 0 0 0
-0.055771 0.039752 -0.294832 1 0.000000 0.300000 1.000000 0 0 0
-0.055386 0.039855 -0.294988 1 0.000000 0.300000 1.000000 0 0 0
-0.055247 0.040445 -0.294843 1 0.000000 0.300000 1.000000 0 0 0
-0.055707 0.040610 -0.294556 1 0.000000 0.300000 1.000000 0 0 0
-0.055412 0.040974 -0.294533 1 0.000000 0.300000 1.000000 0 0 0
-0.055024 0.040883 -0.294753 1 0.000000 0.300000 1.000000 0 0 0
-0.054829 0.040646 -0.294925 1 0.000000 0.300000 1.000000 0 0 0
-0.054596 0.041045 -0.294805 1 0.000000 0.300000 1.000000 0 0 0
-0.054112 0.040869 -0.294981 1 0.000000 0.300000 1.000000 0 0 0
-0.055001 0.041261 -0.294570 1 0.000000 0.300000 1.000000 0 0 0
-0.054729 0.041341 -0.294631 1 0.000000 0.300000 1.000000 0 0 0
-0.054496 0.041490 -0.294590 1 0.000000 0.300000 1.000000 0 0 0
-0.054110 0.041301 -0.294758 1 0.000000 0.300000 1.000000 0 0 0
-0.054066 0.041785 -0.294471 1 0.000000 0.300000 1.000000 0 0 0
-0.051822 0.039587 -0.295062 1 0.000000 0.300000 1.000000 0 0 0
-0.052228 0.039913 -0.295098 1 0.000000 0.300000 1.000000 0 0 0
-0.051979 0.040100 -0.294970 1 0.000000 0.300000 1.000000 0 0 0
-0.051385 0.038512 -0.295178 1 0.000000 0.300000 1.000000 0 0 0
-0.050822 0.038377 -0.295004 1 0.000000 0.300000 1.000000 0 0 0
-0.050470 0.037711 -0.295016 1 0.000000 0.300000 1.000000 0 0 0
-0.051317 0.039037 -0.295030 1 0.000000 0.300000 1.000000 0 0 0
-0.050876 0.038874 -0.294910 1 0.000000 0.300000 1.000000 0 0 0
-0.050061 0.037660 -0.294872 1 0.000000 0.300000 1.000000 0 0 0
-0.050223 0.038066 -0.294852 1 0.000000 0.300000 1.000000 0 0 0
-0.049873 0.037866 -0.294755 1 0.000000 0.300000 1.000000 0 0 0
-0.049867 0.038234 -0.294663 1 0.000000 0.300000 1.000000 0 0 0
-0.050249 0.038535 -0.294745 1 0.000000 0.300000 1.000000 0 0 0
-0.050548 0.038877 -0.294774 1 0.000000 0.300000 1.000000 0 0 0
-0.051405 0.039482 -0.294947 1 0.000000 0.300000 1.000000 0 0 0
-0.050818 0.039201 -0.294794 1 0.000000 0.300000 1.000000 0 0 0
-0.051096 0.039508 -0.294816 1 0.000000 0.300000 1.000000 0 0 0
-0.051381 0.039791 -0.294844 1 0.000000 0.300000 1.000000 0 0 0
-0.051668 0.039997 -0.294894 1 0.000000 0.300000 1.000000 0 0 0
-0.052831 0.040625 -0.295000 1 0.000000 0.300000 1.000000 0 0 0
-0.053638 0.041054 -0.294905 1 0.000000 0.300000 1.000000 0 0 0
-0.053055 0.041005 -0.294881 1 0.000000 0.300000 1.000000 0 0 0
-0.052379 0.040362 -0.294993 1 0.000000 0.300000 1.000000 0 0 0
-0.052024 0.040378 -0.294895 1 0.000000 0.300000 1.000000 0 0 0
-0.052491 0.040941 -0.294807 1 0.000000 0.300000 1.000000 0 0 0
-0.051989 0.040694 -0.294761 1 0.000000 0.300000 1.000000 0 0 0
-0.052112 0.041112 -0.294640 1 0.000000 0.300000 1.000000 0 0 0
-0.053717 0.041501 -0.294680 1 0.000000 0.300000 1.000000 0 0 0
-0.053272 0.041440 -0.294704 1 0.000000 0.300000 1.000000 0 0 0
-0.053469 0.041865 -0.294471 1 0.000000 0.300000 1.000000 0 0 0
-0.053001 0.041733 -0.294526 1 0.000000 0.300000 1.000000 0 0 0
-0.052334 0.041313 -0.294620 1 0.000000 0.300000 1.000000 0 0 0
-0.052725 0.041407 -0.294655 1 0.000000 0.300000 1.000000 0 0 0
-0.051742 0.040333 -0.294810 1 0.000000 0.300000 1.000000 0 0 0
-0.049863 0.034066 -0.294896 1 0.000000 0.300000 1.000000 0 0 0
-0.049934 0.033622 -0.294854 2 0.161290 1.000000 0.806452 0 0 0
-0.049440 0.034166 -0.294786 1 0.000000 0.300000 1.000000 0 0 0
-0.049734 0.034531 -0.294902 1 0.000000 0.300000 1.000000 0 0 0
-0.049426 0.034512 -0.294808 1 0.000000 0.300000 1.000000 0 0 0
-0.049419 0.034953 -0.294814 1 0.000000 0.300000 1.000000 0 0 0
-0.050018 0.035002 -0.295014 1 0.000000 0.300000 1.000000 0 0 0
-0.049853 0.035536 -0.294971 1 0.000000 0.300000 1.000000 0 0 0
-0.049367 0.035615 -0.294795 1 0.000000 0.300000 1.000000 0 0 0
-0.049672 0.036031 -0.294898 1 0.000000 0.300000 1.000000 0 0 0
-0.049349 0.035973 -0.294780 1 0.000000 0.300000 1.000000 0 0 0
-0.049380 0.036322 -0.294765 1 0.000000 0.300000 1.000000 0 0 0
-0.049859 0.036617 -0.294927 1 0.000000 0.300000 1.000000 0 0 0
-0.049438 0.036847 -0.294733 1 0.000000 0.300000 1.000000 0 0 0
-0.049758 0.037030 -0.294847 1 0.000000 0.300000 1.000000 0 0 0
-0.049625 0.037434 -0.294725 1 0.000000 0.300000 1.000000 0 0 0
-0.049592 0.037918 -0.294616 1 0.000000 0.300000 1.000000 0 0 0
-0.056819 0.038207 -0.294536 1 0.000000 0.300000 1.000000 0 0 0
-0.056571 0.038321 -0.294679 1 0.000000 0.300000 1.000000 0 0 0
-0.056775 0.038694 -0.294479 1 0.000000 0.300000 1.000000 0 0 0
-0.056520 0.038886 -0.294616 1 0.000000 0.300000 1.000000 0 0 0
-0.056396 0.038629 -0.294734 1 0.000000 0.300000 1.000000 0 0 0
-0.056571 0.039226 -0.294490 1 0.000000 0.300000 1.000000 0 0 0
-0.056422 0.039776 -0.294427 1 0.000000 0.300000 1.000000 0 0 0
-0.056308 0.038976 -0.294719 1 0.000000 0.300000 1.000000 0 0 0
-0.056097 0.039398 -0.294735 1 0.000000 0.300000 1.000000 0 0 0
-0.049154 0.030355 -0.293898 3 0.806452 1.000000 0.161290 0 0 0
-0.048588 0.030417 -0.293830 3 0.806452 1.000000 0.161290 0 0 0
-0.048967 0.030753 -0.294014 3 0.806452 1.000000 0.161290 0 0 0
-0.048539 0.031007 -0.294014 3 0.806452 1.000000 0.161290 0 0 0
-0.048158 0.030219 -0.293687 3 0.806452 1.000000 0.161290 0 0 0
-0.048026 0.030617 -0.293802 3 0.806452 1.000000 0.161290 0 0 0
-0.047782 0.030243 -0.293632 3 0.806452 1.000000 0.161290 0 0 0
-0.047660 0.030491 -0.293697 3 0.806452 1.000000 0.161290 0 0 0
-0.048002 0.031140 -0.293942 3 0.806452 1.000000 0.161290 0 0 0
-0.047522 0.030814 -0.293754 3 0.806452 1.000000 0.161290 0 0 0
-0.047353 0.030304 -0.293566 3 0.806452 1.000000 0.161290 0 0 0
-0.046992 0.030640 -0.293589 3 0.806452 1.000000 0.161290 0 0 0
-0.047123 0.031087 -0.293725 3 0.806452 1.000000 0.161290 0 0 0
-0.046661 0.030992 -0.293584 3 0.806452 1.000000 0.161290 0 0 0
-0.048355 0.031414 -0.294086 3 0.806452 1.000000 0.161290 0 0 0
-0.048051 0.031551 -0.294048 3 0.806452 1.000000 0.161290 0 0 0
-0.047563 0.031441 -0.293901 3 0.806452 1.000000 0.161290 0 0 0
-0.047932 0.031911 -0.294080 3 0.806452 1.000000 0.161290 0 0 0
-0.047436 0.032032 -0.293954 3 0.806452 1.000000 0.161290 0 0 0
-0.047898 0.032392 -0.294134 3 0.806452 1.000000 0.161290 0 0 0
-0.047414 0.032695 -0.294004 3 0.806452 1.000000 0.161290 0 0 0
-0.046924 0.031565 -0.293749 3 0.806452 1.000000 0.161290 0 0 0
-0.046293 0.031379 -0.293536 3 0.806452 1.000000 0.161290 0 0 0
-0.046533 0.031852 -0.293667 3 0.806452 1.000000 0.161290 0 0 0
-0.046910 0.032193 -0.293809 3 0.806452 1.000000 0.161290 0 0 0
-0.046420 0.032269 -0.293651 3 0.806452 1.000000 0.161290 0 0 0
-0.046153 0.031875 -0.293537 3 0.806452 1.000000 0.161290 0 0 0
-0.046118 0.032164 -0.293538 4 1.000000 0.407407 0.000000 0 0 0
-0.046761 0.032758 -0.293775 3 0.806452 1.000000 0.161290 0 0 0
-0.046387 0.032611 -0.293638 3 0.806452 1.000000 0.161290 0 0 0
-0.046267 0.032976 -0.293558 4 1.000000 0.407407 0.000000 0 0 0
-0.046117 0.032449 -0.293528 4 1.000000 0.407407 0.000000 0 0 0
-0.057978 0.033761 -0.293856 2 0.161290 1.000000 0.806452 0 0 0
-0.058179 0.034381 -0.293844 1 0.000000 0.300000 1.000000 0 0 0
-0.058230 0.034990 -0.293837 1 0.000000 0.300000 1.000000 0 0 0
-0.058634 0.035735 -0.293551 1 0.000000 0.300000 1.000000 0 0 0
-0.058311 0.035566 -0.293776 1 0.000000 0.300000 1.000000 0 0 0
-0.058049 0.035914 -0.293928 1 0.000000 0.300000 1.000000 0 0 0
-0.058406 0.036152 -0.293666 1 0.000000 0.300000 1.000000 0 0 0
-0.049452 0.041059 -0.293374 1 0.000000 0.300000 1.000000 0 0 0
-0.050731 0.042283 -0.293475 1 0.000000 0.300000 1.000000 0 0 0
-0.050111 0.041791 -0.293405 1 0.000000 0.300000 1.000000 0 0 0
-0.049811 0.041461 -0.293395 1 0.000000 0.300000 1.000000 0 0 0
-0.050330 0.042241 -0.293283 1 0.000000 0.300000 1.000000 0 0 0
-0.049712 0.041885 -0.293119 1 0.000000 0.300000 1.000000 0 0 0
-0.049858 0.042304 -0.292985 1 0.000000 0.300000 1.000000 0 0 0
-0.046184 0.033456 -0.293471 4 1.000000 0.407407 0.000000 0 0 0
-0.046211 0.033897 -0.293419 5 0.500000 0.000000 0.000000 0 0 0
-0.046256 0.034428 -0.293347 5 0.500000 0.000000 0.000000 0 0 0
-0.045787 0.033168 -0.293291 4 1.000000 0.407407 0.000000 0 0 0
-0.045907 0.033611 -0.293290 5 0.500000 0.000000 0.000000 0 0 0
-0.045549 0.033509 -0.293087 5 0.500000 0.000000 0.000000 0 0 0
-0.045813 0.034019 -0.293146 5 0.500000 0.000000 0.000000 0 0 0
-0.045902 0.034408 -0.293118 5 0.500000 0.000000 0.000000 0 0 0
-0.046831 0.035168 -0.293586 0 0.000000 0.000000 0.500000 0 0 0
-0.046449 0.035055 -0.293347 5 0.500000 0.000000 0.000000 0 0 0
-0.046751 0.035513 -0.293465 5 0.500000 0.000000 0.000000 0 0 0
-0.046413 0.035551 -0.293210 5 0.500000 0.000000 0.000000 0 0 0
-0.045985 0.034757 -0.293090 5 0.500000 0.000000 0.000000 0 0 0
-0.046067 0.035264 -0.293019 5 0.500000 0.000000 0.000000 0 0 0
-0.047323 0.037813 -0.293280 0 0.000000 0.000000 0.500000 0 0 0
-0.046683 0.036060 -0.293286 5 0.500000 0.000000 0.000000 0 0 0
-0.046112 0.035853 -0.292888 5 0.500000 0.000000 0.000000 0 0 0
-0.046389 0.036226 -0.293014 5 0.500000 0.000000 0.000000 0 0 0
-0.046948 0.036586 -0.293358 0 0.000000 0.000000 0.500000 0 0 0
-0.046565 0.036615 -0.293043 5 0.500000 0.000000 0.000000 0 0 0
-0.046994 0.037129 -0.293235 0 0.000000 0.000000 0.500000 0 0 0
-0.046515 0.037134 -0.292834 5 0.500000 0.000000 0.000000 0 0 0
-0.046790 0.037647 -0.292901 5 0.500000 0.000000 0.000000 0 0 0
-0.047024 0.037951 -0.293002 0 0.000000 0.000000 0.500000 0 0 0
-0.047589 0.038350 -0.293301 0 0.000000 0.000000 0.500000 0 0 0
-0.047859 0.038818 -0.293319 0 0.000000 0.000000 0.500000 0 0 0
-0.047468 0.038647 -0.293097 0 0.000000 0.000000 0.500000 0 0 0
-0.048550 0.039639 -0.293453 0 0.000000 0.000000 0.500000 0 0 0
-0.048775 0.040063 -0.293410 0 0.000000 0.000000 0.500000 0 0 0
-0.048222 0.039235 -0.293403 0 0.000000 0.000000 0.500000 0 0 0
-0.047540 0.039000 -0.293004 0 0.000000 0.000000 0.500000 0 0 0
-0.047859 0.039225 -0.293150 0 0.000000 0.000000 0.500000 0 0 0
-0.048091 0.039602 -0.293148 0 0.000000 0.000000 0.500000 0 0 0
-0.048378 0.039949 -0.293193 0 0.000000 0.000000 0.500000 0 0 0
-0.047137 0.038314 -0.292956 0 0.000000 0.000000 0.500000 0 0 0
-0.047240 0.038751 -0.292868 0 0.000000 0.000000 0.500000 0 0 0
-0.049095 0.040544 -0.293391 0 0.000000 0.000000 0.500000 0 0 0
-0.048537 0.040342 -0.293116 0 0.000000 0.000000 0.500000 0 0 0
-0.048740 0.040739 -0.293067 0 0.000000 0.000000 0.500000 0 0 0
-0.049059 0.041003 -0.293155 0 0.000000 0.000000 0.500000 0 0 0
-0.049252 0.041206 -0.293185 0 0.000000 0.000000 0.500000 0 0 0
-0.049398 0.041441 -0.293157 0 0.000000 0.000000 0.500000 0 0 0
-0.056918 0.042194 -0.292672 1 0.000000 0.300000 1.000000 0 0 0
-0.056487 0.042662 -0.292643 1 0.000000 0.300000 1.000000 0 0 0
-0.056219 0.042418 -0.293072 1 0.000000 0.300000 1.000000 0 0 0
-0.055937 0.042524 -0.293171 1 0.000000 0.300000 1.000000 0 0 0
-0.056081 0.042712 -0.292908 1 0.000000 0.300000 1.000000 0 0 0
-0.055701 0.042819 -0.293044 1 0.000000 0.300000 1.000000 0 0 0
-0.055507 0.043260 -0.292738 1 0.000000 0.300000 1.000000 0 0 0
-0.055297 0.043011 -0.293083 1 0.000000 0.300000 1.000000 0 0 0
-0.054961 0.043354 -0.292904 1 0.000000 0.300000 1.000000 0 0 0
-0.054375 0.043596 -0.292886 1 0.000000 0.300000 1.000000 0 0 0
-0.054364 0.043923 -0.292568 1 0.000000 0.300000 1.000000 0 0 0
-0.053938 0.043633 -0.292973 1 0.000000 0.300000 1.000000 0 0 0
-0.053994 0.043886 -0.292699 1 0.000000 0.300000 1.000000 0 0 0
-0.053676 0.043542 -0.293112 1 0.000000 0.300000 1.000000 0 0 0
-0.053593 0.043797 -0.292864 1 0.000000 0.300000 1.000000 0 0 0
-0.053277 0.043604 -0.293086 1 0.000000 0.300000 1.000000 0 0 0
-0.053111 0.043906 -0.292786 1 0.000000 0.300000 1.000000 0 0 0
-0.052697 0.043647 -0.293033 1 0.000000 0.300000 1.000000 0 0 0
-0.052600 0.044002 -0.292684 1 0.000000 0.300000 1.000000 0 0 0
-0.052147 0.043477 -0.293122 1 0.000000 0.300000 1.000000 0 0 0
-0.052147 0.043808 -0.292817 1 0.000000 0.300000 1.000000 0 0 0
-0.051303 0.043122 -0.293166 1 0.000000 0.300000 1.000000 0 0 0
-0.050807 0.043032 -0.293027 1 0.000000 0.300000 1.000000 0 0 0
-0.050931 0.043445 -0.292769 1 0.000000 0.300000 1.000000 0 0 0
-0.050444 0.042759 -0.293035 1 0.000000 0.300000 1.000000 0 0 0
-0.050088 0.042563 -0.292970 1 0.000000 0.300000 1.000000 0 0 0
-0.050074 0.042887 -0.292758 1 0.000000 0.300000 1.000000 0 0 0
-0.049744 0.042586 -0.292754 0 0.000000 0.000000 0.500000 0 0 0
-0.049417 0.042212 -0.292763 0 0.000000 0.000000 0.500000 0 0 0
-0.050462 0.043156 -0.292778 1 0.000000 0.300000 1.000000 0 0 0
-0.051775 0.043283 -0.293206 1 0.000000 0.300000 1.000000 0 0 0
-0.051601 0.043584 -0.292888 1 0.000000 0.300000 1.000000 0 0 0
-0.049093 0.042063 -0.292636 0 0.000000 0.000000 0.500000 0 0 0
-0.049652 0.027744 -0.292206 3 0.806452 1.000000 0.161290 0 0 0
-0.048640 0.028124 -0.292392 3 0.806452 1.000000 0.161290 0 0 0
-0.048193 0.028199 -0.292398 3 0.806452 1.000000 0.161290 0 0 0
-0.047692 0.028090 -0.292240 3 0.806452 1.000000 0.161290 0 0 0
-0.047132 0.028085 -0.292192 3 0.806452 1.000000 0.161290 0 0 0
-0.046680 0.028211 -0.292264 3 0.806452 1.000000 0.161290 0 0 0
-0.046187 0.028334 -0.292312 3 0.806452 1.000000 0.161290 0 0 0
-0.045761 0.028493 -0.292362 3 0.806452 1.000000 0.161290 0 0 0
-0.045259 0.028403 -0.292177 3 0.806452 1.000000 0.161290 0 0 0
-0.044907 0.028314 -0.292024 4 1.000000 0.407407 0.000000 0 0 0
-0.044706 0.028576 -0.292104 4 1.000000 0.407407 0.000000 0 0 0
-0.044278 0.028840 -0.292056 4 1.000000 0.407407 0.000000 0 0 0
-0.043949 0.029196 -0.292025 4 1.000000 0.407407 0.000000 0 0 0
-0.049169 0.043850 -0.291563 0 0.000000 0.000000 0.500000 0 0 0
-0.048942 0.043579 -0.291606 0 0.000000 0.000000 0.500000 0 0 0
-0.049493 0.044132 -0.291543 0 0.000000 0.000000 0.500000 0 0 0
-0.048685 0.043331 -0.291587 0 0.000000 0.000000 0.500000 0 0 0
-0.049931 0.044384 -0.291584 0 0.000000 0.000000 0.500000 0 0 0
-0.047482 0.043388 -0.290498 0 0.000000 0.000000 0.500000 0 0 0
-0.048706 0.044895 -0.290442 0 0.000000 0.000000 0.500000 0 0 0
-0.048168 0.044275 -0.290480 0 0.000000 0.000000 0.500000 0 0 0
-0.047533 0.043768 -0.290251 0 0.000000 0.000000 0.500000 0 0 0
-0.047853 0.044104 -0.290322 0 0.000000 0.000000 0.500000 0 0 0
-0.047919 0.044430 -0.290134 0 0.000000 0.000000 0.500000 0 0 0
-0.048295 0.044731 -0.290239 0 0.000000 0.000000 0.500000 0 0 0
-0.046797 0.042645 -0.290323 5 0.500000 0.000000 0.000000 0 0 0
-0.047072 0.042856 -0.290467 0 0.000000 0.000000 0.500000 0 0 0
-0.047170 0.043296 -0.290235 0 0.000000 0.000000 0.500000 0 0 0
-0.049013 0.045233 -0.290382 0 0.000000 0.000000 0.500000 0 0 0
-0.048514 0.044978 -0.290235 0 0.000000 0.000000 0.500000 0 0 0
-0.048670 0.045228 -0.290151 0 0.000000 0.000000 0.500000 0 0 0
-0.048939 0.045488 -0.290129 0 0.000000 0.000000 0.500000 0 0 0
-0.049325 0.045692 -0.290190 0 0.000000 0.000000 0.500000 0 0 0
-0.049775 0.045594 -0.290515 0 0.000000 0.000000 0.500000 0 0 0
-0.060915 0.030374 -0.289757 2 0.161290 1.000000 0.806452 0 0 0
-0.061129 0.030694 -0.289981 2 0.161290 1.000000 0.806452 0 0 0
-0.061290 0.030630 -0.289686 2 0.161290 1.000000 0.806452 0 0 0
-0.061558 0.030748 -0.289488 2 0.161290 1.000000 0.806452 0 0 0
-0.061473 0.030974 -0.289917 2 0.161290 1.000000 0.806452 0 0 0
-0.061781 0.030995 -0.289522 2 0.161290 1.000000 0.806452 0 0 0
-0.060195 0.029696 -0.289498 2 0.161290 1.000000 0.806452 0 0 0
-0.060187 0.029900 -0.289868 2 0.161290 1.000000 0.806452 0 0 0
-0.060524 0.029997 -0.289626 2 0.161290 1.000000 0.806452 0 0 0
-0.059890 0.029674 -0.289815 2 0.161290 1.000000 0.806452 0 0 0
-0.059117 0.029155 -0.289647 3 0.806452 1.000000 0.161290 0 0 0
-0.059270 0.029455 -0.290045 2 0.161290 1.000000 0.806452 0 0 0
-0.059554 0.029424 -0.289711 2 0.161290 1.000000 0.806452 0 0 0
-0.058719 0.029067 -0.289870 3 0.806452 1.000000 0.161290 0 0 0
-0.061898 0.031345 -0.289805 2 0.161290 1.000000 0.806452 0 0 0
-0.061969 0.031591 -0.289994 2 0.161290 1.000000 0.806452 0 0 0
-0.062108 0.031662 -0.289845 2 0.161290 1.000000 0.806452 0 0 0
-0.062373 0.032012 -0.289722 2 0.161290 1.000000 0.806452 0 0 0
-0.062463 0.032459 -0.289919 2 0.161290 1.000000 0.806452 0 0 0
-0.062622 0.032394 -0.289603 2 0.161290 1.000000 0.806452 0 0 0
-0.062501 0.032723 -0.290007 2 0.161290 1.000000 0.806452 0 0 0
-0.062669 0.032773 -0.289727 2 0.161290 1.000000 0.806452 0 0 0
-0.062751 0.033274 -0.289716 2 0.161290 1.000000 0.806452 0 0 0
-0.062753 0.033790 -0.289664 2 0.161290 1.000000 0.806452 0 0 0
-0.062702 0.034340 -0.289581 2 0.161290 1.000000 0.806452 0 0 0
-0.062481 0.034450 -0.289963 2 0.161290 1.000000 0.806452 0 0 0
-0.062522 0.034770 -0.289723 1 0.000000 0.300000 1.000000 0 0 0
-0.062354 0.035078 -0.289854 1 0.000000 0.300000 1.000000 0 0 0
-0.062285 0.035515 -0.289656 1 0.000000 0.300000 1.000000 0 0 0
-0.062074 0.035806 -0.289827 1 0.000000 0.300000 1.000000 0 0 0
-0.061888 0.036026 -0.289970 1 0.000000 0.300000 1.000000 0 0 0
-0.061747 0.036569 -0.289687 1 0.000000 0.300000 1.000000 0 0 0
-0.061585 0.037002 -0.289554 1 0.000000 0.300000 1.000000 0 0 0
-0.061392 0.037079 -0.289869 1 0.000000 0.300000 1.000000 0 0 0
-0.061447 0.037344 -0.289452 1 0.000000 0.300000 1.000000 0 0 0
-0.062887 0.032983 -0.289398 2 0.161290 1.000000 0.806452 0 0 0
-0.062922 0.033238 -0.289394 2 0.161290 1.000000 0.806452 0 0 0
-0.060894 0.030072 -0.289283 2 0.161290 1.000000 0.806452 0 0 0
-0.062063 0.031181 -0.289327 2 0.161290 1.000000 0.806452 0 0 0
-0.061341 0.030410 -0.289246 2 0.161290 1.000000 0.806452 0 0 0
-0.059869 0.029472 -0.289452 2 0.161290 1.000000 0.806452 0 0 0
-0.062240 0.031555 -0.289494 2 0.161290 1.000000 0.806452 0 0 0
-0.062934 0.033522 -0.289345 2 0.161290 1.000000 0.806452 0 0 0
-0.062501 0.035114 -0.289552 1 0.000000 0.300000 1.000000 0 0 0
-0.062076 0.036024 -0.289598 1 0.000000 0.300000 1.000000 0 0 0
-0.061193 0.038488 -0.288555 1 0.000000 0.300000 1.000000 0 0 0
-0.060984 0.038815 -0.288678 1 0.000000 0.300000 1.000000 0 0 0
-0.060796 0.039078 -0.288852 1 0.000000 0.300000 1.000000 0 0 0
-0.060618 0.039658 -0.288611 1 0.000000 0.300000 1.000000 0 0 0
-0.060476 0.040076 -0.288494 1 0.000000 0.300000 1.000000 0 0 0
-0.060310 0.040197 -0.288817 1 0.000000 0.300000 1.000000 0 0 0
-0.060389 0.040339 -0.288419 1 0.000000 0.300000 1.000000 0 0 0
-0.060192 0.040697 -0.288544 1 0.000000 0.300000 1.000000 0 0 0
-0.059940 0.041157 -0.288697 1 0.000000 0.300000 1.000000 0 0 0
-0.059806 0.041451 -0.288713 1 0.000000 0.300000 1.000000 0 0 0
-0.059678 0.041665 -0.288777 1 0.000000 0.300000 1.000000 0 0 0
-0.056620 0.027740 -0.288602 3 0.806452 1.000000 0.161290 0 0 0
-0.057123 0.027842 -0.288473 3 0.806452 1.000000 0.161290 0 0 0
-0.056120 0.027627 -0.288566 3 0.806452 1.000000 0.161290 0 0 0
-0.057598 0.028050 -0.288640 3 0.806452 1.000000 0.161290 0 0 0
-0.057917 0.028215 -0.288787 3 0.806452 1.000000 0.161290 0 0 0
-0.058176 0.028362 -0.288874 3 0.806452 1.000000 0.161290 0 0 0
-0.055723 0.027612 -0.288789 3 0.806452 1.000000 0.161290 0 0 0
-0.055228 0.027592 -0.289086 3 0.806452 1.000000 0.161290 0 0 0
-0.054584 0.027471 -0.288914 3 0.806452 1.000000 0.161290 0 0 0
-0.051664 0.026783 -0.289128 3 0.806452 1.000000 0.161290 0 0 0
-0.051324 0.026719 -0.289051 3 0.806452 1.000000 0.161290 0 0 0
-0.052759 0.027084 -0.288815 3 0.806452 1.000000 0.161290 0 0 0
-0.058261 0.044681 -0.287590 1 0.000000 0.300000 1.000000 0 0 0
-0.058067 0.045093 -0.287235 1 0.000000 0.300000 1.000000 0 0 0
-0.058049 0.044950 -0.287623 1 0.000000 0.300000 1.000000 0 0 0
-0.057830 0.045199 -0.287673 1 0.000000 0.300000 1.000000 0 0 0
-0.057725 0.045464 -0.287360 1 0.000000 0.300000 1.000000 0 0 0
-0.057475 0.045820 -0.287203 1 0.000000 0.300000 1.000000 0 0 0
-0.057164 0.046056 -0.287434 1 0.000000 0.300000 1.000000 0 0 0
-0.056806 0.046466 -0.287327 1 0.000000 0.300000 1.000000 0 0 0
-0.055856 0.047310 -0.287352 1 0.000000 0.300000 1.000000 0 0 0
-0.055172 0.047973 -0.287157 1 0.000000 0.300000 1.000000 0 0 0
-0.054689 0.048330 -0.287192 1 0.000000 0.300000 1.000000 0 0 0
-0.054131 0.048916 -0.286981 1 0.000000 0.300000 1.000000 0 0 0
-0.053123 0.049469 -0.287063 1 0.000000 0.300000 1.000000 0 0 0
-0.052348 0.049932 -0.286840 0 0.000000 0.000000 0.500000 0 0 0
-0.060153 0.028461 -0.285895 3 0.806452 1.000000 0.161290 0 0 0
-0.060369 0.028656 -0.286132 3 0.806452 1.000000 0.161290 0 0 0
-0.060604 0.028676 -0.285821 3 0.806452 1.000000 0.161290 0 0 0
-0.060075 0.028590 -0.286403 3 0.806452 1.000000 0.161290 0 0 0
-0.059750 0.028310 -0.286054 3 0.806452 1.000000 0.161290 0 0 0
-0.059574 0.028368 -0.286507 3 0.806452 1.000000 0.161290 0 0 0
-0.059158 0.027917 -0.285737 3 0.806452 1.000000 0.161290 0 0 0
-0.059382 0.028155 -0.286127 3 0.806452 1.000000 0.161290 0 0 0
-0.059520 0.028133 -0.285863 3 0.806452 1.000000 0.161290 0 0 0
-0.059125 0.028037 -0.286142 3 0.806452 1.000000 0.161290 0 0 0
-0.058717 0.027763 -0.285888 3 0.806452 1.000000 0.161290 0 0 0
-0.063059 0.030885 -0.286183 2 0.161290 1.000000 0.806452 0 0 0
-0.063218 0.031141 -0.286225 2 0.161290 1.000000 0.806452 0 0 0
-0.063270 0.031109 -0.285944 2 0.161290 1.000000 0.806452 0 0 0
-0.063146 0.030857 -0.285809 2 0.161290 1.000000 0.806452 0 0 0
-0.063370 0.031453 -0.286296 2 0.161290 1.000000 0.806452 0 0 0
-0.063451 0.031377 -0.285815 2 0.161290 1.000000 0.806452 0 0 0
-0.063643 0.031780 -0.285821 2 0.161290 1.000000 0.806452 0 0 0
-0.063795 0.032271 -0.286000 2 0.161290 1.000000 0.806452 0 0 0
-0.063863 0.032168 -0.285546 2 0.161290 1.000000 0.806452 0 0 0
-0.063601 0.031954 -0.286351 2 0.161290 1.000000 0.806452 0 0 0
-0.063872 0.032729 -0.286203 2 0.161290 1.000000 0.806452 0 0 0
-0.064014 0.032687 -0.285552 2 0.161290 1.000000 0.806452 0 0 0
-0.063883 0.033146 -0.286419 2 0.161290 1.000000 0.806452 0 0 0
-0.064005 0.033193 -0.285936 2 0.161290 1.000000 0.806452 0 0 0
-0.062479 0.030065 -0.285986 2 0.161290 1.000000 0.806452 0 0 0
-0.062358 0.029990 -0.286109 2 0.161290 1.000000 0.806452 0 0 0
-0.062503 0.030177 -0.286203 2 0.161290 1.000000 0.806452 0 0 0
-0.062372 0.029909 -0.285813 2 0.161290 1.000000 0.806452 0 0 0
-0.062125 0.029790 -0.286103 2 0.161290 1.000000 0.806452 0 0 0
-0.062065 0.029560 -0.285570 2 0.161290 1.000000 0.806452 0 0 0
-0.061386 0.029079 -0.285634 2 0.161290 1.000000 0.806452 0 0 0
-0.061718 0.029462 -0.286056 2 0.161290 1.000000 0.806452 0 0 0
-0.061736 0.029310 -0.285603 2 0.161290 1.000000 0.806452 0 0 0
-0.061273 0.029213 -0.286221 2 0.161290 1.000000 0.806452 0 0 0
-0.060983 0.028957 -0.286002 3 0.806452 1.000000 0.161290 0 0 0
-0.060990 0.029074 -0.286330 2 0.161290 1.000000 0.806452 0 0 0
-0.062948 0.030577 -0.285801 2 0.161290 1.000000 0.806452 0 0 0
-0.062657 0.030208 -0.285799 2 0.161290 1.000000 0.806452 0 0 0
-0.062737 0.030509 -0.286319 2 0.161290 1.000000 0.806452 0 0 0
-0.060630 0.028896 -0.286420 3 0.806452 1.000000 0.161290 0 0 0
-0.063933 0.033702 -0.286272 2 0.161290 1.000000 0.806452 0 0 0
-0.064095 0.033659 -0.285682 2 0.161290 1.000000 0.806452 0 0 0
-0.063838 0.034410 -0.286367 2 0.161290 1.000000 0.806452 0 0 0
-0.064020 0.034213 -0.285772 2 0.161290 1.000000 0.806452 0 0 0
-0.063768 0.034842 -0.286302 2 0.161290 1.000000 0.806452 0 0 0
-0.063866 0.034950 -0.285782 1 0.000000 0.300000 1.000000 0 0 0
-0.063773 0.035403 -0.285621 1 0.000000 0.300000 1.000000 0 0 0
-0.063647 0.035498 -0.285934 1 0.000000 0.300000 1.000000 0 0 0
-0.063648 0.035185 -0.286342 1 0.000000 0.300000 1.000000 0 0 0
-0.063457 0.035659 -0.286373 1 0.000000 0.300000 1.000000 0 0 0
-0.063669 0.035729 -0.285541 1 0.000000 0.300000 1.000000 0 0 0
-0.063415 0.036046 -0.285931 1 0.000000 0.300000 1.000000 0 0 0
-0.063325 0.035975 -0.286355 1 0.000000 0.300000 1.000000 0 0 0
-0.063325 0.036450 -0.285592 1 0.000000 0.300000 1.000000 0 0 0
-0.063144 0.036584 -0.285953 1 0.000000 0.300000 1.000000 0 0 0
-0.063162 0.036283 -0.286382 1 0.000000 0.300000 1.000000 0 0 0
-0.063152 0.036838 -0.285516 1 0.000000 0.300000 1.000000 0 0 0
-0.062891 0.036795 -0.286390 1 0.000000 0.300000 1.000000 0 0 0
-0.062896 0.037087 -0.285903 1 0.000000 0.300000 1.000000 0 0 0
-0.062766 0.037122 -0.286240 1 0.000000 0.300000 1.000000 0 0 0
-0.062643 0.037401 -0.286150 1 0.000000 0.300000 1.000000 0 0 0
-0.062720 0.037502 -0.285764 1 0.000000 0.300000 1.000000 0 0 0
-0.062486 0.037796 -0.285985 1 0.000000 0.300000 1.000000 0 0 0
-0.062804 0.037749 -0.285126 1 0.000000 0.300000 1.000000 0 0 0
-0.062625 0.037861 -0.285482 1 0.000000 0.300000 1.000000 0 0 0
-0.062670 0.038069 -0.285035 1 0.000000 0.300000 1.000000 0 0 0
-0.062383 0.038395 -0.285382 1 0.000000 0.300000 1.000000 0 0 0
-0.062366 0.038150 -0.285789 1 0.000000 0.300000 1.000000 0 0 0
-0.062290 0.038777 -0.285097 1 0.000000 0.300000 1.000000 0 0 0
-0.062083 0.038885 -0.285526 1 0.000000 0.300000 1.000000 0 0 0
-0.062138 0.038528 -0.285875 1 0.000000 0.300000 1.000000 0 0 0
-0.061967 0.038826 -0.285925 1 0.000000 0.300000 1.000000 0 0 0
-0.062117 0.039138 -0.285082 1 0.000000 0.300000 1.000000 0 0 0
-0.061874 0.039371 -0.285441 1 0.000000 0.300000 1.000000 0 0 0
-0.061819 0.039143 -0.285903 1 0.000000 0.300000 1.000000 0 0 0
-0.061692 0.039839 -0.285313 1 0.000000 0.300000 1.000000 0 0 0
-0.061583 0.039679 -0.285839 1 0.000000 0.300000 1.000000 0 0 0
-0.061467 0.040090 -0.285616 1 0.000000 0.300000 1.000000 0 0 0
-0.061352 0.040088 -0.285945 1 0.000000 0.300000 1.000000 0 0 0
-0.061485 0.040309 -0.285250 1 0.000000 0.300000 1.000000 0 0 0
-0.061286 0.040694 -0.285278 1 0.000000 0.300000 1.000000 0 0 0
-0.061224 0.040513 -0.285733 1 0.000000 0.300000 1.000000 0 0 0
-0.061108 0.040921 -0.285484 1 0.000000 0.300000 1.000000 0 0 0
-0.061164 0.041042 -0.285104 1 0.000000 0.300000 1.000000 0 0 0
-0.060933 0.041298 -0.285427 1 0.000000 0.300000 1.000000 0 0 0
-0.061003 0.041395 -0.285019 1 0.000000 0.300000 1.000000 0 0 0
-0.060606 0.041673 -0.285865 1 0.000000 0.300000 1.000000 0 0 0
-0.060783 0.041697 -0.285208 1 0.000000 0.300000 1.000000 0 0 0
-0.060373 0.042042 -0.286019 1 0.000000 0.300000 1.000000 0 0 0
-0.056779 0.026522 -0.285049 3 0.806452 1.000000 0.161290 0 0 0
-0.056866 0.026653 -0.285320 3 0.806452 1.000000 0.161290 0 0 0
-0.057045 0.026612 -0.284931 3 0.806452 1.000000 0.161290 0 0 0
-0.056496 0.026654 -0.285787 3 0.806452 1.000000 0.161290 0 0 0
-0.056080 0.026431 -0.285693 3 0.806452 1.000000 0.161290 0 0 0
-0.055946 0.026279 -0.285348 3 0.806452 1.000000 0.161290 0 0 0
-0.055606 0.026198 -0.285380 3 0.806452 1.000000 0.161290 0 0 0
-0.055331 0.026222 -0.285647 3 0.806452 1.000000 0.161290 0 0 0
-0.054801 0.026181 -0.285625 3 0.806452 1.000000 0.161290 0 0 0
-0.054341 0.026096 -0.285376 3 0.806452 1.000000 0.161290 0 0 0
-0.057371 0.026858 -0.285181 3 0.806452 1.000000 0.161290 0 0 0
-0.057499 0.027095 -0.285653 3 0.806452 1.000000 0.161290 0 0 0
-0.057852 0.027133 -0.285276 3 0.806452 1.000000 0.161290 0 0 0
-0.058230 0.027357 -0.285386 3 0.806452 1.000000 0.161290 0 0 0
-0.058604 0.027594 -0.285556 3 0.806452 1.000000 0.161290 0 0 0
-0.058266 0.027479 -0.285677 3 0.806452 1.000000 0.161290 0 0 0
-0.057929 0.027343 -0.285747 3 0.806452 1.000000 0.161290 0 0 0
-0.057050 0.026909 -0.285748 3 0.806452 1.000000 0.161290 0 0 0
-0.057293 0.027086 -0.285896 3 0.806452 1.000000 0.161290 0 0 0
-0.057492 0.027257 -0.286082 3 0.806452 1.000000 0.161290 0 0 0
-0.058311 0.027623 -0.286034 3 0.806452 1.000000 0.161290 0 0 0
-0.057866 0.027459 -0.286149 3 0.806452 1.000000 0.161290 0 0 0
-0.053849 0.026118 -0.285430 3 0.806452 1.000000 0.161290 0 0 0
-0.053459 0.026109 -0.285372 3 0.806452 1.000000 0.161290 0 0 0
-0.053501 0.026198 -0.285615 3 0.806452 1.000000 0.161290 0 0 0
-0.053337 0.026334 -0.285882 3 0.806452 1.000000 0.161290 0 0 0
-0.041791 0.025527 -0.285407 4 1.000000 0.407407 0.000000 0 0 0
-0.041474 0.025599 -0.285711 4 1.000000 0.407407 0.000000 0 0 0
-0.041420 0.025739 -0.284946 4 1.000000 0.407407 0.000000 0 0 0
-0.041182 0.038727 -0.284898 5 0.500000 0.000000 0.000000 0 0 0
-0.059815 0.043405 -0.285024 1 0.000000 0.300000 1.000000 0 0 0
-0.058694 0.045077 -0.284965 1 0.000000 0.300000 1.000000 0 0 0
-0.056348 0.048002 -0.284929 1 0.000000 0.300000 1.000000 0 0 0
-0.055775 0.048618 -0.285005 1 0.000000 0.300000 1.000000 0 0 0
-0.055351 0.049100 -0.284999 1 0.000000 0.300000 1.000000 0 0 0
-0.054267 0.050386 -0.284717 1 0.000000 0.300000 1.000000 0 0 0
-0.053967 0.050752 -0.284558 1 0.000000 0.300000 1.000000 0 0 0
-0.053887 0.050575 -0.284943 1 0.000000 0.300000 1.000000 0 0 0
-0.053647 0.051046 -0.284448 0 0.000000 0.000000 0.500000 0 0 0
-0.053688 0.050846 -0.284760 1 0.000000 0.300000 1.000000 0 0 0
-0.053423 0.051004 -0.284761 0 0.000000 0.000000 0.500000 0 0 0
-0.049967 0.050595 -0.284884 0 0.000000 0.000000 0.500000 0 0 0
-0.049732 0.050411 -0.284833 0 0.000000 0.000000 0.500000 0 0 0
-0.049832 0.050638 -0.284555 0 0.000000 0.000000 0.500000 0 0 0
-0.050596 0.051157 -0.284590 0 0.000000 0.000000 0.500000 0 0 0
-0.050234 0.050852 -0.284756 0 0.000000 0.000000 0.500000 0 0 0
-0.050282 0.051092 -0.284378 0 0.000000 0.000000 0.500000 0 0 0
-0.050014 0.050931 -0.284282 0 0.000000 0.000000 0.500000 0 0 0
-0.050173 0.051132 -0.284139 0 0.000000 0.000000 0.500000 0 0 0
-0.048754 0.049444 -0.284614 0 0.000000 0.000000 0.500000 0 0 0
-0.048527 0.049072 -0.284889 0 0.000000 0.000000 0.500000 0 0 0
-0.048495 0.049179 -0.284419 0 0.000000 0.000000 0.500000 0 0 0
-0.048652 0.049431 -0.284289 0 0.000000 0.000000 0.500000 0 0 0
-0.048252 0.048803 -0.284570 0 0.000000 0.000000 0.500000 0 0 0
-0.047963 0.048346 -0.284772 0 0.000000 0.000000 0.500000 0 0 0
-0.047997 0.048575 -0.283953 0 0.000000 0.000000 0.500000 0 0 0
-0.048308 0.049006 -0.284123 0 0.000000 0.000000 0.500000 0 0 0
-0.047695 0.048124 -0.283763 5 0.500000 0.000000 0.000000 0 0 0
-0.047653 0.047918 -0.284473 5 0.500000 0.000000 0.000000 0 0 0
-0.047801 0.048103 -0.284800 0 0.000000 0.000000 0.500000 0 0 0
-0.048866 0.049771 -0.284098 0 0.000000 0.000000 0.500000 0 0 0
-0.048943 0.049693 -0.284558 0 0.000000 0.000000 0.500000 0 0 0
-0.049473 0.050315 -0.284494 0 0.000000 0.000000 0.500000 0 0 0
-0.049164 0.049920 -0.284619 0 0.000000 0.000000 0.500000 0 0 0
-0.049185 0.050105 -0.284256 0 0.000000 0.000000 0.500000 0 0 0
-0.049133 0.050170 -0.283959 0 0.000000 0.000000 0.500000 0 0 0
-0.049335 0.050347 -0.284103 0 0.000000 0.000000 0.500000 0 0 0
-0.049632 0.050672 -0.284060 0 0.000000 0.000000 0.500000 0 0 0
-0.053556 0.051287 -0.284096 0 0.000000 0.000000 0.500000 0 0 0
-0.053138 0.051574 -0.283951 0 0.000000 0.000000 0.500000 0 0 0
-0.053096 0.051268 -0.284530 0 0.000000 0.000000 0.500000 0 0 0
-0.052666 0.051611 -0.284191 0 0.000000 0.000000 0.500000 0 0 0
-0.052757 0.051800 -0.283793 0 0.000000 0.000000 0.500000 0 0 0
-0.052453 0.051412 -0.284630 0 0.000000 0.000000 0.500000 0 0 0
-0.052236 0.051647 -0.284292 0 0.000000 0.000000 0.500000 0 0 0
-0.051892 0.051506 -0.284574 0 0.000000 0.000000 0.500000 0 0 0
-0.051871 0.051758 -0.284116 0 0.000000 0.000000 0.500000 0 0 0
-0.052295 0.051848 -0.283898 0 0.000000 0.000000 0.500000 0 0 0
-0.051897 0.051927 -0.283796 0 0.000000 0.000000 0.500000 0 0 0
-0.051390 0.051369 -0.284739 0 0.000000 0.000000 0.500000 0 0 0
-0.051405 0.051639 -0.284238 0 0.000000 0.000000 0.500000 0 0 0
-0.050952 0.051444 -0.284352 0 0.000000 0.000000 0.500000 0 0 0
-0.051080 0.051641 -0.284092 0 0.000000 0.000000 0.500000 0 0 0
-0.051519 0.051865 -0.283830 0 0.000000 0.000000 0.500000 0 0 0
-0.051176 0.051765 -0.283888 0 0.000000 0.000000 0.500000 0 0 0
-0.050450 0.051320 -0.284097 0 0.000000 0.000000 0.500000 0 0 0
-0.050829 0.051645 -0.283849 0 0.000000 0.000000 0.500000 0 0 0
-0.039580 0.026827 -0.284294 4 1.000000 0.407407 0.000000 0 0 0
-0.039230 0.026967 -0.284639 4 1.000000 0.407407 0.000000 0 0 0
-0.039752 0.026555 -0.284734 4 1.000000 0.407407 0.000000 0 0 0
-0.039367 0.026706 -0.284968 4 1.000000 0.407407 0.000000 0 0 0
-0.039152 0.026866 -0.284991 4 1.000000 0.407407 0.000000 0 0 0
-0.038968 0.027064 -0.284964 4 1.000000 0.407407 0.000000 0 0 0
-0.039336 0.027048 -0.284226 4 1.000000 0.407407 0.000000 0 0 0
-0.039567 0.027031 -0.283796 4 1.000000 0.407407 0.000000 0 0 0
-0.039016 0.027383 -0.284200 4 1.000000 0.407407 0.000000 0 0 0
-0.038808 0.027371 -0.284769 4 1.000000 0.407407 0.000000 0 0 0
-0.038748 0.027564 -0.284461 4 1.000000 0.407407 0.000000 0 0 0
-0.038682 0.027745 -0.284272 4 1.000000 0.407407 0.000000 0 0 0
-0.038564 0.027785 -0.284623 4 1.000000 0.407407 0.000000 0 0 0
-0.038420 0.028166 -0.284242 4 1.000000 0.407407 0.000000 0 0 0
-0.038305 0.028175 -0.284794 4 1.000000 0.407407 0.000000 0 0 0
-0.038123 0.028586 -0.284501 4 1.000000 0.407407 0.000000 0 0 0
-0.038188 0.028652 -0.284034 4 1.000000 0.407407 0.000000 0 0 0
-0.037967 0.029056 -0.284221 4 1.000000 0.407407 0.000000 0 0 0
-0.037915 0.028956 -0.284761 4 1.000000 0.407407 0.000000 0 0 0
-0.048354 0.025346 -0.283617 3 0.806452 1.000000 0.161290 0 0 0
-0.048391 0.025494 -0.284396 3 0.806452 1.000000 0.161290 0 0 0
-0.047469 0.025413 -0.284607 3 0.806452 1.000000 0.161290 0 0 0
-0.047321 0.025284 -0.283790 3 0.806452 1.000000 0.161290 0 0 0
-0.048658 0.025672 -0.285154 3 0.806452 1.000000 0.161290 0 0 0
-0.046268 0.025237 -0.284073 3 0.806452 1.000000 0.161290 0 0 0
-0.044790 0.025192 -0.284261 4 1.000000 0.407407 0.000000 0 0 0
-0.043787 0.025248 -0.284300 4 1.000000 0.407407 0.000000 0 0 0
-0.043095 0.025369 -0.284258 4 1.000000 0.407407 0.000000 0 0 0
-0.042368 0.025515 -0.284524 4 1.000000 0.407407 0.000000 0 0 0
-0.042685 0.025533 -0.283697 4 1.000000 0.407407 0.000000 0 0 0
-0.041777 0.025792 -0.283935 4 1.000000 0.407407 0.000000 0 0 0
-0.040849 0.026146 -0.284126 4 1.000000 0.407407 0.000000 0 0 0
-0.040299 0.026300 -0.284577 4 1.000000 0.407407 0.000000 0 0 0
-0.040074 0.026561 -0.284103 4 1.000000 0.407407 0.000000 0 0 0
-0.060915 0.042229 -0.283382 1 0.000000 0.300000 1.000000 0 0 0
-0.060655 0.042701 -0.283115 1 0.000000 0.300000 1.000000 0 0 0
-0.060405 0.043153 -0.282818 1 0.000000 0.300000 1.000000 0 0 0
-0.060080 0.043559 -0.283070 1 0.000000 0.300000 1.000000 0 0 0
-0.059890 0.043836 -0.283086 1 0.000000 0.300000 1.000000 0 0 0
-0.059758 0.044013 -0.283164 1 0.000000 0.300000 1.000000 0 0 0
-0.059533 0.044368 -0.283093 1 0.000000 0.300000 1.000000 0 0 0
-0.059276 0.044829 -0.282788 1 0.000000 0.300000 1.000000 0 0 0
-0.058959 0.045226 -0.283056 1 0.000000 0.300000 1.000000 0 0 0
-0.058757 0.045515 -0.283082 1 0.000000 0.300000 1.000000 0 0 0
-0.058610 0.045706 -0.283158 1 0.000000 0.300000 1.000000 0 0 0
-0.058385 0.046058 -0.283046 1 0.000000 0.300000 1.000000 0 0 0
-0.058143 0.046493 -0.282753 1 0.000000 0.300000 1.000000 0 0 0
-0.057823 0.046865 -0.282995 1 0.000000 0.300000 1.000000 0 0 0
-0.057585 0.047193 -0.282999 1 0.000000 0.300000 1.000000 0 0 0
-0.057327 0.047527 -0.283052 1 0.000000 0.300000 1.000000 0 0 0
-0.057145 0.047858 -0.282835 1 0.000000 0.300000 1.000000 0 0 0
-0.057001 0.047944 -0.283113 1 0.000000 0.300000 1.000000 0 0 0
-0.056973 0.048153 -0.282688 1 0.000000 0.300000 1.000000 0 0 0
-0.056685 0.048391 -0.283059 1 0.000000 0.300000 1.000000 0 0 0
-0.056413 0.048856 -0.282830 1 0.000000 0.300000 1.000000 0 0 0
-0.056089 0.049186 -0.283064 1 0.000000 0.300000 1.000000 0 0 0
-0.055867 0.049478 -0.283068 1 0.000000 0.300000 1.000000 0 0 0
-0.055666 0.049706 -0.283133 1 0.000000 0.300000 1.000000 0 0 0
-0.055548 0.049986 -0.282861 1 0.000000 0.300000 1.000000 0 0 0
-0.055331 0.050074 -0.283233 1 0.000000 0.300000 1.000000 0 0 0
-0.055301 0.050333 -0.282780 1 0.000000 0.300000 1.000000 0 0 0
-0.054977 0.050557 -0.283104 1 0.000000 0.300000 1.000000 0 0 0
-0.054713 0.050973 -0.282861 1 0.000000 0.300000 1.000000 0 0 0
-0.055659 0.025979 -0.283048 3 0.806452 1.000000 0.161290 0 0 0
-0.056072 0.026121 -0.283688 3 0.806452 1.000000 0.161290 0 0 0
-0.054123 0.025761 -0.283158 3 0.806452 1.000000 0.161290 0 0 0
-0.053068 0.025683 -0.283516 3 0.806452 1.000000 0.161290 0 0 0
-0.052234 0.025617 -0.283512 3 0.806452 1.000000 0.161290 0 0 0
-0.052871 0.025565 -0.282835 3 0.806452 1.000000 0.161290 0 0 0
-0.051883 0.025451 -0.282677 3 0.806452 1.000000 0.161290 0 0 0
-0.049570 0.025315 -0.282920 3 0.806452 1.000000 0.161290 0 0 0
-0.050399 0.025416 -0.283115 3 0.806452 1.000000 0.161290 0 0 0
-0.051145 0.025534 -0.283414 3 0.806452 1.000000 0.161290 0 0 0
-0.048736 0.050132 -0.282158 0 0.000000 0.000000 0.500000 0 0 0
-0.048653 0.049938 -0.282507 0 0.000000 0.000000 0.500000 0 0 0
-0.048606 0.049945 -0.282026 0 0.000000 0.000000 0.500000 0 0 0
-0.054461 0.051318 -0.282682 1 0.000000 0.300000 1.000000 0 0 0
-0.054236 0.051599 -0.282515 1 0.000000 0.300000 1.000000 0 0 0
-0.053850 0.051854 -0.282606 0 0.000000 0.000000 0.500000 0 0 0
-0.053542 0.052078 -0.282563 0 0.000000 0.000000 0.500000 0 0 0
-0.053257 0.052224 -0.282551 0 0.000000 0.000000 0.500000 0 0 0
-0.053011 0.052489 -0.282131 0 0.000000 0.000000 0.500000 0 0 0
-0.052481 0.052490 -0.282428 0 0.000000 0.000000 0.500000 0 0 0
-0.052005 0.052589 -0.282217 0 0.000000 0.000000 0.500000 0 0 0
-0.051109 0.052313 -0.282444 0 0.000000 0.000000 0.500000 0 0 0
-0.049870 0.051425 -0.282553 0 0.000000 0.000000 0.500000 0 0 0
-0.050192 0.051788 -0.282264 0 0.000000 0.000000 0.500000 0 0 0
-0.050630 0.052044 -0.282500 0 0.000000 0.000000 0.500000 0 0 0
-0.050828 0.052316 -0.282047 0 0.000000 0.000000 0.500000 0 0 0
-0.051478 0.052545 -0.282134 0 0.000000 0.000000 0.500000 0 0 0
-0.051132 0.052478 -0.282032 0 0.000000 0.000000 0.500000 0 0 0
-0.049492 0.051085 -0.282278 0 0.000000 0.000000 0.500000 0 0 0
-0.037761 0.033157 -0.282456 5 0.500000 0.000000 0.000000 0 0 0
-0.037638 0.033094 -0.282832 5 0.500000 0.000000 0.000000 0 0 0
-0.037754 0.032629 -0.282555 5 0.500000 0.000000 0.000000 0 0 0
-0.037702 0.033581 -0.282681 5 0.500000 0.000000 0.000000 0 0 0
-0.037729 0.033972 -0.282727 5 0.500000 0.000000 0.000000 0 0 0
-0.037976 0.034616 -0.282820 5 0.500000 0.000000 0.000000 0 0 0
-0.037790 0.034153 -0.282669 5 0.500000 0.000000 0.000000 0 0 0
-0.037895 0.034380 -0.282678 5 0.500000 0.000000 0.000000 0 0 0
-0.038061 0.034643 -0.282607 5 0.500000 0.000000 0.000000 0 0 0
-0.038307 0.034850 -0.282357 5 0.500000 0.000000 0.000000 0 0 0
-0.040502 0.038590 -0.283125 5 0.500000 0.000000 0.000000 0 0 0
-0.040209 0.038085 -0.283143 5 0.500000 0.000000 0.000000 0 0 0
-0.040341 0.038387 -0.282597 5 0.500000 0.000000 0.000000 0 0 0
-0.040023 0.037757 -0.282334 5 0.500000 0.000000 0.000000 0 0 0
-0.040251 0.038222 -0.282293 5 0.500000 0.000000 0.000000 0 0 0
-0.040352 0.038418 -0.282276 5 0.500000 0.000000 0.000000 0 0 0
-0.040536 0.038734 -0.282249 5 0.500000 0.000000 0.000000 0 0 0
-0.040622 0.038887 -0.282729 5 0.500000 0.000000 0.000000 0 0 0
-0.040785 0.039189 -0.282371 5 0.500000 0.000000 0.000000 0 0 0
-0.040874 0.039334 -0.282796 5 0.500000 0.000000 0.000000 0 0 0
-0.041010 0.039596 -0.282453 5 0.500000 0.000000 0.000000 0 0 0
-0.041095 0.039720 -0.282834 5 0.500000 0.000000 0.000000 0 0 0
-0.060814 0.027122 -0.281992 3 0.806452 1.000000 0.161290 0 0 0
-0.061511 0.027658 -0.282207 3 0.806452 1.000000 0.161290 0 0 0
-0.062562 0.028576 -0.282101 3 0.806452 1.000000 0.161290 0 0 0
-0.060561 0.027068 -0.282092 3 0.806452 1.000000 0.161290 0 0 0
-0.064730 0.032541 -0.282048 2 0.161290 1.000000 0.806452 0 0 0
-0.065017 0.033817 -0.281696 2 0.161290 1.000000 0.806452 0 0 0
-0.064996 0.034424 -0.281783 2 0.161290 1.000000 0.806452 0 0 0
-0.064900 0.034523 -0.282086 2 0.161290 1.000000 0.806452 0 0 0
-0.064845 0.034775 -0.282167 2 0.161290 1.000000 0.806452 0 0 0
-0.064932 0.034740 -0.281911 2 0.161290 1.000000 0.806452 0 0 0
-0.064860 0.035065 -0.281979 2 0.161290 1.000000 0.806452 0 0 0
-0.064726 0.035461 -0.282122 1 0.000000 0.300000 1.000000 0 0 0
-0.064644 0.036097 -0.281933 1 0.000000 0.300000 1.000000 0 0 0
-0.039445 0.027356 -0.283053 4 1.000000 0.407407 0.000000 0 0 0
-0.038871 0.027960 -0.283249 4 1.000000 0.407407 0.000000 0 0 0
-0.038153 0.029865 -0.282498 4 1.000000 0.407407 0.000000 0 0 0
-0.039554 0.036868 -0.282219 5 0.500000 0.000000 0.000000 0 0 0
-0.058165 0.026134 -0.281239 3 0.806452 1.000000 0.161290 0 0 0
-0.057544 0.026024 -0.281073 3 0.806452 1.000000 0.161290 0 0 0
-0.061050 0.042796 -0.281428 1 0.000000 0.300000 1.000000 0 0 0
-0.060767 0.042899 -0.282030 1 0.000000 0.300000 1.000000 0 0 0
-0.060814 0.043024 -0.281558 1 0.000000 0.300000 1.000000 0 0 0
-0.060572 0.043236 -0.281814 1 0.000000 0.300000 1.000000 0 0 0
-0.060619 0.043281 -0.281535 1 0.000000 0.300000 1.000000 0 0 0
-0.060350 0.043485 -0.281990 1 0.000000 0.300000 1.000000 0 0 0
-0.060426 0.043563 -0.281535 1 0.000000 0.300000 1.000000 0 0 0
-0.060107 0.043868 -0.281914 1 0.000000 0.300000 1.000000 0 0 0
-0.060167 0.044040 -0.281322 1 0.000000 0.300000 1.000000 0 0 0
-0.059865 0.044319 -0.281650 1 0.000000 0.300000 1.000000 0 0 0
-0.059923 0.044457 -0.281157 1 0.000000 0.300000 1.000000 0 0 0
-0.059556 0.044662 -0.281942 1 0.000000 0.300000 1.000000 0 0 0
-0.059655 0.044718 -0.281414 1 0.000000 0.300000 1.000000 0 0 0
-0.059532 0.045014 -0.281163 1 0.000000 0.300000 1.000000 0 0 0
-0.059335 0.045113 -0.281612 1 0.000000 0.300000 1.000000 0 0 0
-0.059355 0.044945 -0.281971 1 0.000000 0.300000 1.000000 0 0 0
-0.059211 0.045136 -0.282052 1 0.000000 0.300000 1.000000 0 0 0
-0.059343 0.045355 -0.281059 1 0.000000 0.300000 1.000000 0 0 0
-0.059069 0.045619 -0.281371 1 0.000000 0.300000 1.000000 0 0 0
-0.058998 0.045497 -0.281944 1 0.000000 0.300000 1.000000 0 0 0
-0.058778 0.045937 -0.281648 1 0.000000 0.300000 1.000000 0 0 0
-0.058856 0.046030 -0.281168 1 0.000000 0.300000 1.000000 0 0 0
-0.058440 0.046364 -0.281858 1 0.000000 0.300000 1.000000 0 0 0
-0.058628 0.046266 -0.281395 1 0.000000 0.300000 1.000000 0 0 0
-0.058421 0.046629 -0.281300 1 0.000000 0.300000 1.000000 0 0 0
-0.058182 0.046825 -0.281664 1 0.000000 0.300000 1.000000 0 0 0
-0.058210 0.046663 -0.281958 1 0.000000 0.300000 1.000000 0 0 0
-0.058031 0.046897 -0.282041 1 0.000000 0.300000 1.000000 0 0 0
-0.058139 0.047143 -0.281128 1 0.000000 0.300000 1.000000 0 0 0
-0.057800 0.047603 -0.281199 1 0.000000 0.300000 1.000000 0 0 0
-0.057871 0.047275 -0.281691 1 0.000000 0.300000 1.000000 0 0 0
-0.057592 0.047740 -0.281553 1 0.000000 0.300000 1.000000 0 0 0
-0.057614 0.047851 -0.281236 1 0.000000 0.300000 1.000000 0 0 0
-0.057272 0.048085 -0.281828 1 0.000000 0.300000 1.000000 0 0 0
-0.057434 0.048090 -0.281292 1 0.000000 0.300000 1.000000 0 0 0
-0.057197 0.048393 -0.281378 1 0.000000 0.300000 1.000000 0 0 0
-0.057019 0.048505 -0.281690 1 0.000000 0.300000 1.000000 0 0 0
-0.057057 0.048343 -0.281939 1 0.000000 0.300000 1.000000 0 0 0
-0.056904 0.048531 -0.282004 1 0.000000 0.300000 1.000000 0 0 0
-0.056965 0.048793 -0.281226 1 0.000000 0.300000 1.000000 0 0 0
-0.056624 0.049264 -0.281239 1 0.000000 0.300000 1.000000 0 0 0
-0.056717 0.048901 -0.281760 1 0.000000 0.300000 1.000000 0 0 0
-0.056425 0.049369 -0.281618 1 0.000000 0.300000 1.000000 0 0 0
-0.056428 0.049488 -0.281341 1 0.000000 0.300000 1.000000 0 0 0
-0.056105 0.049726 -0.281810 1 0.000000 0.300000 1.000000 0 0 0
-0.056287 0.049643 -0.281431 1 0.000000 0.300000 1.000000 0 0 0
-0.056097 0.049952 -0.281312 1 0.000000 0.300000 1.000000 0 0 0
-0.055816 0.050202 -0.281604 1 0.000000 0.300000 1.000000 0 0 0
-0.055864 0.050012 -0.281902 1 0.000000 0.300000 1.000000 0 0 0
-0.055664 0.050228 -0.282003 1 0.000000 0.300000 1.000000 0 0 0
-0.055858 0.050356 -0.281111 1 0.000000 0.300000 1.000000 0 0 0
-0.055573 0.050621 -0.281356 1 0.000000 0.300000 1.000000 0 0 0
-0.055535 0.050504 -0.281745 1 0.000000 0.300000 1.000000 0 0 0
-0.055273 0.050871 -0.281642 1 0.000000 0.300000 1.000000 0 0 0
-0.055319 0.051023 -0.281154 1 0.000000 0.300000 1.000000 0 0 0
-0.061002 0.043011 -0.281137 1 0.000000 0.300000 1.000000 0 0 0
-0.060693 0.043326 -0.281263 1 0.000000 0.300000 1.000000 0 0 0
-0.057640 0.047990 -0.280897 1 0.000000 0.300000 1.000000 0 0 0
-0.056373 0.049680 -0.281084 1 0.000000 0.300000 1.000000 0 0 0
-0.054155 0.025560 -0.281219 3 0.806452 1.000000 0.161290 0 0 0
-0.055104 0.025769 -0.281883 3 0.806452 1.000000 0.161290 0 0 0
-0.054055 0.025620 -0.282040 3 0.806452 1.000000 0.161290 0 0 0
-0.053478 0.025500 -0.281629 3 0.806452 1.000000 0.161290 0 0 0
-0.052503 0.025403 -0.281827 3 0.806452 1.000000 0.161290 0 0 0
-0.051556 0.025275 -0.281643 3 0.806452 1.000000 0.161290 0 0 0
-0.053408 0.025558 -0.282300 3 0.806452 1.000000 0.161290 0 0 0
-0.050878 0.025156 -0.281280 3 0.806452 1.000000 0.161290 0 0 0
-0.049551 0.025045 -0.281447 3 0.806452 1.000000 0.161290 0 0 0
-0.047935 0.024964 -0.281635 3 0.806452 1.000000 0.161290 0 0 0
-0.046762 0.024980 -0.281834 3 0.806452 1.000000 0.161290 0 0 0
-0.045982 0.024922 -0.281456 3 0.806452 1.000000 0.161290 0 0 0
-0.046210 0.025015 -0.281930 3 0.806452 1.000000 0.161290 0 0 0
-0.045900 0.025041 -0.282028 3 0.806452 1.000000 0.161290 0 0 0
-0.045216 0.025109 -0.282326 3 0.806452 1.000000 0.161290 0 0 0
-0.044044 0.025227 -0.282187 4 1.000000 0.407407 0.000000 0 0 0
-0.043005 0.025422 -0.282141 4 1.000000 0.407407 0.000000 0 0 0
-0.041186 0.025534 -0.281016 4 1.000000 0.407407 0.000000 0 0 0
-0.061352 0.025573 -0.279315 3 0.806452 1.000000 0.161290 0 0 0
-0.061244 0.025876 -0.279754 3 0.806452 1.000000 0.161290 0 0 0
-0.061771 0.025993 -0.279608 3 0.806452 1.000000 0.161290 0 0 0
-0.060761 0.025658 -0.279643 3 0.806452 1.000000 0.161290 0 0 0
-0.060923 0.025960 -0.280033 3 0.806452 1.000000 0.161290 0 0 0
-0.060690 0.025841 -0.279957 3 0.806452 1.000000 0.161290 0 0 0
-0.062212 0.026265 -0.279612 3 0.806452 1.000000 0.161290 0 0 0
-0.061382 0.026220 -0.280148 3 0.806452 1.000000 0.161290 0 0 0
-0.060418 0.025803 -0.279973 3 0.806452 1.000000 0.161290 0 0 0
-0.060160 0.025581 -0.279661 3 0.806452 1.000000 0.161290 0 0 0
-0.059934 0.025796 -0.280060 3 0.806452 1.000000 0.161290 0 0 0
-0.059613 0.025576 -0.279707 3 0.806452 1.000000 0.161290 0 0 0
-0.059334 0.025796 -0.280133 3 0.806452 1.000000 0.161290 0 0 0
-0.059159 0.025590 -0.279733 3 0.806452 1.000000 0.161290 0 0 0
-0.062929 0.027049 -0.279686 3 0.806452 1.000000 0.161290 0 0 0
-0.062556 0.027047 -0.280129 3 0.806452 1.000000 0.161290 0 0 0
-0.062781 0.027253 -0.280070 3 0.806452 1.000000 0.161290 0 0 0
-0.062466 0.026640 -0.279784 3 0.806452 1.000000 0.161290 0 0 0
-0.062981 0.027601 -0.280141 3 0.806452 1.000000 0.161290 0 0 0
-0.063335 0.027786 -0.279786 3 0.806452 1.000000 0.161290 0 0 0
-0.064136 0.029110 -0.279556 2 0.161290 1.000000 0.806452 0 0 0
-0.063872 0.029109 -0.280030 2 0.161290 1.000000 0.806452 0 0 0
-0.064081 0.029410 -0.279896 2 0.161290 1.000000 0.806452 0 0 0
-0.063892 0.028845 -0.279758 3 0.806452 1.000000 0.161290 0 0 0
-0.064017 0.028801 -0.279515 3 0.806452 1.000000 0.161290 0 0 0
-0.064205 0.029833 -0.280059 2 0.161290 1.000000 0.806452 0 0 0
-0.064295 0.029543 -0.279621 2 0.161290 1.000000 0.806452 0 0 0
-0.064521 0.029916 -0.279547 2 0.161290 1.000000 0.806452 0 0 0
-0.064550 0.030380 -0.279899 2 0.161290 1.000000 0.806452 0 0 0
-0.064825 0.030301 -0.279344 2 0.161290 1.000000 0.806452 0 0 0
-0.064848 0.030686 -0.279607 2 0.161290 1.000000 0.806452 0 0 0
-0.064769 0.030978 -0.280028 2 0.161290 1.000000 0.806452 0 0 0
-0.064454 0.030656 -0.280385 2 0.161290 1.000000 0.806452 0 0 0
-0.064287 0.030267 -0.280337 2 0.161290 1.000000 0.806452 0 0 0
-0.065589 0.032272 -0.279575 2 0.161290 1.000000 0.806452 0 0 0
-0.065517 0.032667 -0.279909 2 0.161290 1.000000 0.806452 0 0 0
-0.065708 0.032674 -0.279605 2 0.161290 1.000000 0.806452 0 0 0
-0.065456 0.033050 -0.280230 2 0.161290 1.000000 0.806452 0 0 0
-0.065111 0.031081 -0.279491 2 0.161290 1.000000 0.806452 0 0 0
-0.065077 0.031557 -0.279935 2 0.161290 1.000000 0.806452 0 0 0
-0.065347 0.031543 -0.279454 2 0.161290 1.000000 0.806452 0 0 0
-0.064809 0.031395 -0.280357 2 0.161290 1.000000 0.806452 0 0 0
-0.065353 0.031889 -0.279689 2 0.161290 1.000000 0.806452 0 0 0
-0.065242 0.032200 -0.280131 2 0.161290 1.000000 0.806452 0 0 0
-0.064950 0.031793 -0.280424 2 0.161290 1.000000 0.806452 0 0 0
-0.065334 0.032640 -0.280247 2 0.161290 1.000000 0.806452 0 0 0
-0.055769 0.051226 -0.279689 1 0.000000 0.300000 1.000000 0 0 0
-0.055531 0.051266 -0.280106 1 0.000000 0.300000 1.000000 0 0 0
-0.055470 0.051632 -0.279664 1 0.000000 0.300000 1.000000 0 0 0
-0.055107 0.052134 -0.279602 1 0.000000 0.300000 1.000000 0 0 0
-0.055111 0.051779 -0.280121 1 0.000000 0.300000 1.000000 0 0 0
-0.054771 0.052250 -0.279981 1 0.000000 0.300000 1.000000 0 0 0
-0.054821 0.052388 -0.279697 1 0.000000 0.300000 1.000000 0 0 0
-0.054342 0.052527 -0.280246 0 0.000000 0.000000 0.500000 0 0 0
-0.054561 0.052607 -0.279780 0 0.000000 0.000000 0.500000 0 0 0
-0.054495 0.052950 -0.279440 0 0.000000 0.000000 0.500000 0 0 0
-0.054088 0.052964 -0.279885 0 0.000000 0.000000 0.500000 0 0 0
-0.054043 0.052786 -0.280253 0 0.000000 0.000000 0.500000 0 0 0
-0.054113 0.053301 -0.279415 0 0.000000 0.000000 0.500000 0 0 0
-0.053796 0.052940 -0.280286 0 0.000000 0.000000 0.500000 0 0 0
-0.053852 0.053555 -0.279327 0 0.000000 0.000000 0.500000 0 0 0
-0.053688 0.053406 -0.279617 0 0.000000 0.000000 0.500000 0 0 0
-0.053649 0.053167 -0.280026 0 0.000000 0.000000 0.500000 0 0 0
-0.053271 0.053394 -0.279921 0 0.000000 0.000000 0.500000 0 0 0
-0.049936 0.051898 -0.280267 0 0.000000 0.000000 0.500000 0 0 0
-0.049644 0.051528 -0.280266 0 0.000000 0.000000 0.500000 0 0 0
-0.049639 0.051582 -0.279874 0 0.000000 0.000000 0.500000 0 0 0
-0.049926 0.052028 -0.279576 0 0.000000 0.000000 0.500000 0 0 0
-0.050468 0.052475 -0.280259 0 0.000000 0.000000 0.500000 0 0 0
-0.050210 0.052215 -0.280269 0 0.000000 0.000000 0.500000 0 0 0
-0.050208 0.052282 -0.279938 0 0.000000 0.000000 0.500000 0 0 0
-0.050462 0.052584 -0.279808 0 0.000000 0.000000 0.500000 0 0 0
-0.050992 0.052903 -0.280258 0 0.000000 0.000000 0.500000 0 0 0
-0.050811 0.052721 -0.280446 0 0.000000 0.000000 0.500000 0 0 0
-0.050798 0.052837 -0.279968 0 0.000000 0.000000 0.500000 0 0 0
-0.051690 0.053368 -0.279951 0 0.000000 0.000000 0.500000 0 0 0
-0.051239 0.053101 -0.280077 0 0.000000 0.000000 0.500000 0 0 0
-0.051401 0.053333 -0.279712 0 0.000000 0.000000 0.500000 0 0 0
-0.051612 0.053474 -0.279629 0 0.000000 0.000000 0.500000 0 0 0
-0.051047 0.053179 -0.279517 0 0.000000 0.000000 0.500000 0 0 0
-0.050598 0.052837 -0.279417 0 0.000000 0.000000 0.500000 0 0 0
-0.053624 0.053646 -0.279354 0 0.000000 0.000000 0.500000 0 0 0
-0.053218 0.053780 -0.279357 0 0.000000 0.000000 0.500000 0 0 0
-0.052850 0.053562 -0.279799 0 0.000000 0.000000 0.500000 0 0 0
-0.052368 0.053502 -0.279943 0 0.000000 0.000000 0.500000 0 0 0
-0.052569 0.053778 -0.279438 0 0.000000 0.000000 0.500000 0 0 0
-0.052002 0.053480 -0.279908 0 0.000000 0.000000 0.500000 0 0 0
-0.051934 0.053661 -0.279463 0 0.000000 0.000000 0.500000 0 0 0
-0.039222 0.025239 -0.279714 4 1.000000 0.407407 0.000000 0 0 0
-0.039734 0.025046 -0.279768 4 1.000000 0.407407 0.000000 0 0 0
-0.039420 0.024973 -0.279502 4 1.000000 0.407407 0.000000 0 0 0
-0.039057 0.025119 -0.279422 4 1.000000 0.407407 0.000000 0 0 0
-0.038832 0.025398 -0.279581 4 1.000000 0.407407 0.000000 0 0 0
-0.038749 0.025254 -0.279293 4 1.000000 0.407407 0.000000 0 0 0
-0.038480 0.025537 -0.279346 4 1.000000 0.407407 0.000000 0 0 0
-0.038600 0.025751 -0.279708 4 1.000000 0.407407 0.000000 0 0 0
-0.038207 0.025947 -0.279452 4 1.000000 0.407407 0.000000 0 0 0
-0.038414 0.026050 -0.279775 4 1.000000 0.407407 0.000000 0 0 0
-0.038195 0.026210 -0.279658 4 1.000000 0.407407 0.000000 0 0 0
-0.038009 0.026267 -0.279463 4 1.000000 0.407407 0.000000 0 0 0
-0.038370 0.026331 -0.279879 4 1.000000 0.407407 0.000000 0 0 0
-0.038076 0.026531 -0.279648 4 1.000000 0.407407 0.000000 0 0 0
-0.038060 0.026935 -0.279705 4 1.000000 0.407407 0.000000 0 0 0
-0.038312 0.026719 -0.279938 4 1.000000 0.407407 0.000000 0 0 0
-0.038232 0.027322 -0.279946 4 1.000000 0.407407 0.000000 0 0 0
-0.038164 0.028036 -0.279927 4 1.000000 0.407407 0.000000 0 0 0
-0.039714 0.024845 -0.279499 4 1.000000 0.407407 0.000000 0 0 0
-0.040131 0.024649 -0.279404 4 1.000000 0.407407 0.000000 0 0 0
-0.038684 0.026790 -0.280313 4 1.000000 0.407407 0.000000 0 0 0
-0.038527 0.026469 -0.280070 4 1.000000 0.407407 0.000000 0 0 0
-0.038244 0.028759 -0.280262 4 1.000000 0.407407 0.000000 0 0 0
-0.037783 0.028604 -0.279228 4 1.000000 0.407407 0.000000 0 0 0
-0.038082 0.029468 -0.279816 4 1.000000 0.407407 0.000000 0 0 0
-0.038128 0.030069 -0.279757 4 1.000000 0.407407 0.000000 0 0 0
-0.056117 0.025643 -0.279717 3 0.806452 1.000000 0.161290 0 0 0
-0.055802 0.025593 -0.279615 3 0.806452 1.000000 0.161290 0 0 0
-0.058621 0.048135 -0.279257 1 0.000000 0.300000 1.000000 0 0 0
-0.058403 0.048370 -0.279268 1 0.000000 0.300000 1.000000 0 0 0
-0.058596 0.049176 -0.278736 1 0.000000 0.300000 1.000000 0 0 0
-0.058151 0.049113 -0.279004 1 0.000000 0.300000 1.000000 0 0 0
-0.058159 0.048665 -0.279282 1 0.000000 0.300000 1.000000 0 0 0
-0.057958 0.048956 -0.279239 1 0.000000 0.300000 1.000000 0 0 0
-0.058235 0.049564 -0.278705 1 0.000000 0.300000 1.000000 0 0 0
-0.058021 0.049889 -0.278624 1 0.000000 0.300000 1.000000 0 0 0
-0.057730 0.049702 -0.278913 1 0.000000 0.300000 1.000000 0 0 0
-0.057745 0.049206 -0.279260 1 0.000000 0.300000 1.000000 0 0 0
-0.057748 0.050151 -0.278610 1 0.000000 0.300000 1.000000 0 0 0
-0.057446 0.049521 -0.279296 1 0.000000 0.300000 1.000000 0 0 0
-0.057564 0.050437 -0.278532 1 0.000000 0.300000 1.000000 0 0 0
-0.057282 0.050321 -0.278798 1 0.000000 0.300000 1.000000 0 0 0
-0.057287 0.049888 -0.279131 1 0.000000 0.300000 1.000000 0 0 0
-0.056939 0.050197 -0.279208 1 0.000000 0.300000 1.000000 0 0 0
-0.057353 0.050662 -0.278522 1 0.000000 0.300000 1.000000 0 0 0
-0.056964 0.050926 -0.278617 1 0.000000 0.300000 1.000000 0 0 0
-0.056761 0.050644 -0.278982 1 0.000000 0.300000 1.000000 0 0 0
-0.056608 0.050479 -0.279300 1 0.000000 0.300000 1.000000 0 0 0
-0.056460 0.051131 -0.278859 1 0.000000 0.300000 1.000000 0 0 0
-0.056388 0.050835 -0.279203 1 0.000000 0.300000 1.000000 0 0 0
-0.056122 0.051461 -0.278915 1 0.000000 0.300000 1.000000 0 0 0
-0.056163 0.051176 -0.279130 1 0.000000 0.300000 1.000000 0 0 0
-0.055838 0.051462 -0.279279 1 0.000000 0.300000 1.000000 0 0 0
-0.055840 0.051821 -0.278931 1 0.000000 0.300000 1.000000 0 0 0
-0.055584 0.052186 -0.278910 1 0.000000 0.300000 1.000000 0 0 0
-0.055455 0.052422 -0.278862 1 0.000000 0.300000 1.000000 0 0 0
-0.055251 0.052406 -0.279113 1 0.000000 0.300000 1.000000 0 0 0
-0.054907 0.052921 -0.279044 0 0.000000 0.000000 0.500000 0 0 0
-0.054789 0.053341 -0.278830 0 0.000000 0.000000 0.500000 0 0 0
-0.054459 0.053342 -0.279084 0 0.000000 0.000000 0.500000 0 0 0
-0.054521 0.053690 -0.278777 0 0.000000 0.000000 0.500000 0 0 0
-0.054304 0.053613 -0.278969 0 0.000000 0.000000 0.500000 0 0 0
-0.037305 0.028161 -0.278626 4 1.000000 0.407407 0.000000 0 0 0
-0.037950 0.029844 -0.279163 4 1.000000 0.407407 0.000000 0 0 0
-0.052676 0.025081 -0.278328 3 0.806452 1.000000 0.161290 0 0 0
-0.051455 0.024746 -0.278008 3 0.806452 1.000000 0.161290 0 0 0
-0.050963 0.024676 -0.278153 3 0.806452 1.000000 0.161290 0 0 0
-0.050260 0.024443 -0.278017 3 0.806452 1.000000 0.161290 0 0 0
-0.050407 0.024589 -0.278355 3 0.806452 1.000000 0.161290 0 0 0
-0.050639 0.024587 -0.278128 3 0.806452 1.000000 0.161290 0 0 0
-0.049743 0.024353 -0.278174 3 0.806452 1.000000 0.161290 0 0 0
-0.036820 0.028740 -0.277688 4 1.000000 0.407407 0.000000 0 0 0
-0.036990 0.029254 -0.277613 4 1.000000 0.407407 0.000000 0 0 0
-0.036273 0.028015 -0.277075 4 1.000000 0.407407 0.000000 0 0 0
-0.036255 0.028444 -0.276961 4 1.000000 0.407407 0.000000 0 0 0
-0.036756 0.029242 -0.277282 4 1.000000 0.407407 0.000000 0 0 0
-0.036419 0.028907 -0.277006 4 1.000000 0.407407 0.000000 0 0 0
-0.036557 0.029338 -0.276940 4 1.000000 0.407407 0.000000 0 0 0
-0.036771 0.029609 -0.277012 4 1.000000 0.407407 0.000000 0 0 0
-0.047141 0.048642 -0.276918 5 0.500000 0.000000 0.000000 0 0 0
-0.047073 0.048337 -0.277364 5 0.500000 0.000000 0.000000 0 0 0
-0.046888 0.048199 -0.277017 5 0.500000 0.000000 0.000000 0 0 0
-0.047287 0.048637 -0.277430 5 0.500000 0.000000 0.000000 0 0 0
-0.047328 0.049030 -0.276720 5 0.500000 0.000000 0.000000 0 0 0
-0.047487 0.049241 -0.276798 5 0.500000 0.000000 0.000000 0 0 0
-0.047687 0.049561 -0.276833 5 0.500000 0.000000 0.000000 0 0 0
-0.047921 0.049581 -0.277590 5 0.500000 0.000000 0.000000 0 0 0
-0.048151 0.050004 -0.277441 5 0.500000 0.000000 0.000000 0 0 0
-0.048025 0.050005 -0.277057 5 0.500000 0.000000 0.000000 0 0 0
-0.048172 0.050497 -0.276692 5 0.500000 0.000000 0.000000 0 0 0
-0.048619 0.051222 -0.276837 5 0.500000 0.000000 0.000000 0 0 0
-0.048380 0.050927 -0.276629 5 0.500000 0.000000 0.000000 0 0 0
-0.049878 0.053700 -0.276816 0 0.000000 0.000000 0.500000 0 0 0
-0.050081 0.053972 -0.276856 0 0.000000 0.000000 0.500000 0 0 0
-0.049851 0.053971 -0.276570 0 0.000000 0.000000 0.500000 0 0 0
-0.049015 0.052499 -0.276437 0 0.000000 0.000000 0.500000 0 0 0
-0.049659 0.053661 -0.276553 0 0.000000 0.000000 0.500000 0 0 0
-0.049592 0.053850 -0.276334 0 0.000000 0.000000 0.500000 0 0 0
-0.049410 0.053896 -0.276091 0 0.000000 0.000000 0.500000 0 0 0
-0.037574 0.024797 -0.276588 4 1.000000 0.407407 0.000000 0 0 0
-0.037404 0.024791 -0.276395 4 1.000000 0.407407 0.000000 0 0 0
-0.037038 0.025053 -0.276276 4 1.000000 0.407407 0.000000 0 0 0
-0.036908 0.024902 -0.275874 4 1.000000 0.407407 0.000000 0 0 0
-0.036895 0.025369 -0.276469 4 1.000000 0.407407 0.000000 0 0 0
-0.036717 0.025243 -0.275960 4 1.000000 0.407407 0.000000 0 0 0
-0.036712 0.025496 -0.276292 4 1.000000 0.407407 0.000000 0 0 0
-0.036824 0.025597 -0.276601 4 1.000000 0.407407 0.000000 0 0 0
-0.036598 0.025887 -0.276492 4 1.000000 0.407407 0.000000 0 0 0
-0.036367 0.026151 -0.276272 4 1.000000 0.407407 0.000000 0 0 0
-0.036248 0.026504 -0.276349 4 1.000000 0.407407 0.000000 0 0 0
-0.036127 0.026703 -0.276239 4 1.000000 0.407407 0.000000 0 0 0
-0.036538 0.025563 -0.276016 4 1.000000 0.407407 0.000000 0 0 0
-0.036493 0.025790 -0.276189 4 1.000000 0.407407 0.000000 0 0 0
-0.035982 0.027055 -0.276111 4 1.000000 0.407407 0.000000 0 0 0
-0.035757 0.027461 -0.275821 4 1.000000 0.407407 0.000000 0 0 0
-0.038183 0.023922 -0.275659 4 1.000000 0.407407 0.000000 0 0 0
-0.038650 0.023740 -0.275802 4 1.000000 0.407407 0.000000 0 0 0
-0.038627 0.023648 -0.275512 4 1.000000 0.407407 0.000000 0 0 0
-0.038276 0.023729 -0.275180 4 1.000000 0.407407 0.000000 0 0 0
-0.037742 0.024049 -0.275260 4 1.000000 0.407407 0.000000 0 0 0
-0.037443 0.024276 -0.275468 4 1.000000 0.407407 0.000000 0 0 0
-0.037205 0.024484 -0.275600 4 1.000000 0.407407 0.000000 0 0 0
-0.038724 0.023513 -0.275179 4 1.000000 0.407407 0.000000 0 0 0
-0.041937 0.040530 -0.276042 5 0.500000 0.000000 0.000000 0 0 0
-0.041594 0.039900 -0.276699 5 0.500000 0.000000 0.000000 0 0 0
-0.041443 0.040003 -0.275892 5 0.500000 0.000000 0.000000 0 0 0
-0.043073 0.041778 -0.276610 5 0.500000 0.000000 0.000000 0 0 0
-0.042546 0.041176 -0.276327 5 0.500000 0.000000 0.000000 0 0 0
-0.042856 0.041810 -0.275822 5 0.500000 0.000000 0.000000 0 0 0
-0.041505 0.040359 -0.275088 5 0.500000 0.000000 0.000000 0 0 0
-0.042269 0.041248 -0.275289 5 0.500000 0.000000 0.000000 0 0 0
-0.042879 0.021974 -0.274182 4 1.000000 0.407407 0.000000 0 0 0
-0.042981 0.022230 -0.274740 4 1.000000 0.407407 0.000000 0 0 0
-0.043310 0.022030 -0.274318 4 1.000000 0.407407 0.000000 0 0 0
-0.042387 0.022125 -0.274523 4 1.000000 0.407407 0.000000 0 0 0
-0.044667 0.022522 -0.274962 4 1.000000 0.407407 0.000000 0 0 0
-0.044564 0.022229 -0.274535 4 1.000000 0.407407 0.000000 0 0 0
-0.044050 0.022406 -0.274879 4 1.000000 0.407407 0.000000 0 0 0
-0.044033 0.022108 -0.274404 4 1.000000 0.407407 0.000000 0 0 0
-0.043577 0.022199 -0.274601 4 1.000000 0.407407 0.000000 0 0 0
-0.043444 0.022442 -0.275040 4 1.000000 0.407407 0.000000 0 0 0
-0.043069 0.022435 -0.275125 4 1.000000 0.407407 0.000000 0 0 0
-0.043466 0.022584 -0.275278 4 1.000000 0.407407 0.000000 0 0 0
-0.039567 0.022689 -0.273062 4 1.000000 0.407407 0.000000 0 0 0
-0.038832 0.023045 -0.273064 4 1.000000 0.407407 0.000000 0 0 0
-0.038093 0.023457 -0.273110 4 1.000000 0.407407 0.000000 0 0 0
-0.037138 0.024115 -0.273175 4 1.000000 0.407407 0.000000 0 0 0
-0.037354 0.023712 -0.272232 4 1.000000 0.407407 0.000000 0 0 0
-0.036536 0.024358 -0.272263 4 1.000000 0.407407 0.000000 0 0 0
-0.036494 0.024713 -0.273294 4 1.000000 0.407407 0.000000 0 0 0
-0.036021 0.025047 -0.272746 4 1.000000 0.407407 0.000000 0 0 0
-0.035914 0.024854 -0.271960 4 1.000000 0.407407 0.000000 0 0 0
-0.035633 0.025325 -0.272255 4 1.000000 0.407407 0.000000 0 0 0
-0.051306 0.021633 -0.272615 3 0.806452 1.000000 0.161290 0 0 0
-0.050845 0.021822 -0.272834 3 0.806452 1.000000 0.161290 0 0 0
-0.050388 0.021755 -0.272680 3 0.806452 1.000000 0.161290 0 0 0
-0.049935 0.021730 -0.272625 3 0.806452 1.000000 0.161290 0 0 0
-0.049638 0.021746 -0.272657 3 0.806452 1.000000 0.161290 0 0 0
-0.050438 0.021958 -0.273001 3 0.806452 1.000000 0.161290 0 0 0
-0.050048 0.021921 -0.272920 3 0.806452 1.000000 0.161290 0 0 0
-0.048878 0.021814 -0.272868 3 0.806452 1.000000 0.161290 0 0 0
-0.048485 0.021738 -0.272851 3 0.806452 1.000000 0.161290 0 0 0
-0.047435 0.021375 -0.272619 3 0.806452 1.000000 0.161290 0 0 0
-0.047864 0.021622 -0.272860 3 0.806452 1.000000 0.161290 0 0 0
-0.047288 0.021548 -0.272944 3 0.806452 1.000000 0.161290 0 0 0
-0.046936 0.021336 -0.272725 3 0.806452 1.000000 0.161290 0 0 0
-0.046588 0.021262 -0.272717 3 0.806452 1.000000 0.161290 0 0 0
-0.042612 0.021333 -0.272397 4 1.000000 0.407407 0.000000 0 0 0
-0.042032 0.021487 -0.272368 4 1.000000 0.407407 0.000000 0 0 0
-0.041646 0.021598 -0.272318 4 1.000000 0.407407 0.000000 0 0 0
-0.040843 0.021905 -0.272202 4 1.000000 0.407407 0.000000 0 0 0
-0.040656 0.040188 -0.270779 5 0.500000 0.000000 0.000000 0 0 0
-0.040538 0.040116 -0.270486 5 0.500000 0.000000 0.000000 0 0 0
-0.040799 0.040477 -0.270613 5 0.500000 0.000000 0.000000 0 0 0
-0.040830 0.040778 -0.270109 5 0.500000 0.000000 0.000000 0 0 0
-0.041340 0.041447 -0.270491 5 0.500000 0.000000 0.000000 0 0 0
-0.041089 0.040975 -0.270557 5 0.500000 0.000000 0.000000 0 0 0
-0.041096 0.041240 -0.270128 5 0.500000 0.000000 0.000000 0 0 0
-0.040901 0.041099 -0.269825 5 0.500000 0.000000 0.000000 0 0 0
-0.041873 0.042388 -0.270615 5 0.500000 0.000000 0.000000 0 0 0
-0.041592 0.041961 -0.270421 5 0.500000 0.000000 0.000000 0 0 0
-0.041606 0.042154 -0.270226 5 0.500000 0.000000 0.000000 0 0 0
-0.041041 0.041389 -0.269799 5 0.500000 0.000000 0.000000 0 0 0
-0.041333 0.041788 -0.270028 5 0.500000 0.000000 0.000000 0 0 0
-0.041481 0.041734 -0.270437 5 0.500000 0.000000 0.000000 0 0 0
-0.041514 0.042183 -0.270006 5 0.500000 0.000000 0.000000 0 0 0
-0.049717 0.019878 -0.270203 3 0.806452 1.000000 0.161290 0 0 0
-0.050095 0.019630 -0.269959 3 0.806452 1.000000 0.161290 0 0 0
-0.049703 0.019518 -0.269818 3 0.806452 1.000000 0.161290 0 0 0
-0.050305 0.019885 -0.270249 3 0.806452 1.000000 0.161290 0 0 0
-0.048806 0.019456 -0.269761 3 0.806452 1.000000 0.161290 0 0 0
-0.049301 0.019414 -0.269698 3 0.806452 1.000000 0.161290 0 0 0
-0.049113 0.019194 -0.269472 3 0.806452 1.000000 0.161290 0 0 0
-0.048753 0.019197 -0.269483 3 0.806452 1.000000 0.161290 0 0 0
-0.048262 0.019135 -0.269451 3 0.806452 1.000000 0.161290 0 0 0
-0.048211 0.019665 -0.270045 3 0.806452 1.000000 0.161290 0 0 0
-0.047679 0.019439 -0.269828 3 0.806452 1.000000 0.161290 0 0 0
-0.047630 0.019106 -0.269450 3 0.806452 1.000000 0.161290 0 0 0
-0.047206 0.019235 -0.269617 3 0.806452 1.000000 0.161290 0 0 0
-0.047210 0.019507 -0.269943 3 0.806452 1.000000 0.161290 0 0 0
-0.046456 0.018900 -0.269210 3 0.806452 1.000000 0.161290 0 0 0
-0.046772 0.019079 -0.269439 3 0.806452 1.000000 0.161290 0 0 0
-0.046794 0.018867 -0.269189 3 0.806452 1.000000 0.161290 0 0 0
-0.046226 0.019198 -0.269563 3 0.806452 1.000000 0.161290 0 0 0
-0.046722 0.019423 -0.269862 3 0.806452 1.000000 0.161290 0 0 0
-0.046191 0.019499 -0.269961 3 0.806452 1.000000 0.161290 0 0 0
-0.045811 0.019157 -0.269470 3 0.806452 1.000000 0.161290 0 0 0
-0.045683 0.019403 -0.269788 3 0.806452 1.000000 0.161290 0 0 0
-0.045063 0.019425 -0.269709 3 0.806452 1.000000 0.161290 0 0 0
-0.044707 0.019527 -0.269765 3 0.806452 1.000000 0.161290 0 0 0
-0.049249 0.019695 -0.270000 3 0.806452 1.000000 0.161290 0 0 0
-0.048780 0.019850 -0.270198 3 0.806452 1.000000 0.161290 0 0 0
-0.034292 0.026782 -0.269665 4 1.000000 0.407407 0.000000 0 0 0
-0.034141 0.026845 -0.269242 4 1.000000 0.407407 0.000000 0 0 0
-0.034176 0.028883 -0.269860 4 1.000000 0.407407 0.000000 0 0 0
-0.034048 0.027239 -0.269226 4 1.000000 0.407407 0.000000 0 0 0
-0.033985 0.027794 -0.269317 4 1.000000 0.407407 0.000000 0 0 0
-0.034055 0.028251 -0.269628 4 1.000000 0.407407 0.000000 0 0 0
-0.033957 0.028699 -0.269274 4 1.000000 0.407407 0.000000 0 0 0
-0.035717 0.032384 -0.270054 5 0.500000 0.000000 0.000000 0 0 0
-0.034168 0.029343 -0.269586 4 1.000000 0.407407 0.000000 0 0 0
-0.034220 0.029692 -0.269438 4 1.000000 0.407407 0.000000 0 0 0
-0.034998 0.031084 -0.269971 5 0.500000 0.000000 0.000000 0 0 0
-0.034362 0.030123 -0.269385 4 1.000000 0.407407 0.000000 0 0 0
-0.034667 0.030515 -0.269778 4 1.000000 0.407407 0.000000 0 0 0
-0.034755 0.030964 -0.269462 5 0.500000 0.000000 0.000000 0 0 0
-0.034024 0.029073 -0.269347 4 1.000000 0.407407 0.000000 0 0 0
-0.035233 0.031668 -0.269797 5 0.500000 0.000000 0.000000 0 0 0
-0.034941 0.031316 -0.269501 5 0.500000 0.000000 0.000000 0 0 0
-0.035312 0.032131 -0.269372 5 0.500000 0.000000 0.000000 0 0 0
-0.037285 0.035505 -0.269652 5 0.500000 0.000000 0.000000 0 0 0
-0.037112 0.035106 -0.269764 5 0.500000 0.000000 0.000000 0 0 0
-0.036883 0.034713 -0.269720 5 0.500000 0.000000 0.000000 0 0 0
-0.037583 0.036099 -0.269607 5 0.500000 0.000000 0.000000 0 0 0
-0.037847 0.036632 -0.269486 5 0.500000 0.000000 0.000000 0 0 0
-0.038075 0.036888 -0.269783 5 0.500000 0.000000 0.000000 0 0 0
-0.038197 0.037135 -0.269664 5 0.500000 0.000000 0.000000 0 0 0
-0.040717 0.040858 -0.269699 5 0.500000 0.000000 0.000000 0 0 0
-0.040492 0.040708 -0.269381 5 0.500000 0.000000 0.000000 0 0 0
-0.040786 0.041256 -0.269422 5 0.500000 0.000000 0.000000 0 0 0
-0.040467 0.040967 -0.269075 5 0.500000 0.000000 0.000000 0 0 0
-0.040840 0.041768 -0.269127 5 0.500000 0.000000 0.000000 0 0 0
-0.040957 0.041623 -0.269414 5 0.500000 0.000000 0.000000 0 0 0
-0.041409 0.042334 -0.269703 5 0.500000 0.000000 0.000000 0 0 0
-0.041122 0.041896 -0.269511 5 0.500000 0.000000 0.000000 0 0 0
-0.041102 0.042303 -0.269215 5 0.500000 0.000000 0.000000 0 0 0
-0.040785 0.042221 -0.268787 5 0.500000 0.000000 0.000000 0 0 0
-0.041832 0.043524 -0.269629 5 0.500000 0.000000 0.000000 0 0 0
-0.041676 0.043273 -0.269533 5 0.500000 0.000000 0.000000 0 0 0
-0.041731 0.043594 -0.269450 5 0.500000 0.000000 0.000000 0 0 0
-0.041048 0.042766 -0.268891 5 0.500000 0.000000 0.000000 0 0 0
-0.041382 0.042855 -0.269326 5 0.500000 0.000000 0.000000 0 0 0
-0.041271 0.043050 -0.269056 5 0.500000 0.000000 0.000000 0 0 0
-0.041454 0.043415 -0.269155 5 0.500000 0.000000 0.000000 0 0 0
-0.041956 0.043848 -0.269671 5 0.500000 0.000000 0.000000 0 0 0
-0.041715 0.043923 -0.269308 5 0.500000 0.000000 0.000000 0 0 0
-0.041976 0.044363 -0.269508 5 0.500000 0.000000 0.000000 0 0 0
-0.041447 0.043939 -0.268971 5 0.500000 0.000000 0.000000 0 0 0
-0.041187 0.043178 -0.268890 5 0.500000 0.000000 0.000000 0 0 0
-0.040951 0.043142 -0.268618 5 0.500000 0.000000 0.000000 0 0 0
-0.041194 0.043536 -0.268783 5 0.500000 0.000000 0.000000 0 0 0
-0.043848 0.018664 -0.268058 4 1.000000 0.407407 0.000000 0 0 0
-0.042814 0.019092 -0.268050 4 1.000000 0.407407 0.000000 0 0 0
-0.042522 0.019159 -0.267939 4 1.000000 0.407407 0.000000 0 0 0
-0.041626 0.019795 -0.268136 4 1.000000 0.407407 0.000000 0 0 0
-0.040486 0.020452 -0.268032 4 1.000000 0.407407 0.000000 0 0 0
-0.039955 0.020781 -0.267998 4 1.000000 0.407407 0.000000 0 0 0
-0.040440 0.020739 -0.268369 4 1.000000 0.407407 0.000000 0 0 0
-0.040217 0.020995 -0.268521 4 1.000000 0.407407 0.000000 0 0 0
-0.039496 0.021220 -0.268179 4 1.000000 0.407407 0.000000 0 0 0
-0.039896 0.021181 -0.268498 4 1.000000 0.407407 0.000000 0 0 0
-0.039565 0.021474 -0.268643 4 1.000000 0.407407 0.000000 0 0 0
-0.039104 0.021593 -0.268384 4 1.000000 0.407407 0.000000 0 0 0
-0.038715 0.021649 -0.268073 4 1.000000 0.407407 0.000000 0 0 0
-0.038455 0.021684 -0.267860 4 1.000000 0.407407 0.000000 0 0 0
-0.038746 0.021798 -0.268377 4 1.000000 0.407407 0.000000 0 0 0
-0.038273 0.021984 -0.268238 4 1.000000 0.407407 0.000000 0 0 0
-0.037775 0.022242 -0.268166 4 1.000000 0.407407 0.000000 0 0 0
-0.037555 0.022330 -0.268061 4 1.000000 0.407407 0.000000 0 0 0
-0.037618 0.022383 -0.268275 4 1.000000 0.407407 0.000000 0 0 0
-0.034546 0.025396 -0.267980 4 1.000000 0.407407 0.000000 0 0 0
-0.034280 0.025844 -0.267829 4 1.000000 0.407407 0.000000 0 0 0
-0.034114 0.026250 -0.267902 4 1.000000 0.407407 0.000000 0 0 0
-0.033941 0.026611 -0.267772 4 1.000000 0.407407 0.000000 0 0 0
-0.033877 0.026847 -0.267874 4 1.000000 0.407407 0.000000 0 0 0
-0.033862 0.027044 -0.268110 4 1.000000 0.407407 0.000000 0 0 0
-0.033807 0.027032 -0.267824 4 1.000000 0.407407 0.000000 0 0 0
-0.042892 0.018151 -0.266686 4 1.000000 0.407407 0.000000 0 0 0
-0.042571 0.018440 -0.266899 4 1.000000 0.407407 0.000000 0 0 0
-0.041286 0.019085 -0.266899 4 1.000000 0.407407 0.000000 0 0 0
-0.040245 0.019594 -0.266777 4 1.000000 0.407407 0.000000 0 0 0
-0.039254 0.020336 -0.266873 4 1.000000 0.407407 0.000000 0 0 0
-0.038451 0.020847 -0.266756 4 1.000000 0.407407 0.000000 0 0 0
-0.037648 0.021513 -0.266777 4 1.000000 0.407407 0.000000 0 0 0
-0.033728 0.025888 -0.266345 4 1.000000 0.407407 0.000000 0 0 0
-0.034018 0.025762 -0.266877 4 1.000000 0.407407 0.000000 0 0 0
-0.033781 0.026332 -0.266885 4 1.000000 0.407407 0.000000 0 0 0
-0.033507 0.026516 -0.266389 4 1.000000 0.407407 0.000000 0 0 0
-0.033731 0.026736 -0.267159 4 1.000000 0.407407 0.000000 0 0 0
-0.033929 0.026416 -0.267427 4 1.000000 0.407407 0.000000 0 0 0
-0.033528 0.026975 -0.266790 4 1.000000 0.407407 0.000000 0 0 0
-0.033646 0.027022 -0.267179 4 1.000000 0.407407 0.000000 0 0 0
-0.033390 0.027485 -0.266769 4 1.000000 0.407407 0.000000 0 0 0
-0.033241 0.027798 -0.266510 4 1.000000 0.407407 0.000000 0 0 0
-0.033261 0.028172 -0.266682 4 1.000000 0.407407 0.000000 0 0 0
-0.033256 0.028655 -0.266690 4 1.000000 0.407407 0.000000 0 0 0
-0.033748 0.030712 -0.266946 5 0.500000 0.000000 0.000000 0 0 0
-0.033893 0.031119 -0.266971 5 0.500000 0.000000 0.000000 0 0 0
-0.033337 0.029223 -0.266784 4 1.000000 0.407407 0.000000 0 0 0
-0.033187 0.029078 -0.266408 4 1.000000 0.407407 0.000000 0 0 0
-0.033262 0.029514 -0.266446 4 1.000000 0.407407 0.000000 0 0 0
-0.033348 0.029872 -0.266485 4 1.000000 0.407407 0.000000 0 0 0
-0.033455 0.030346 -0.266464 4 1.000000 0.407407 0.000000 0 0 0
-0.033961 0.031619 -0.266731 5 0.500000 0.000000 0.000000 0 0 0
-0.034267 0.032188 -0.266931 5 0.500000 0.000000 0.000000 0 0 0
-0.034037 0.032205 -0.266449 5 0.500000 0.000000 0.000000 0 0 0
-0.034295 0.032621 -0.266640 5 0.500000 0.000000 0.000000 0 0 0
-0.034517 0.032968 -0.266786 5 0.500000 0.000000 0.000000 0 0 0
-0.034670 0.033395 -0.266700 5 0.500000 0.000000 0.000000 0 0 0
-0.037096 0.036852 -0.266836 5 0.500000 0.000000 0.000000 0 0 0
-0.036377 0.036085 -0.266526 5 0.500000 0.000000 0.000000 0 0 0
-0.036665 0.036409 -0.266600 5 0.500000 0.000000 0.000000 0 0 0
-0.036840 0.036661 -0.266579 5 0.500000 0.000000 0.000000 0 0 0
-0.037013 0.036969 -0.266502 5 0.500000 0.000000 0.000000 0 0 0
-0.037286 0.037347 -0.266595 5 0.500000 0.000000 0.000000 0 0 0
-0.034978 0.033818 -0.266861 5 0.500000 0.000000 0.000000 0 0 0
-0.035057 0.034149 -0.266655 5 0.500000 0.000000 0.000000 0 0 0
-0.035264 0.034444 -0.266689 5 0.500000 0.000000 0.000000 0 0 0
-0.034722 0.033890 -0.266330 5 0.500000 0.000000 0.000000 0 0 0
-0.035580 0.034711 -0.266933 5 0.500000 0.000000 0.000000 0 0 0
-0.035358 0.034761 -0.266466 5 0.500000 0.000000 0.000000 0 0 0
-0.035642 0.035053 -0.266600 5 0.500000 0.000000 0.000000 0 0 0
-0.036107 0.022461 -0.266186 4 1.000000 0.407407 0.000000 0 0 0
-0.035588 0.023086 -0.266341 4 1.000000 0.407407 0.000000 0 0 0
-0.034859 0.023873 -0.266264 4 1.000000 0.407407 0.000000 0 0 0
-0.033229 0.022534 -0.262969 4 1.000000 0.407407 0.000000 0 0 0
-0.033616 0.022614 -0.263342 4 1.000000 0.407407 0.000000 0 0 0
-0.033805 0.022287 -0.263290 4 1.000000 0.407407 0.000000 0 0 0
-0.033392 0.022832 -0.263295 4 1.000000 0.407407 0.000000 0 0 0
-0.032697 0.023012 -0.262830 4 1.000000 0.407407 0.000000 0 0 0
-0.033085 0.023057 -0.263185 4 1.000000 0.407407 0.000000 0 0 0
-0.032677 0.023454 -0.263094 4 1.000000 0.407407 0.000000 0 0 0
-0.032304 0.023720 -0.262928 4 1.000000 0.407407 0.000000 0 0 0
-0.032511 0.023860 -0.263203 4 1.000000 0.407407 0.000000 0 0 0
-0.032187 0.024058 -0.263017 4 1.000000 0.407407 0.000000 0 0 0
-0.051563 0.032146 -0.294729 2 0.161290 1.000000 0.806452 0 0 0
-0.051423 0.032550 -0.294834 2 0.161290 1.000000 0.806452 0 0 0
-0.051054 0.032843 -0.294888 2 0.161290 1.000000 0.806452 0 0 0
-0.051468 0.033164 -0.294991 2 0.161290 1.000000 0.806452 0 0 0
-0.050911 0.033243 -0.294962 2 0.161290 1.000000 0.806452 0 0 0
-0.050601 0.032819 -0.294828 2 0.161290 1.000000 0.806452 0 0 0
-0.050325 0.033314 -0.294881 2 0.161290 1.000000 0.806452 0 0 0
-0.056296 0.035858 -0.294836 1 0.000000 0.300000 1.000000 0 0 0
-0.055905 0.034527 -0.294778 1 0.000000 0.300000 1.000000 0 0 0
-0.055481 0.034440 -0.294863 1 0.000000 0.300000 1.000000 0 0 0
-0.054597 0.033988 -0.294939 1 0.000000 0.300000 1.000000 0 0 0
-0.054165 0.033601 -0.294912 2 0.161290 1.000000 0.806452 0 0 0
-0.054852 0.034486 -0.295007 1 0.000000 0.300000 1.000000 0 0 0
-0.054071 0.034416 -0.295135 1 0.000000 0.300000 1.000000 0 0 0
-0.055810 0.034933 -0.294871 1 0.000000 0.300000 1.000000 0 0 0
-0.055248 0.035037 -0.295032 1 0.000000 0.300000 1.000000 0 0 0
-0.055737 0.035599 -0.294990 1 0.000000 0.300000 1.000000 0 0 0
-0.055032 0.035672 -0.295201 1 0.000000 0.300000 1.000000 0 0 0
-0.054548 0.035126 -0.295209 1 0.000000 0.300000 1.000000 0 0 0
-0.054115 0.034946 -0.295257 1 0.000000 0.300000 1.000000 0 0 0
-0.054638 0.035574 -0.295285 1 0.000000 0.300000 1.000000 0 0 0
-0.056383 0.036310 -0.294842 1 0.000000 0.300000 1.000000 0 0 0
-0.056233 0.036612 -0.294923 1 0.000000 0.300000 1.000000 0 0 0
-0.056268 0.037061 -0.294915 1 0.000000 0.300000 1.000000 0 0 0
-0.056283 0.037598 -0.294899 1 0.000000 0.300000 1.000000 0 0 0
-0.055360 0.042721 -0.293315 1 0.000000 0.300000 1.000000 0 0 0
-0.055195 0.042516 -0.293564 1 0.000000 0.300000 1.000000 0 0 0
-0.054845 0.042516 -0.293705 1 0.000000 0.300000 1.000000 0 0 0
-0.054928 0.042874 -0.293364 1 0.000000 0.300000 1.000000 0 0 0
-0.054270 0.042768 -0.293671 1 0.000000 0.300000 1.000000 0 0 0
-0.054518 0.043187 -0.293227 1 0.000000 0.300000 1.000000 0 0 0
-0.054019 0.043310 -0.293259 1 0.000000 0.300000 1.000000 0 0 0
-0.053775 0.043066 -0.293536 1 0.000000 0.300000 1.000000 0 0 0
-0.053323 0.043048 -0.293604 1 0.000000 0.300000 1.000000 0 0 0
-0.053525 0.043329 -0.293332 1 0.000000 0.300000 1.000000 0 0 0
-0.052880 0.043123 -0.293541 1 0.000000 0.300000 1.000000 0 0 0
-0.053047 0.043353 -0.293334 1 0.000000 0.300000 1.000000 0 0 0
-0.052517 0.043002 -0.293602 1 0.000000 0.300000 1.000000 0 0 0
-0.052568 0.043306 -0.293347 1 0.000000 0.300000 1.000000 0 0 0
-0.052086 0.042835 -0.293642 1 0.000000 0.300000 1.000000 0 0 0
-0.052132 0.043164 -0.293398 1 0.000000 0.300000 1.000000 0 0 0
-0.051710 0.042715 -0.293622 1 0.000000 0.300000 1.000000 0 0 0
-0.051406 0.042471 -0.293663 1 0.000000 0.300000 1.000000 0 0 0
-0.051408 0.042800 -0.293451 1 0.000000 0.300000 1.000000 0 0 0
-0.050925 0.042623 -0.293351 1 0.000000 0.300000 1.000000 0 0 0
-0.051729 0.043000 -0.293421 1 0.000000 0.300000 1.000000 0 0 0
-0.045550 0.034417 -0.292863 5 0.500000 0.000000 0.000000 0 0 0
-0.045676 0.034953 -0.292805 5 0.500000 0.000000 0.000000 0 0 0
-0.045314 0.034707 -0.292595 5 0.500000 0.000000 0.000000 0 0 0
-0.045262 0.034444 -0.292641 5 0.500000 0.000000 0.000000 0 0 0
-0.045751 0.035401 -0.292727 5 0.500000 0.000000 0.000000 0 0 0
-0.045376 0.035158 -0.292493 5 0.500000 0.000000 0.000000 0 0 0
-0.046189 0.036371 -0.292802 5 0.500000 0.000000 0.000000 0 0 0
-0.046238 0.036797 -0.292705 5 0.500000 0.000000 0.000000 0 0 0
-0.045508 0.035769 -0.292390 5 0.500000 0.000000 0.000000 0 0 0
-0.045878 0.036174 -0.292588 5 0.500000 0.000000 0.000000 0 0 0
-0.045938 0.036556 -0.292514 5 0.500000 0.000000 0.000000 0 0 0
-0.046245 0.037108 -0.292603 5 0.500000 0.000000 0.000000 0 0 0
-0.046859 0.038028 -0.292833 0 0.000000 0.000000 0.500000 0 0 0
-0.046259 0.037507 -0.292462 5 0.500000 0.000000 0.000000 0 0 0
-0.046576 0.037964 -0.292596 5 0.500000 0.000000 0.000000 0 0 0
-0.045966 0.036995 -0.292376 5 0.500000 0.000000 0.000000 0 0 0
-0.044833 0.033681 -0.292545 5 0.500000 0.000000 0.000000 0 0 0
-0.044759 0.033330 -0.292598 5 0.500000 0.000000 0.000000 0 0 0
-0.045320 0.033846 -0.292852 5 0.500000 0.000000 0.000000 0 0 0
-0.045114 0.034176 -0.292608 5 0.500000 0.000000 0.000000 0 0 0
-0.047611 0.039464 -0.292847 0 0.000000 0.000000 0.500000 0 0 0
-0.047952 0.040088 -0.292813 0 0.000000 0.000000 0.500000 0 0 0
-0.047394 0.039819 -0.292499 0 0.000000 0.000000 0.500000 0 0 0
-0.047598 0.040129 -0.292520 0 0.000000 0.000000 0.500000 0 0 0
-0.046782 0.038265 -0.292669 5 0.500000 0.000000 0.000000 0 0 0
-0.046510 0.038319 -0.292387 5 0.500000 0.000000 0.000000 0 0 0
-0.046849 0.038704 -0.292536 0 0.000000 0.000000 0.500000 0 0 0
-0.047234 0.039090 -0.292711 0 0.000000 0.000000 0.500000 0 0 0
-0.047244 0.039423 -0.292566 0 0.000000 0.000000 0.500000 0 0 0
-0.048294 0.040651 -0.292796 0 0.000000 0.000000 0.500000 0 0 0
-0.049098 0.041303 -0.293035 0 0.000000 0.000000 0.500000 0 0 0
-0.048716 0.041142 -0.292852 0 0.000000 0.000000 0.500000 0 0 0
-0.047973 0.040455 -0.292658 0 0.000000 0.000000 0.500000 0 0 0
-0.047723 0.040375 -0.292502 0 0.000000 0.000000 0.500000 0 0 0
-0.047929 0.040702 -0.292500 0 0.000000 0.000000 0.500000 0 0 0
-0.048223 0.041077 -0.292530 0 0.000000 0.000000 0.500000 0 0 0
-0.049059 0.041703 -0.292800 0 0.000000 0.000000 0.500000 0 0 0
-0.048539 0.041495 -0.292547 0 0.000000 0.000000 0.500000 0 0 0
-0.048721 0.041757 -0.292543 0 0.000000 0.000000 0.500000 0 0 0
-0.043443 0.029226 -0.291708 4 1.000000 0.407407 0.000000 0 0 0
-0.043699 0.029579 -0.292007 4 1.000000 0.407407 0.000000 0 0 0
-0.043348 0.029763 -0.291820 4 1.000000 0.407407 0.000000 0 0 0
-0.043651 0.030058 -0.292098 4 1.000000 0.407407 0.000000 0 0 0
-0.044009 0.030276 -0.292374 4 1.000000 0.407407 0.000000 0 0 0
-0.043297 0.030145 -0.291868 4 1.000000 0.407407 0.000000 0 0 0
-0.043714 0.030587 -0.292224 4 1.000000 0.407407 0.000000 0 0 0
-0.043981 0.030590 -0.292415 4 1.000000 0.407407 0.000000 0 0 0
-0.043412 0.030414 -0.291990 4 1.000000 0.407407 0.000000 0 0 0
-0.043993 0.030909 -0.292438 4 1.000000 0.407407 0.000000 0 0 0
-0.043665 0.031080 -0.292200 4 1.000000 0.407407 0.000000 0 0 0
-0.043370 0.030813 -0.291973 4 1.000000 0.407407 0.000000 0 0 0
-0.044243 0.032165 -0.292501 4 1.000000 0.407407 0.000000 0 0 0
-0.044114 0.031786 -0.292459 4 1.000000 0.407407 0.000000 0 0 0
-0.044063 0.032205 -0.292364 4 1.000000 0.407407 0.000000 0 0 0
-0.043929 0.031318 -0.292383 4 1.000000 0.407407 0.000000 0 0 0
-0.043695 0.031556 -0.292184 4 1.000000 0.407407 0.000000 0 0 0
-0.043360 0.031303 -0.291941 4 1.000000 0.407407 0.000000 0 0 0
-0.043766 0.032037 -0.292164 4 1.000000 0.407407 0.000000 0 0 0
-0.043399 0.031804 -0.291905 4 1.000000 0.407407 0.000000 0 0 0
-0.044324 0.032531 -0.292478 4 1.000000 0.407407 0.000000 0 0 0
-0.043908 0.032494 -0.292177 4 1.000000 0.407407 0.000000 0 0 0
-0.044608 0.033026 -0.292565 4 1.000000 0.407407 0.000000 0 0 0
-0.044542 0.033342 -0.292433 5 0.500000 0.000000 0.000000 0 0 0
-0.044140 0.033045 -0.292207 5 0.500000 0.000000 0.000000 0 0 0
-0.043467 0.032356 -0.291846 4 1.000000 0.407407 0.000000 0 0 0
-0.043729 0.032769 -0.291963 4 1.000000 0.407407 0.000000 0 0 0
-0.058396 0.040163 -0.292465 1 0.000000 0.300000 1.000000 0 0 0
-0.058380 0.040593 -0.292220 1 0.000000 0.300000 1.000000 0 0 0
-0.058347 0.041079 -0.291905 1 0.000000 0.300000 1.000000 0 0 0
-0.058096 0.040852 -0.292394 1 0.000000 0.300000 1.000000 0 0 0
-0.058069 0.041150 -0.292226 1 0.000000 0.300000 1.000000 0 0 0
-0.057767 0.041212 -0.292533 1 0.000000 0.300000 1.000000 0 0 0
-0.058033 0.041444 -0.292045 1 0.000000 0.300000 1.000000 0 0 0
-0.057726 0.041765 -0.292178 1 0.000000 0.300000 1.000000 0 0 0
-0.057510 0.041575 -0.292579 1 0.000000 0.300000 1.000000 0 0 0
-0.057333 0.041919 -0.292499 1 0.000000 0.300000 1.000000 0 0 0
-0.045060 0.034463 -0.292474 5 0.500000 0.000000 0.000000 0 0 0
-0.060000 0.038318 -0.291316 1 0.000000 0.300000 1.000000 0 0 0
-0.059701 0.038413 -0.291713 1 0.000000 0.300000 1.000000 0 0 0
-0.059729 0.038664 -0.291520 1 0.000000 0.300000 1.000000 0 0 0
-0.059588 0.038965 -0.291535 1 0.000000 0.300000 1.000000 0 0 0
-0.059562 0.039386 -0.291271 1 0.000000 0.300000 1.000000 0 0 0
-0.059306 0.039541 -0.291590 1 0.000000 0.300000 1.000000 0 0 0
-0.059177 0.039799 -0.291616 1 0.000000 0.300000 1.000000 0 0 0
-0.059359 0.039762 -0.291344 1 0.000000 0.300000 1.000000 0 0 0
-0.059195 0.040087 -0.291366 1 0.000000 0.300000 1.000000 0 0 0
-0.058929 0.040600 -0.291404 1 0.000000 0.300000 1.000000 0 0 0
-0.058786 0.041010 -0.291312 1 0.000000 0.300000 1.000000 0 0 0
-0.058664 0.040927 -0.291573 1 0.000000 0.300000 1.000000 0 0 0
-0.055370 0.028529 -0.291334 3 0.806452 1.000000 0.161290 0 0 0
-0.054558 0.028263 -0.291402 3 0.806452 1.000000 0.161290 0 0 0
-0.054674 0.028464 -0.291636 3 0.806452 1.000000 0.161290 0 0 0
-0.054911 0.028371 -0.291364 3 0.806452 1.000000 0.161290 0 0 0
-0.054335 0.028370 -0.291688 3 0.806452 1.000000 0.161290 0 0 0
-0.054156 0.028070 -0.291307 3 0.806452 1.000000 0.161290 0 0 0
-0.054135 0.028526 -0.292005 3 0.806452 1.000000 0.161290 0 0 0
-0.050733 0.026971 -0.291299 3 0.806452 1.000000 0.161290 0 0 0
-0.050764 0.027036 -0.291443 3 0.806452 1.000000 0.161290 0 0 0
-0.051061 0.027035 -0.291342 3 0.806452 1.000000 0.161290 0 0 0
-0.050494 0.027052 -0.291433 3 0.806452 1.000000 0.161290 0 0 0
-0.053359 0.027710 -0.291179 3 0.806452 1.000000 0.161290 0 0 0
-0.053571 0.027981 -0.291531 3 0.806452 1.000000 0.161290 0 0 0
-0.053757 0.027782 -0.291019 3 0.806452 1.000000 0.161290 0 0 0
-0.053055 0.027763 -0.291508 3 0.806452 1.000000 0.161290 0 0 0
-0.053015 0.027551 -0.291118 3 0.806452 1.000000 0.161290 0 0 0
-0.051730 0.027011 -0.291034 3 0.806452 1.000000 0.161290 0 0 0
-0.051871 0.027227 -0.291374 3 0.806452 1.000000 0.161290 0 0 0
-0.052105 0.027137 -0.291019 3 0.806452 1.000000 0.161290 0 0 0
-0.052467 0.027473 -0.291384 3 0.806452 1.000000 0.161290 0 0 0
-0.052727 0.027906 -0.291930 3 0.806452 1.000000 0.161290 0 0 0
-0.052298 0.027721 -0.291912 3 0.806452 1.000000 0.161290 0 0 0
-0.051901 0.027526 -0.291825 3 0.806452 1.000000 0.161290 0 0 0
-0.053934 0.028274 -0.291773 3 0.806452 1.000000 0.161290 0 0 0
-0.053543 0.028313 -0.292033 3 0.806452 1.000000 0.161290 0 0 0
-0.053192 0.028030 -0.291849 3 0.806452 1.000000 0.161290 0 0 0
-0.053867 0.028438 -0.292035 3 0.806452 1.000000 0.161290 0 0 0
-0.051515 0.027072 -0.291294 3 0.806452 1.000000 0.161290 0 0 0
-0.051494 0.027264 -0.291622 3 0.806452 1.000000 0.161290 0 0 0
-0.051114 0.027358 -0.291863 3 0.806452 1.000000 0.161290 0 0 0
-0.050755 0.027188 -0.291669 3 0.806452 1.000000 0.161290 0 0 0
-0.051487 0.027497 -0.291964 3 0.806452 1.000000 0.161290 0 0 0
-0.050344 0.027355 -0.291879 3 0.806452 1.000000 0.161290 0 0 0
-0.050101 0.027162 -0.291569 3 0.806452 1.000000 0.161290 0 0 0
-0.050019 0.027332 -0.291823 3 0.806452 1.000000 0.161290 0 0 0
-0.050061 0.027438 -0.291971 3 0.806452 1.000000 0.161290 0 0 0
-0.057950 0.029732 -0.291371 2 0.161290 1.000000 0.806452 0 0 0
-0.058045 0.029946 -0.291572 2 0.161290 1.000000 0.806452 0 0 0
-0.058379 0.029966 -0.291387 2 0.161290 1.000000 0.806452 0 0 0
-0.057771 0.029944 -0.291719 2 0.161290 1.000000 0.806452 0 0 0
-0.057466 0.029579 -0.291464 3 0.806452 1.000000 0.161290 0 0 0
-0.056899 0.029280 -0.291434 3 0.806452 1.000000 0.161290 0 0 0
-0.057327 0.030005 -0.292009 2 0.161290 1.000000 0.806452 0 0 0
-0.056995 0.029602 -0.291756 3 0.806452 1.000000 0.161290 0 0 0
-0.057147 0.029427 -0.291474 3 0.806452 1.000000 0.161290 0 0 0
-0.058492 0.030473 -0.291873 2 0.161290 1.000000 0.806452 0 0 0
-0.058085 0.030167 -0.291789 2 0.161290 1.000000 0.806452 0 0 0
-0.057763 0.030274 -0.292069 2 0.161290 1.000000 0.806452 0 0 0
-0.058742 0.029960 -0.291158 2 0.161290 1.000000 0.806452 0 0 0
-0.059936 0.030628 -0.291092 2 0.161290 1.000000 0.806452 0 0 0
-0.060267 0.031028 -0.291255 2 0.161290 1.000000 0.806452 0 0 0
-0.060848 0.031436 -0.291091 2 0.161290 1.000000 0.806452 0 0 0
-0.061577 0.032375 -0.290946 2 0.161290 1.000000 0.806452 0 0 0
-0.061786 0.032866 -0.290920 2 0.161290 1.000000 0.806452 0 0 0
-0.061990 0.033381 -0.290795 2 0.161290 1.000000 0.806452 0 0 0
-0.061548 0.032694 -0.291129 2 0.161290 1.000000 0.806452 0 0 0
-0.061978 0.033740 -0.290829 2 0.161290 1.000000 0.806452 0 0 0
-0.061949 0.034079 -0.290814 2 0.161290 1.000000 0.806452 0 0 0
-0.061455 0.035413 -0.291015 1 0.000000 0.300000 1.000000 0 0 0
-0.060789 0.036695 -0.291199 1 0.000000 0.300000 1.000000 0 0 0
-0.060600 0.037328 -0.291079 1 0.000000 0.300000 1.000000 0 0 0
-0.060509 0.037738 -0.290924 1 0.000000 0.300000 1.000000 0 0 0
-0.060240 0.037895 -0.291244 1 0.000000 0.300000 1.000000 0 0 0
-0.050229 0.026640 -0.289888 3 0.806452 1.000000 0.161290 0 0 0
-0.049568 0.026571 -0.289703 3 0.806452 1.000000 0.161290 0 0 0
-0.047612 0.026152 -0.289728 3 0.806452 1.000000 0.161290 0 0 0
-0.047710 0.026347 -0.290008 3 0.806452 1.000000 0.161290 0 0 0
-0.048025 0.026286 -0.289777 3 0.806452 1.000000 0.161290 0 0 0
-0.046782 0.025814 -0.289473 3 0.806452 1.000000 0.161290 0 0 0
-0.046702 0.026000 -0.289786 3 0.806452 1.000000 0.161290 0 0 0
-0.047199 0.025960 -0.289567 3 0.806452 1.000000 0.161290 0 0 0
-0.046391 0.025792 -0.289536 3 0.806452 1.000000 0.161290 0 0 0
-0.046178 0.025977 -0.289842 3 0.806452 1.000000 0.161290 0 0 0
-0.045816 0.025733 -0.289486 3 0.806452 1.000000 0.161290 0 0 0
-0.045636 0.026020 -0.289926 3 0.806452 1.000000 0.161290 0 0 0
-0.045106 0.025847 -0.289647 3 0.806452 1.000000 0.161290 0 0 0
-0.045093 0.026165 -0.290083 3 0.806452 1.000000 0.161290 0 0 0
-0.049149 0.026518 -0.289708 3 0.806452 1.000000 0.161290 0 0 0
-0.048772 0.026428 -0.289670 3 0.806452 1.000000 0.161290 0 0 0
-0.048362 0.026406 -0.289837 3 0.806452 1.000000 0.161290 0 0 0
-0.044530 0.026054 -0.289851 3 0.806452 1.000000 0.161290 0 0 0
-0.044638 0.025829 -0.289577 3 0.806452 1.000000 0.161290 0 0 0
-0.044201 0.025821 -0.289430 4 1.000000 0.407407 0.000000 0 0 0
-0.043992 0.026104 -0.289774 4 1.000000 0.407407 0.000000 0 0 0
-0.043754 0.026016 -0.289549 4 1.000000 0.407407 0.000000 0 0 0
-0.043696 0.026156 -0.289725 4 1.000000 0.407407 0.000000 0 0 0
-0.043368 0.026238 -0.289604 4 1.000000 0.407407 0.000000 0 0 0
-0.041324 0.028552 -0.289593 4 1.000000 0.407407 0.000000 0 0 0
-0.041321 0.032219 -0.289732 5 0.500000 0.000000 0.000000 0 0 0
-0.041245 0.032578 -0.289535 5 0.500000 0.000000 0.000000 0 0 0
-0.041172 0.032979 -0.289319 5 0.500000 0.000000 0.000000 0 0 0
-0.041780 0.034025 -0.289548 5 0.500000 0.000000 0.000000 0 0 0
-0.041691 0.034228 -0.289351 5 0.500000 0.000000 0.000000 0 0 0
-0.042262 0.035191 -0.289416 5 0.500000 0.000000 0.000000 0 0 0
-0.042277 0.035423 -0.289290 5 0.500000 0.000000 0.000000 0 0 0
-0.042724 0.036019 -0.289392 5 0.500000 0.000000 0.000000 0 0 0
-0.043400 0.036927 -0.289582 5 0.500000 0.000000 0.000000 0 0 0
-0.043413 0.037200 -0.289432 5 0.500000 0.000000 0.000000 0 0 0
-0.045172 0.040882 -0.289551 5 0.500000 0.000000 0.000000 0 0 0
-0.045268 0.041238 -0.289440 5 0.500000 0.000000 0.000000 0 0 0
-0.043993 0.038370 -0.289464 5 0.500000 0.000000 0.000000 0 0 0
-0.044581 0.039679 -0.289492 5 0.500000 0.000000 0.000000 0 0 0
-0.044592 0.039969 -0.289340 5 0.500000 0.000000 0.000000 0 0 0
-0.054454 0.047211 -0.288824 1 0.000000 0.300000 1.000000 0 0 0
-0.054138 0.047392 -0.288784 1 0.000000 0.300000 1.000000 0 0 0
-0.053746 0.047603 -0.288727 1 0.000000 0.300000 1.000000 0 0 0
-0.052875 0.047799 -0.288819 1 0.000000 0.300000 1.000000 0 0 0
-0.052428 0.047867 -0.288851 1 0.000000 0.300000 1.000000 0 0 0
-0.051872 0.047938 -0.288850 0 0.000000 0.000000 0.500000 0 0 0
-0.051465 0.047951 -0.288845 0 0.000000 0.000000 0.500000 0 0 0
-0.051065 0.047951 -0.288804 0 0.000000 0.000000 0.500000 0 0 0
-0.049475 0.047244 -0.288933 0 0.000000 0.000000 0.500000 0 0 0
-0.050539 0.047728 -0.288898 0 0.000000 0.000000 0.500000 0 0 0
-0.045844 0.042855 -0.288928 5 0.500000 0.000000 0.000000 0 0 0
-0.046422 0.043754 -0.288888 5 0.500000 0.000000 0.000000 0 0 0
-0.046981 0.044495 -0.288942 5 0.500000 0.000000 0.000000 0 0 0
-0.047515 0.045121 -0.289085 0 0.000000 0.000000 0.500000 0 0 0
-0.048507 0.046738 -0.288711 0 0.000000 0.000000 0.500000 0 0 0
-0.048160 0.046228 -0.288826 0 0.000000 0.000000 0.500000 0 0 0
-0.062168 0.036978 -0.288159 1 0.000000 0.300000 1.000000 0 0 0
-0.062033 0.037165 -0.288237 1 0.000000 0.300000 1.000000 0 0 0
-0.061882 0.037543 -0.288068 1 0.000000 0.300000 1.000000 0 0 0
-0.061663 0.037680 -0.288452 1 0.000000 0.300000 1.000000 0 0 0
-0.061545 0.038103 -0.288143 1 0.000000 0.300000 1.000000 0 0 0
-0.061291 0.038672 -0.288008 1 0.000000 0.300000 1.000000 0 0 0
-0.061169 0.038981 -0.287905 1 0.000000 0.300000 1.000000 0 0 0
-0.060997 0.039064 -0.288299 1 0.000000 0.300000 1.000000 0 0 0
-0.061084 0.039233 -0.287801 1 0.000000 0.300000 1.000000 0 0 0
-0.060855 0.039613 -0.287975 1 0.000000 0.300000 1.000000 0 0 0
-0.060585 0.040121 -0.288121 1 0.000000 0.300000 1.000000 0 0 0
-0.060553 0.040478 -0.287761 1 0.000000 0.300000 1.000000 0 0 0
-0.060376 0.040615 -0.288111 1 0.000000 0.300000 1.000000 0 0 0
-0.060392 0.040878 -0.287728 1 0.000000 0.300000 1.000000 0 0 0
-0.060135 0.041192 -0.288076 1 0.000000 0.300000 1.000000 0 0 0
-0.059967 0.041622 -0.287997 1 0.000000 0.300000 1.000000 0 0 0
-0.059837 0.041604 -0.288406 1 0.000000 0.300000 1.000000 0 0 0
-0.059801 0.041959 -0.288006 1 0.000000 0.300000 1.000000 0 0 0
-0.059606 0.042362 -0.287969 1 0.000000 0.300000 1.000000 0 0 0
-0.057277 0.027691 -0.287728 3 0.806452 1.000000 0.161290 0 0 0
-0.057398 0.027836 -0.288117 3 0.806452 1.000000 0.161290 0 0 0
-0.057640 0.027820 -0.287732 3 0.806452 1.000000 0.161290 0 0 0
-0.056866 0.027650 -0.288013 3 0.806452 1.000000 0.161290 0 0 0
-0.056226 0.027551 -0.288159 3 0.806452 1.000000 0.161290 0 0 0
-0.057856 0.028003 -0.288104 3 0.806452 1.000000 0.161290 0 0 0
-0.058074 0.028197 -0.288491 3 0.806452 1.000000 0.161290 0 0 0
-0.058368 0.028197 -0.287997 3 0.806452 1.000000 0.161290 0 0 0
-0.055773 0.027522 -0.288324 3 0.806452 1.000000 0.161290 0 0 0
-0.055911 0.027490 -0.288110 3 0.806452 1.000000 0.161290 0 0 0
-0.055167 0.027482 -0.288495 3 0.806452 1.000000 0.161290 0 0 0
-0.054556 0.027398 -0.288406 3 0.806452 1.000000 0.161290 0 0 0
-0.055758 0.027466 -0.288089 3 0.806452 1.000000 0.161290 0 0 0
-0.055466 0.027425 -0.288058 3 0.806452 1.000000 0.161290 0 0 0
-0.054813 0.027327 -0.287913 3 0.806452 1.000000 0.161290 0 0 0
-0.049499 0.026284 -0.287987 3 0.806452 1.000000 0.161290 0 0 0
-0.049792 0.026365 -0.287878 3 0.806452 1.000000 0.161290 0 0 0
-0.050331 0.026501 -0.288089 3 0.806452 1.000000 0.161290 0 0 0
-0.048019 0.025726 -0.288200 3 0.806452 1.000000 0.161290 0 0 0
-0.048434 0.025860 -0.287994 3 0.806452 1.000000 0.161290 0 0 0
-0.047522 0.025618 -0.288231 3 0.806452 1.000000 0.161290 0 0 0
-0.048825 0.026028 -0.288182 3 0.806452 1.000000 0.161290 0 0 0
-0.049258 0.026214 -0.288234 3 0.806452 1.000000 0.161290 0 0 0
-0.062634 0.036760 -0.287202 1 0.000000 0.300000 1.000000 0 0 0
-0.062382 0.036986 -0.287556 1 0.000000 0.300000 1.000000 0 0 0
-0.062158 0.037140 -0.287936 1 0.000000 0.300000 1.000000 0 0 0
-0.061541 0.038444 -0.287635 1 0.000000 0.300000 1.000000 0 0 0
-0.059787 0.042250 -0.287598 1 0.000000 0.300000 1.000000 0 0 0
-0.055861 0.027414 -0.287863 3 0.806452 1.000000 0.161290 0 0 0
-0.055401 0.027303 -0.287663 3 0.806452 1.000000 0.161290 0 0 0
-0.048122 0.025760 -0.287802 3 0.806452 1.000000 0.161290 0 0 0
-0.047774 0.025671 -0.287876 3 0.806452 1.000000 0.161290 0 0 0
-0.047770 0.046965 -0.287641 0 0.000000 0.000000 0.500000 0 0 0
-0.044693 0.042136 -0.287652 5 0.500000 0.000000 0.000000 0 0 0
-0.047731 0.047176 -0.287306 0 0.000000 0.000000 0.500000 0 0 0
-0.048217 0.047728 -0.287424 0 0.000000 0.000000 0.500000 0 0 0
-0.049160 0.048373 -0.287663 0 0.000000 0.000000 0.500000 0 0 0
-0.048813 0.048251 -0.287493 0 0.000000 0.000000 0.500000 0 0 0
-0.040864 0.026467 -0.287639 4 1.000000 0.407407 0.000000 0 0 0
-0.040068 0.027286 -0.287585 4 1.000000 0.407407 0.000000 0 0 0
-0.040072 0.027558 -0.287771 4 1.000000 0.407407 0.000000 0 0 0
-0.039648 0.028394 -0.287740 4 1.000000 0.407407 0.000000 0 0 0
-0.039641 0.028787 -0.287890 4 1.000000 0.407407 0.000000 0 0 0
-0.039537 0.029216 -0.287892 4 1.000000 0.407407 0.000000 0 0 0
-0.039462 0.029852 -0.287914 4 1.000000 0.407407 0.000000 0 0 0
-0.039358 0.030605 -0.287833 4 1.000000 0.407407 0.000000 0 0 0
-0.039479 0.031232 -0.287902 4 1.000000 0.407407 0.000000 0 0 0
-0.039093 0.030502 -0.287584 4 1.000000 0.407407 0.000000 0 0 0
-0.039046 0.027799 -0.286654 4 1.000000 0.407407 0.000000 0 0 0
-0.038526 0.028391 -0.286337 4 1.000000 0.407407 0.000000 0 0 0
-0.038517 0.028777 -0.286556 4 1.000000 0.407407 0.000000 0 0 0
-0.037949 0.030085 -0.286229 4 1.000000 0.407407 0.000000 0 0 0
-0.038044 0.030466 -0.286409 4 1.000000 0.407407 0.000000 0 0 0
-0.038172 0.031017 -0.286610 4 1.000000 0.407407 0.000000 0 0 0
-0.038456 0.032167 -0.286779 5 0.500000 0.000000 0.000000 0 0 0
-0.038380 0.032569 -0.286586 5 0.500000 0.000000 0.000000 0 0 0
-0.038881 0.033404 -0.286783 5 0.500000 0.000000 0.000000 0 0 0
-0.038581 0.033065 -0.286621 5 0.500000 0.000000 0.000000 0 0 0
-0.038212 0.031500 -0.286642 5 0.500000 0.000000 0.000000 0 0 0
-0.038155 0.031977 -0.286501 5 0.500000 0.000000 0.000000 0 0 0
-0.038098 0.032355 -0.286358 5 0.500000 0.000000 0.000000 0 0 0
-0.038881 0.033839 -0.286596 5 0.500000 0.000000 0.000000 0 0 0
-0.039638 0.035026 -0.286739 5 0.500000 0.000000 0.000000 0 0 0
-0.039615 0.035330 -0.286506 5 0.500000 0.000000 0.000000 0 0 0
-0.040292 0.036209 -0.286627 5 0.500000 0.000000 0.000000 0 0 0
-0.062199 0.038165 -0.286233 1 0.000000 0.300000 1.000000 0 0 0
-0.061580 0.039341 -0.286292 1 0.000000 0.300000 1.000000 0 0 0
-0.060925 0.041040 -0.285866 1 0.000000 0.300000 1.000000 0 0 0
-0.056117 0.026560 -0.285996 3 0.806452 1.000000 0.161290 0 0 0
-0.055705 0.026301 -0.285689 3 0.806452 1.000000 0.161290 0 0 0
-0.055469 0.026328 -0.285921 3 0.806452 1.000000 0.161290 0 0 0
-0.054264 0.026209 -0.285735 3 0.806452 1.000000 0.161290 0 0 0
-0.057128 0.027093 -0.286111 3 0.806452 1.000000 0.161290 0 0 0
-0.053826 0.026299 -0.285876 3 0.806452 1.000000 0.161290 0 0 0
-0.053166 0.051001 -0.284971 0 0.000000 0.000000 0.500000 0 0 0
-0.050974 0.051219 -0.284793 0 0.000000 0.000000 0.500000 0 0 0
-0.050143 0.050638 -0.285062 0 0.000000 0.000000 0.500000 0 0 0
-0.039221 0.026764 -0.285119 4 1.000000 0.407407 0.000000 0 0 0
-0.038820 0.027214 -0.284986 4 1.000000 0.407407 0.000000 0 0 0
-0.037766 0.029430 -0.284626 4 1.000000 0.407407 0.000000 0 0 0
-0.037806 0.029660 -0.284068 4 1.000000 0.407407 0.000000 0 0 0
-0.037632 0.029982 -0.284600 4 1.000000 0.407407 0.000000 0 0 0
-0.037642 0.029701 -0.284972 4 1.000000 0.407407 0.000000 0 0 0
-0.037575 0.029997 -0.284959 4 1.000000 0.407407 0.000000 0 0 0
-0.037481 0.033338 -0.284417 5 0.500000 0.000000 0.000000 0 0 0
-0.037484 0.032070 -0.284504 5 0.500000 0.000000 0.000000 0 0 0
-0.037489 0.032825 -0.284678 5 0.500000 0.000000 0.000000 0 0 0
-0.037510 0.033320 -0.284728 5 0.500000 0.000000 0.000000 0 0 0
-0.037550 0.033700 -0.284161 5 0.500000 0.000000 0.000000 0 0 0
-0.037545 0.033634 -0.284513 5 0.500000 0.000000 0.000000 0 0 0
-0.037512 0.033489 -0.284627 5 0.500000 0.000000 0.000000 0 0 0
-0.037690 0.033967 -0.284508 5 0.500000 0.000000 0.000000 0 0 0
-0.037722 0.034171 -0.284026 5 0.500000 0.000000 0.000000 0 0 0
-0.038156 0.034959 -0.284135 5 0.500000 0.000000 0.000000 0 0 0
-0.037983 0.034525 -0.284518 5 0.500000 0.000000 0.000000 0 0 0
-0.037931 0.034597 -0.283961 5 0.500000 0.000000 0.000000 0 0 0
-0.038197 0.034923 -0.284516 5 0.500000 0.000000 0.000000 0 0 0
-0.038373 0.035231 -0.284452 5 0.500000 0.000000 0.000000 0 0 0
-0.038326 0.035252 -0.284126 5 0.500000 0.000000 0.000000 0 0 0
-0.038769 0.035788 -0.284472 5 0.500000 0.000000 0.000000 0 0 0
-0.038557 0.035507 -0.284472 5 0.500000 0.000000 0.000000 0 0 0
-0.038517 0.035522 -0.284092 5 0.500000 0.000000 0.000000 0 0 0
-0.038740 0.035831 -0.284066 5 0.500000 0.000000 0.000000 0 0 0
-0.039397 0.036589 -0.284627 5 0.500000 0.000000 0.000000 0 0 0
-0.039088 0.036125 -0.284750 5 0.500000 0.000000 0.000000 0 0 0
-0.039031 0.036208 -0.284065 5 0.500000 0.000000 0.000000 0 0 0
-0.039374 0.036733 -0.284053 5 0.500000 0.000000 0.000000 0 0 0
-0.039995 0.037423 -0.284612 5 0.500000 0.000000 0.000000 0 0 0
-0.039754 0.037189 -0.284436 5 0.500000 0.000000 0.000000 0 0 0
-0.039772 0.037303 -0.284060 5 0.500000 0.000000 0.000000 0 0 0
-0.039581 0.036981 -0.284326 5 0.500000 0.000000 0.000000 0 0 0
-0.039547 0.037008 -0.284023 5 0.500000 0.000000 0.000000 0 0 0
-0.040553 0.038183 -0.284489 5 0.500000 0.000000 0.000000 0 0 0
-0.040333 0.037871 -0.284578 5 0.500000 0.000000 0.000000 0 0 0
-0.044347 0.042856 -0.284140 5 0.500000 0.000000 0.000000 0 0 0
-0.047478 0.047438 -0.285378 5 0.500000 0.000000 0.000000 0 0 0
-0.047395 0.047647 -0.283565 5 0.500000 0.000000 0.000000 0 0 0
-0.063284 0.038077 -0.283284 1 0.000000 0.300000 1.000000 0 0 0
-0.063004 0.038475 -0.283534 1 0.000000 0.300000 1.000000 0 0 0
-0.062829 0.038874 -0.283491 1 0.000000 0.300000 1.000000 0 0 0
-0.062688 0.038836 -0.283908 1 0.000000 0.300000 1.000000 0 0 0
-0.062645 0.039209 -0.283539 1 0.000000 0.300000 1.000000 0 0 0
-0.062410 0.039612 -0.283609 1 0.000000 0.300000 1.000000 0 0 0
-0.062314 0.039940 -0.283404 1 0.000000 0.300000 1.000000 0 0 0
-0.062129 0.039970 -0.283858 1 0.000000 0.300000 1.000000 0 0 0
-0.062079 0.040344 -0.283433 1 0.000000 0.300000 1.000000 0 0 0
-0.061834 0.040784 -0.283402 1 0.000000 0.300000 1.000000 0 0 0
-0.061695 0.041055 -0.283329 1 0.000000 0.300000 1.000000 0 0 0
-0.061573 0.041087 -0.283643 1 0.000000 0.300000 1.000000 0 0 0
-0.061557 0.041317 -0.283236 1 0.000000 0.300000 1.000000 0 0 0
-0.061222 0.041686 -0.283575 1 0.000000 0.300000 1.000000 0 0 0
-0.060978 0.042031 -0.283676 1 0.000000 0.300000 1.000000 0 0 0
-0.056752 0.026297 -0.283729 3 0.806452 1.000000 0.161290 0 0 0
-0.057237 0.026458 -0.283801 3 0.806452 1.000000 0.161290 0 0 0
-0.058417 0.026889 -0.283684 3 0.806452 1.000000 0.161290 0 0 0
-0.057940 0.026683 -0.283618 3 0.806452 1.000000 0.161290 0 0 0
-0.057564 0.026599 -0.283896 3 0.806452 1.000000 0.161290 0 0 0
-0.041131 0.039163 -0.283948 5 0.500000 0.000000 0.000000 0 0 0
-0.040948 0.039074 -0.283665 5 0.500000 0.000000 0.000000 0 0 0
-0.041412 0.039483 -0.284014 5 0.500000 0.000000 0.000000 0 0 0
-0.042092 0.040221 -0.284118 5 0.500000 0.000000 0.000000 0 0 0
-0.041799 0.040016 -0.283920 5 0.500000 0.000000 0.000000 0 0 0
-0.041169 0.039358 -0.283718 5 0.500000 0.000000 0.000000 0 0 0
-0.041050 0.039347 -0.283454 5 0.500000 0.000000 0.000000 0 0 0
-0.041342 0.039721 -0.283515 5 0.500000 0.000000 0.000000 0 0 0
-0.041642 0.040113 -0.283514 5 0.500000 0.000000 0.000000 0 0 0
-0.042695 0.040875 -0.284136 5 0.500000 0.000000 0.000000 0 0 0
-0.042744 0.041116 -0.283752 5 0.500000 0.000000 0.000000 0 0 0
-0.043427 0.041813 -0.283850 5 0.500000 0.000000 0.000000 0 0 0
-0.042780 0.041286 -0.283404 5 0.500000 0.000000 0.000000 0 0 0
-0.043124 0.041598 -0.283416 5 0.500000 0.000000 0.000000 0 0 0
-0.043571 0.042053 -0.283534 5 0.500000 0.000000 0.000000 0 0 0
-0.043881 0.042394 -0.283611 5 0.500000 0.000000 0.000000 0 0 0
-0.042282 0.040573 -0.283887 5 0.500000 0.000000 0.000000 0 0 0
-0.041896 0.040336 -0.283614 5 0.500000 0.000000 0.000000 0 0 0
-0.042438 0.040887 -0.283603 5 0.500000 0.000000 0.000000 0 0 0
-0.042030 0.040567 -0.283451 5 0.500000 0.000000 0.000000 0 0 0
-0.042244 0.040772 -0.283452 5 0.500000 0.000000 0.000000 0 0 0
-0.041760 0.040376 -0.283295 5 0.500000 0.000000 0.000000 0 0 0
-0.042491 0.041050 -0.283311 5 0.500000 0.000000 0.000000 0 0 0
-0.062091 0.028707 -0.283340 3 0.806452 1.000000 0.161290 0 0 0
-0.061735 0.028358 -0.283223 3 0.806452 1.000000 0.161290 0 0 0
-0.060305 0.027464 -0.283136 3 0.806452 1.000000 0.161290 0 0 0
-0.058628 0.026854 -0.283295 3 0.806452 1.000000 0.161290 0 0 0
-0.062415 0.029057 -0.283440 2 0.161290 1.000000 0.806452 0 0 0
-0.064644 0.033888 -0.283205 2 0.161290 1.000000 0.806452 0 0 0
-0.064340 0.035482 -0.283333 1 0.000000 0.300000 1.000000 0 0 0
-0.044006 0.042624 -0.283027 5 0.500000 0.000000 0.000000 0 0 0
-0.044677 0.043497 -0.283053 5 0.500000 0.000000 0.000000 0 0 0
-0.044978 0.043727 -0.284053 5 0.500000 0.000000 0.000000 0 0 0
-0.043740 0.042290 -0.283282 5 0.500000 0.000000 0.000000 0 0 0
-0.045229 0.044199 -0.283462 5 0.500000 0.000000 0.000000 0 0 0
-0.048527 0.049345 -0.284024 0 0.000000 0.000000 0.500000 0 0 0
-0.047758 0.048349 -0.283058 5 0.500000 0.000000 0.000000 0 0 0
-0.046802 0.046726 -0.283025 5 0.500000 0.000000 0.000000 0 0 0
-0.047345 0.047691 -0.282671 5 0.500000 0.000000 0.000000 0 0 0
-0.039123 0.027517 -0.283625 4 1.000000 0.407407 0.000000 0 0 0
-0.038749 0.027860 -0.283864 4 1.000000 0.407407 0.000000 0 0 0
-0.060709 0.042803 -0.282550 1 0.000000 0.300000 1.000000 0 0 0
-0.060492 0.043191 -0.282270 1 0.000000 0.300000 1.000000 0 0 0
-0.060178 0.043591 -0.282441 1 0.000000 0.300000 1.000000 0 0 0
-0.059984 0.043910 -0.282312 1 0.000000 0.300000 1.000000 0 0 0
-0.059816 0.044202 -0.282172 1 0.000000 0.300000 1.000000 0 0 0
-0.059559 0.044486 -0.282501 1 0.000000 0.300000 1.000000 0 0 0
-0.059332 0.044883 -0.282284 1 0.000000 0.300000 1.000000 0 0 0
-0.059050 0.045257 -0.282452 1 0.000000 0.300000 1.000000 0 0 0
-0.058866 0.045570 -0.282319 1 0.000000 0.300000 1.000000 0 0 0
-0.058703 0.045866 -0.282160 1 0.000000 0.300000 1.000000 0 0 0
-0.058430 0.046170 -0.282468 1 0.000000 0.300000 1.000000 0 0 0
-0.058196 0.046577 -0.282261 1 0.000000 0.300000 1.000000 0 0 0
-0.057935 0.046881 -0.282476 1 0.000000 0.300000 1.000000 0 0 0
-0.057804 0.047178 -0.282178 1 0.000000 0.300000 1.000000 0 0 0
-0.057571 0.047561 -0.282058 1 0.000000 0.300000 1.000000 0 0 0
-0.057276 0.047817 -0.282474 1 0.000000 0.300000 1.000000 0 0 0
-0.057030 0.048262 -0.282225 1 0.000000 0.300000 1.000000 0 0 0
-0.056693 0.048657 -0.282401 1 0.000000 0.300000 1.000000 0 0 0
-0.056383 0.049200 -0.282137 1 0.000000 0.300000 1.000000 0 0 0
-0.056428 0.048985 -0.282491 1 0.000000 0.300000 1.000000 0 0 0
-0.056213 0.049234 -0.282588 1 0.000000 0.300000 1.000000 0 0 0
-0.056088 0.049538 -0.282287 1 0.000000 0.300000 1.000000 0 0 0
-0.055860 0.049886 -0.282193 1 0.000000 0.300000 1.000000 0 0 0
-0.055559 0.050163 -0.282450 1 0.000000 0.300000 1.000000 0 0 0
-0.055335 0.050585 -0.282130 1 0.000000 0.300000 1.000000 0 0 0
-0.055315 0.050459 -0.282478 1 0.000000 0.300000 1.000000 0 0 0
-0.055049 0.050739 -0.282554 1 0.000000 0.300000 1.000000 0 0 0
-0.054741 0.051121 -0.282483 1 0.000000 0.300000 1.000000 0 0 0
-0.054525 0.051433 -0.282276 1 0.000000 0.300000 1.000000 0 0 0
-0.048409 0.049584 -0.282239 0 0.000000 0.000000 0.500000 0 0 0
-0.048178 0.049163 -0.282500 0 0.000000 0.000000 0.500000 0 0 0
-0.048173 0.049214 -0.281771 5 0.500000 0.000000 0.000000 0 0 0
-0.048485 0.049765 -0.281655 0 0.000000 0.000000 0.500000 0 0 0
-0.047932 0.048748 -0.282341 5 0.500000 0.000000 0.000000 0 0 0
-0.047862 0.048672 -0.281763 5 0.500000 0.000000 0.000000 0 0 0
-0.048633 0.050014 -0.281731 0 0.000000 0.000000 0.500000 0 0 0
-0.048957 0.050415 -0.282241 0 0.000000 0.000000 0.500000 0 0 0
-0.048762 0.050199 -0.281849 0 0.000000 0.000000 0.500000 0 0 0
-0.048984 0.050526 -0.281543 0 0.000000 0.000000 0.500000 0 0 0
-0.049223 0.050768 -0.282278 0 0.000000 0.000000 0.500000 0 0 0
-0.049243 0.050847 -0.281866 0 0.000000 0.000000 0.500000 0 0 0
-0.064894 0.035469 -0.281690 1 0.000000 0.300000 1.000000 0 0 0
-0.064445 0.037293 -0.281616 1 0.000000 0.300000 1.000000 0 0 0
-0.063906 0.038523 -0.281712 1 0.000000 0.300000 1.000000 0 0 0
-0.063826 0.038805 -0.281667 1 0.000000 0.300000 1.000000 0 0 0
-0.063153 0.040184 -0.281566 1 0.000000 0.300000 1.000000 0 0 0
-0.062834 0.040546 -0.281635 1 0.000000 0.300000 1.000000 0 0 0
-0.065512 0.033524 -0.280303 2 0.161290 1.000000 0.806452 0 0 0
-0.065569 0.033822 -0.280282 2 0.161290 1.000000 0.806452 0 0 0
-0.065634 0.034196 -0.280264 2 0.161290 1.000000 0.806452 0 0 0
-0.065592 0.034805 -0.280428 2 0.161290 1.000000 0.806452 0 0 0
-0.065881 0.034671 -0.279986 2 0.161290 1.000000 0.806452 0 0 0
-0.065540 0.035391 -0.280518 2 0.161290 1.000000 0.806452 0 0 0
-0.065492 0.035954 -0.280547 1 0.000000 0.300000 1.000000 0 0 0
-0.065386 0.036508 -0.280613 1 0.000000 0.300000 1.000000 0 0 0
-0.065271 0.037260 -0.280629 1 0.000000 0.300000 1.000000 0 0 0
-0.065396 0.036965 -0.280551 1 0.000000 0.300000 1.000000 0 0 0
-0.065262 0.037688 -0.280576 1 0.000000 0.300000 1.000000 0 0 0
-0.054964 0.051698 -0.280597 1 0.000000 0.300000 1.000000 0 0 0
-0.054691 0.052066 -0.280460 1 0.000000 0.300000 1.000000 0 0 0
-0.054290 0.052304 -0.280778 0 0.000000 0.000000 0.500000 0 0 0
-0.053931 0.052690 -0.280585 0 0.000000 0.000000 0.500000 0 0 0
-0.053651 0.052896 -0.280548 0 0.000000 0.000000 0.500000 0 0 0
-0.053388 0.053094 -0.280395 0 0.000000 0.000000 0.500000 0 0 0
-0.052831 0.053303 -0.280296 0 0.000000 0.000000 0.500000 0 0 0
-0.053027 0.053059 -0.280739 0 0.000000 0.000000 0.500000 0 0 0
-0.052533 0.053115 -0.280822 0 0.000000 0.000000 0.500000 0 0 0
-0.052374 0.053303 -0.280400 0 0.000000 0.000000 0.500000 0 0 0
-0.052115 0.053182 -0.280652 0 0.000000 0.000000 0.500000 0 0 0
-0.052028 0.053337 -0.280246 0 0.000000 0.000000 0.500000 0 0 0
-0.049975 0.051839 -0.280929 0 0.000000 0.000000 0.500000 0 0 0
-0.050246 0.052179 -0.280627 0 0.000000 0.000000 0.500000 0 0 0
-0.050577 0.052456 -0.280777 0 0.000000 0.000000 0.500000 0 0 0
-0.051145 0.052909 -0.280536 0 0.000000 0.000000 0.500000 0 0 0
-0.050926 0.052688 -0.280877 0 0.000000 0.000000 0.500000 0 0 0
-0.051638 0.053101 -0.280581 0 0.000000 0.000000 0.500000 0 0 0
-0.039396 0.025398 -0.280005 4 1.000000 0.407407 0.000000 0 0 0
-0.038987 0.025580 -0.279894 4 1.000000 0.407407 0.000000 0 0 0
-0.039178 0.025699 -0.280143 4 1.000000 0.407407 0.000000 0 0 0
-0.038798 0.026084 -0.280099 4 1.000000 0.407407 0.000000 0 0 0
-0.039266 0.025895 -0.280346 4 1.000000 0.407407 0.000000 0 0 0
-0.039298 0.026298 -0.280618 4 1.000000 0.407407 0.000000 0 0 0
-0.063342 0.042231 -0.279952 1 0.000000 0.300000 1.000000 0 0 0
-0.062902 0.042336 -0.280059 1 0.000000 0.300000 1.000000 0 0 0
-0.057947 0.025711 -0.279866 3 0.806452 1.000000 0.161290 0 0 0
-0.055770 0.025645 -0.279891 3 0.806452 1.000000 0.161290 0 0 0
-0.038911 0.034610 -0.279995 5 0.500000 0.000000 0.000000 0 0 0
-0.039050 0.035102 -0.280255 5 0.500000 0.000000 0.000000 0 0 0
-0.063874 0.027824 -0.279063 3 0.806452 1.000000 0.161290 0 0 0
-0.063937 0.028290 -0.279281 3 0.806452 1.000000 0.161290 0 0 0
-0.063607 0.028142 -0.279673 3 0.806452 1.000000 0.161290 0 0 0
-0.063869 0.028566 -0.279583 3 0.806452 1.000000 0.161290 0 0 0
-0.060877 0.025324 -0.279158 3 0.806452 1.000000 0.161290 0 0 0
-0.060381 0.025339 -0.279266 3 0.806452 1.000000 0.161290 0 0 0
-0.060562 0.025110 -0.278936 3 0.806452 1.000000 0.161290 0 0 0
-0.059833 0.025336 -0.279304 3 0.806452 1.000000 0.161290 0 0 0
-0.059248 0.025374 -0.279348 3 0.806452 1.000000 0.161290 0 0 0
-0.064377 0.029365 -0.279345 2 0.161290 1.000000 0.806452 0 0 0
-0.064503 0.029614 -0.279331 2 0.161290 1.000000 0.806452 0 0 0
-0.065034 0.030673 -0.279293 2 0.161290 1.000000 0.806452 0 0 0
-0.065543 0.031861 -0.279380 2 0.161290 1.000000 0.806452 0 0 0
-0.065950 0.032595 -0.279269 2 0.161290 1.000000 0.806452 0 0 0
-0.059049 0.047354 -0.279412 1 0.000000 0.300000 1.000000 0 0 0
-0.059049 0.047079 -0.279589 1 0.000000 0.300000 1.000000 0 0 0
-0.058710 0.047395 -0.279729 1 0.000000 0.300000 1.000000 0 0 0
-0.058516 0.047877 -0.279533 1 0.000000 0.300000 1.000000 0 0 0
-0.058382 0.048163 -0.279424 1 0.000000 0.300000 1.000000 0 0 0
-0.058209 0.048109 -0.279670 1 0.000000 0.300000 1.000000 0 0 0
-0.058210 0.048352 -0.279448 1 0.000000 0.300000 1.000000 0 0 0
-0.057948 0.048481 -0.279650 1 0.000000 0.300000 1.000000 0 0 0
-0.057815 0.048858 -0.279462 1 0.000000 0.300000 1.000000 0 0 0
-0.057707 0.048753 -0.279683 1 0.000000 0.300000 1.000000 0 0 0
-0.057423 0.049108 -0.279727 1 0.000000 0.300000 1.000000 0 0 0
-0.057088 0.049718 -0.279512 1 0.000000 0.300000 1.000000 0 0 0
-0.057093 0.049460 -0.279793 1 0.000000 0.300000 1.000000 0 0 0
-0.056822 0.049724 -0.279911 1 0.000000 0.300000 1.000000 0 0 0
-0.056671 0.050145 -0.279604 1 0.000000 0.300000 1.000000 0 0 0
-0.056589 0.050025 -0.279891 1 0.000000 0.300000 1.000000 0 0 0
-0.056372 0.050293 -0.279918 1 0.000000 0.300000 1.000000 0 0 0
-0.056338 0.050587 -0.279566 1 0.000000 0.300000 1.000000 0 0 0
-0.056069 0.051007 -0.279463 1 0.000000 0.300000 1.000000 0 0 0
-0.055506 0.051936 -0.279240 1 0.000000 0.300000 1.000000 0 0 0
-0.054854 0.052565 -0.279441 0 0.000000 0.000000 0.500000 0 0 0
-0.054101 0.053580 -0.279131 0 0.000000 0.000000 0.500000 0 0 0
-0.054144 0.053835 -0.278886 0 0.000000 0.000000 0.500000 0 0 0
-0.054328 0.054119 -0.278597 0 0.000000 0.000000 0.500000 0 0 0
-0.049803 0.051973 -0.279166 0 0.000000 0.000000 0.500000 0 0 0
-0.049616 0.051664 -0.279329 0 0.000000 0.000000 0.500000 0 0 0
-0.049639 0.051878 -0.278757 0 0.000000 0.000000 0.500000 0 0 0
-0.050018 0.052316 -0.279022 0 0.000000 0.000000 0.500000 0 0 0
-0.051087 0.053453 -0.278961 0 0.000000 0.000000 0.500000 0 0 0
-0.050788 0.053139 -0.279105 0 0.000000 0.000000 0.500000 0 0 0
-0.050520 0.052947 -0.278948 0 0.000000 0.000000 0.500000 0 0 0
-0.050330 0.052666 -0.279114 0 0.000000 0.000000 0.500000 0 0 0
-0.053746 0.053825 -0.279098 0 0.000000 0.000000 0.500000 0 0 0
-0.053888 0.054165 -0.278743 0 0.000000 0.000000 0.500000 0 0 0
-0.053419 0.054185 -0.278867 0 0.000000 0.000000 0.500000 0 0 0
-0.053320 0.054502 -0.278584 0 0.000000 0.000000 0.500000 0 0 0
-0.053101 0.054373 -0.278719 0 0.000000 0.000000 0.500000 0 0 0
-0.052286 0.054084 -0.278929 0 0.000000 0.000000 0.500000 0 0 0
-0.051908 0.053905 -0.279020 0 0.000000 0.000000 0.500000 0 0 0
-0.051863 0.054061 -0.278740 0 0.000000 0.000000 0.500000 0 0 0
-0.052774 0.054305 -0.278773 0 0.000000 0.000000 0.500000 0 0 0
-0.051564 0.053783 -0.278932 0 0.000000 0.000000 0.500000 0 0 0
-0.039839 0.024465 -0.278843 4 1.000000 0.407407 0.000000 0 0 0
-0.039307 0.024749 -0.278918 4 1.000000 0.407407 0.000000 0 0 0
-0.039604 0.024755 -0.279251 4 1.000000 0.407407 0.000000 0 0 0
-0.039257 0.024912 -0.279252 4 1.000000 0.407407 0.000000 0 0 0
-0.038850 0.024902 -0.278637 4 1.000000 0.407407 0.000000 0 0 0
-0.038431 0.025146 -0.278565 4 1.000000 0.407407 0.000000 0 0 0
-0.038945 0.025021 -0.279092 4 1.000000 0.407407 0.000000 0 0 0
-0.038510 0.025269 -0.278950 4 1.000000 0.407407 0.000000 0 0 0
-0.038118 0.025424 -0.278635 4 1.000000 0.407407 0.000000 0 0 0
-0.037922 0.025656 -0.278720 4 1.000000 0.407407 0.000000 0 0 0
-0.042650 0.040623 -0.278921 5 0.500000 0.000000 0.000000 0 0 0
-0.042293 0.040224 -0.278989 5 0.500000 0.000000 0.000000 0 0 0
-0.042525 0.040603 -0.278124 5 0.500000 0.000000 0.000000 0 0 0
-0.041155 0.039022 -0.278522 5 0.500000 0.000000 0.000000 0 0 0
-0.041368 0.039415 -0.277534 5 0.500000 0.000000 0.000000 0 0 0
-0.041929 0.040036 -0.277533 5 0.500000 0.000000 0.000000 0 0 0
-0.041853 0.039809 -0.278343 5 0.500000 0.000000 0.000000 0 0 0
-0.042241 0.040558 -0.276989 5 0.500000 0.000000 0.000000 0 0 0
-0.043477 0.041745 -0.278648 5 0.500000 0.000000 0.000000 0 0 0
-0.043051 0.041142 -0.278947 5 0.500000 0.000000 0.000000 0 0 0
-0.043166 0.041413 -0.278068 5 0.500000 0.000000 0.000000 0 0 0
-0.043580 0.042011 -0.278082 5 0.500000 0.000000 0.000000 0 0 0
-0.042839 0.041218 -0.277246 5 0.500000 0.000000 0.000000 0 0 0
-0.055600 0.024208 -0.276701 3 0.806452 1.000000 0.161290 0 0 0
-0.055195 0.024145 -0.276565 3 0.806452 1.000000 0.161290 0 0 0
-0.054671 0.024213 -0.276583 3 0.806452 1.000000 0.161290 0 0 0
-0.054221 0.024142 -0.276469 3 0.806452 1.000000 0.161290 0 0 0
-0.053712 0.024025 -0.276314 3 0.806452 1.000000 0.161290 0 0 0
-0.053103 0.024134 -0.276446 3 0.806452 1.000000 0.161290 0 0 0
-0.052498 0.024206 -0.276576 3 0.806452 1.000000 0.161290 0 0 0
-0.052023 0.024033 -0.276404 3 0.806452 1.000000 0.161290 0 0 0
-0.051560 0.024149 -0.276659 3 0.806452 1.000000 0.161290 0 0 0
-0.043369 0.041909 -0.277402 5 0.500000 0.000000 0.000000 0 0 0
-0.039332 0.023410 -0.275709 4 1.000000 0.407407 0.000000 0 0 0
-0.036312 0.025224 -0.274282 4 1.000000 0.407407 0.000000 0 0 0
-0.036440 0.025189 -0.274732 4 1.000000 0.407407 0.000000 0 0 0
-0.036550 0.024936 -0.274343 4 1.000000 0.407407 0.000000 0 0 0
-0.036192 0.025502 -0.274536 4 1.000000 0.407407 0.000000 0 0 0
-0.035918 0.025970 -0.274505 4 1.000000 0.407407 0.000000 0 0 0
-0.035687 0.026392 -0.274457 4 1.000000 0.407407 0.000000 0 0 0
-0.035516 0.026768 -0.274444 4 1.000000 0.407407 0.000000 0 0 0
-0.035385 0.027102 -0.274448 4 1.000000 0.407407 0.000000 0 0 0
-0.035288 0.027384 -0.274406 4 1.000000 0.407407 0.000000 0 0 0
-0.035145 0.027859 -0.274254 4 1.000000 0.407407 0.000000 0 0 0
-0.035142 0.028210 -0.274452 4 1.000000 0.407407 0.000000 0 0 0
-0.035165 0.028518 -0.274532 4 1.000000 0.407407 0.000000 0 0 0
-0.035051 0.028332 -0.274145 4 1.000000 0.407407 0.000000 0 0 0
-0.035046 0.028753 -0.274108 4 1.000000 0.407407 0.000000 0 0 0
-0.036677 0.031060 -0.274904 4 1.000000 0.407407 0.000000 0 0 0
-0.035961 0.030469 -0.274459 4 1.000000 0.407407 0.000000 0 0 0
-0.036302 0.030914 -0.274362 4 1.000000 0.407407 0.000000 0 0 0
-0.036758 0.031471 -0.274373 5 0.500000 0.000000 0.000000 0 0 0
-0.037079 0.031753 -0.274654 5 0.500000 0.000000 0.000000 0 0 0
-0.035259 0.029032 -0.274595 4 1.000000 0.407407 0.000000 0 0 0
-0.035304 0.029430 -0.274428 4 1.000000 0.407407 0.000000 0 0 0
-0.035399 0.029652 -0.274456 4 1.000000 0.407407 0.000000 0 0 0
-0.035133 0.029212 -0.274033 4 1.000000 0.407407 0.000000 0 0 0
-0.035841 0.030122 -0.274809 4 1.000000 0.407407 0.000000 0 0 0
-0.035538 0.029935 -0.274357 4 1.000000 0.407407 0.000000 0 0 0
-0.035740 0.030219 -0.274424 4 1.000000 0.407407 0.000000 0 0 0
-0.036411 0.024987 -0.273926 4 1.000000 0.407407 0.000000 0 0 0
-0.036217 0.025247 -0.273987 4 1.000000 0.407407 0.000000 0 0 0
-0.036088 0.025499 -0.274132 4 1.000000 0.407407 0.000000 0 0 0
-0.035845 0.025774 -0.273859 4 1.000000 0.407407 0.000000 0 0 0
-0.035595 0.026307 -0.273974 4 1.000000 0.407407 0.000000 0 0 0
-0.035409 0.026712 -0.273989 4 1.000000 0.407407 0.000000 0 0 0
-0.035296 0.027056 -0.274061 4 1.000000 0.407407 0.000000 0 0 0
-0.035165 0.027440 -0.274015 4 1.000000 0.407407 0.000000 0 0 0
-0.035127 0.027279 -0.273612 4 1.000000 0.407407 0.000000 0 0 0
-0.035053 0.027640 -0.273682 4 1.000000 0.407407 0.000000 0 0 0
-0.034989 0.028094 -0.273660 4 1.000000 0.407407 0.000000 0 0 0
-0.034956 0.028544 -0.273781 4 1.000000 0.407407 0.000000 0 0 0
-0.034950 0.028722 -0.273833 4 1.000000 0.407407 0.000000 0 0 0
-0.034926 0.028701 -0.273653 4 1.000000 0.407407 0.000000 0 0 0
-0.035944 0.030673 -0.273991 4 1.000000 0.407407 0.000000 0 0 0
-0.036126 0.030929 -0.273907 4 1.000000 0.407407 0.000000 0 0 0
-0.036342 0.031246 -0.273798 5 0.500000 0.000000 0.000000 0 0 0
-0.036733 0.031873 -0.273640 5 0.500000 0.000000 0.000000 0 0 0
-0.037090 0.032021 -0.274285 5 0.500000 0.000000 0.000000 0 0 0
-0.037086 0.032284 -0.273880 5 0.500000 0.000000 0.000000 0 0 0
-0.035302 0.029631 -0.274116 4 1.000000 0.407407 0.000000 0 0 0
-0.034978 0.028874 -0.273737 4 1.000000 0.407407 0.000000 0 0 0
-0.035042 0.029178 -0.273509 4 1.000000 0.407407 0.000000 0 0 0
-0.035175 0.029526 -0.273655 4 1.000000 0.407407 0.000000 0 0 0
-0.035718 0.030512 -0.273682 4 1.000000 0.407407 0.000000 0 0 0
-0.035680 0.030306 -0.274047 4 1.000000 0.407407 0.000000 0 0 0
-0.035565 0.030298 -0.273668 4 1.000000 0.407407 0.000000 0 0 0
-0.035396 0.029962 -0.273709 4 1.000000 0.407407 0.000000 0 0 0
-0.045088 0.021513 -0.273414 3 0.806452 1.000000 0.161290 0 0 0
-0.049177 0.022363 -0.273681 3 0.806452 1.000000 0.161290 0 0 0
-0.048823 0.022376 -0.273756 3 0.806452 1.000000 0.161290 0 0 0
-0.044772 0.021501 -0.273411 4 1.000000 0.407407 0.000000 0 0 0
-0.044753 0.021688 -0.273698 4 1.000000 0.407407 0.000000 0 0 0
-0.044141 0.021712 -0.273747 4 1.000000 0.407407 0.000000 0 0 0
-0.043462 0.021780 -0.273822 4 1.000000 0.407407 0.000000 0 0 0
-0.042795 0.021794 -0.273717 4 1.000000 0.407407 0.000000 0 0 0
-0.042348 0.021938 -0.273964 4 1.000000 0.407407 0.000000 0 0 0
-0.041925 0.021944 -0.273766 4 1.000000 0.407407 0.000000 0 0 0
-0.054276 0.021328 -0.272945 3 0.806452 1.000000 0.161290 0 0 0
-0.052732 0.021799 -0.273175 3 0.806452 1.000000 0.161290 0 0 0
-0.052220 0.021842 -0.273119 3 0.806452 1.000000 0.161290 0 0 0
-0.051767 0.021928 -0.273154 3 0.806452 1.000000 0.161290 0 0 0
-0.051334 0.021894 -0.273023 3 0.806452 1.000000 0.161290 0 0 0
-0.046598 0.021394 -0.272935 3 0.806452 1.000000 0.161290 0 0 0
-0.035934 0.030871 -0.273475 4 1.000000 0.407407 0.000000 0 0 0
-0.037422 0.032733 -0.274218 5 0.500000 0.000000 0.000000 0 0 0
-0.037041 0.032561 -0.273404 5 0.500000 0.000000 0.000000 0 0 0
-0.037647 0.033359 -0.274113 5 0.500000 0.000000 0.000000 0 0 0
-0.035530 0.030370 -0.273212 4 1.000000 0.407407 0.000000 0 0 0
-0.038059 0.034550 -0.274436 5 0.500000 0.000000 0.000000 0 0 0
-0.037836 0.033887 -0.274211 5 0.500000 0.000000 0.000000 0 0 0
-0.037862 0.034496 -0.273623 5 0.500000 0.000000 0.000000 0 0 0
-0.038164 0.035211 -0.274135 5 0.500000 0.000000 0.000000 0 0 0
-0.038035 0.035355 -0.273127 5 0.500000 0.000000 0.000000 0 0 0
-0.038631 0.036866 -0.273273 5 0.500000 0.000000 0.000000 0 0 0
-0.038391 0.036104 -0.273828 5 0.500000 0.000000 0.000000 0 0 0
-0.038871 0.037316 -0.273699 5 0.500000 0.000000 0.000000 0 0 0
-0.038691 0.036865 -0.274042 5 0.500000 0.000000 0.000000 0 0 0
-0.038832 0.037220 -0.274064 5 0.500000 0.000000 0.000000 0 0 0
-0.039667 0.038532 -0.273055 5 0.500000 0.000000 0.000000 0 0 0
-0.039266 0.037844 -0.273985 5 0.500000 0.000000 0.000000 0 0 0
-0.038947 0.037417 -0.274052 5 0.500000 0.000000 0.000000 0 0 0
-0.039979 0.038774 -0.274115 5 0.500000 0.000000 0.000000 0 0 0
-0.040458 0.039405 -0.274013 5 0.500000 0.000000 0.000000 0 0 0
-0.041605 0.041304 -0.271836 5 0.500000 0.000000 0.000000 0 0 0
-0.043947 0.045923 -0.271979 5 0.500000 0.000000 0.000000 0 0 0
-0.035324 0.025783 -0.272116 4 1.000000 0.407407 0.000000 0 0 0
-0.035128 0.026482 -0.272466 4 1.000000 0.407407 0.000000 0 0 0
-0.034940 0.027546 -0.272811 4 1.000000 0.407407 0.000000 0 0 0
-0.044670 0.019986 -0.270487 3 0.806452 1.000000 0.161290 0 0 0
-0.044007 0.020242 -0.270690 4 1.000000 0.407407 0.000000 0 0 0
-0.043999 0.019976 -0.270203 4 1.000000 0.407407 0.000000 0 0 0
-0.043570 0.020212 -0.270402 4 1.000000 0.407407 0.000000 0 0 0
-0.043279 0.020356 -0.270484 4 1.000000 0.407407 0.000000 0 0 0
-0.042897 0.020446 -0.270352 4 1.000000 0.407407 0.000000 0 0 0
-0.042446 0.020710 -0.270514 4 1.000000 0.407407 0.000000 0 0 0
-0.042147 0.020857 -0.270539 4 1.000000 0.407407 0.000000 0 0 0
-0.041762 0.021005 -0.270460 4 1.000000 0.407407 0.000000 0 0 0
-0.041441 0.021274 -0.270843 4 1.000000 0.407407 0.000000 0 0 0
-0.041178 0.021383 -0.270781 4 1.000000 0.407407 0.000000 0 0 0
-0.040915 0.021501 -0.270729 4 1.000000 0.407407 0.000000 0 0 0
-0.041682 0.042472 -0.270096 5 0.500000 0.000000 0.000000 0 0 0
-0.041966 0.042924 -0.270278 5 0.500000 0.000000 0.000000 0 0 0
-0.042065 0.042798 -0.270582 5 0.500000 0.000000 0.000000 0 0 0
-0.042505 0.043556 -0.270825 5 0.500000 0.000000 0.000000 0 0 0
-0.042232 0.043103 -0.270653 5 0.500000 0.000000 0.000000 0 0 0
-0.042236 0.043466 -0.270362 5 0.500000 0.000000 0.000000 0 0 0
-0.041945 0.043393 -0.269898 5 0.500000 0.000000 0.000000 0 0 0
-0.042223 0.043864 -0.270077 5 0.500000 0.000000 0.000000 0 0 0
-0.042505 0.043975 -0.270490 5 0.500000 0.000000 0.000000 0 0 0
-0.042426 0.044231 -0.270200 5 0.500000 0.000000 0.000000 0 0 0
-0.042608 0.044376 -0.270421 5 0.500000 0.000000 0.000000 0 0 0
-0.042528 0.044665 -0.270162 5 0.500000 0.000000 0.000000 0 0 0
-0.043104 0.045160 -0.270870 5 0.500000 0.000000 0.000000 0 0 0
-0.042805 0.044698 -0.270595 5 0.500000 0.000000 0.000000 0 0 0
-0.042799 0.045164 -0.270365 5 0.500000 0.000000 0.000000 0 0 0
-0.043063 0.045778 -0.270513 5 0.500000 0.000000 0.000000 0 0 0
-0.042737 0.045553 -0.270124 5 0.500000 0.000000 0.000000 0 0 0
-0.042522 0.045148 -0.269968 5 0.500000 0.000000 0.000000 0 0 0
-0.041682 0.042872 -0.269797 5 0.500000 0.000000 0.000000 0 0 0
-0.042234 0.044288 -0.269886 5 0.500000 0.000000 0.000000 0 0 0
-0.042258 0.044767 -0.269746 5 0.500000 0.000000 0.000000 0 0 0
-0.035000 0.031658 -0.269206 5 0.500000 0.000000 0.000000 0 0 0
-0.038067 0.037041 -0.269376 5 0.500000 0.000000 0.000000 0 0 0
-0.039456 0.039136 -0.269078 5 0.500000 0.000000 0.000000 0 0 0
-0.034552 0.033950 -0.265999 5 0.500000 0.000000 0.000000 0 0 0
-0.034398 0.033717 -0.265957 5 0.500000 0.000000 0.000000 0 0 0
-0.034430 0.033970 -0.265793 5 0.500000 0.000000 0.000000 0 0 0
-0.033850 0.033331 -0.265421 5 0.500000 0.000000 0.000000 0 0 0
-0.034111 0.033236 -0.265869 5 0.500000 0.000000 0.000000 0 0 0
-0.033859 0.033085 -0.265586 5 0.500000 0.000000 0.000000 0 0 0
-0.034131 0.033795 -0.265497 5 0.500000 0.000000 0.000000 0 0 0
-0.034665 0.034225 -0.265914 5 0.500000 0.000000 0.000000 0 0 0
-0.034415 0.034163 -0.265596 5 0.500000 0.000000 0.000000 0 0 0
-0.034245 0.034235 -0.265300 5 0.500000 0.000000 0.000000 0 0 0
-0.035171 0.034788 -0.266111 5 0.500000 0.000000 0.000000 0 0 0
-0.034912 0.034604 -0.265904 5 0.500000 0.000000 0.000000 0 0 0
-0.035095 0.035012 -0.265725 5 0.500000 0.000000 0.000000 0 0 0
-0.035475 0.035154 -0.266169 5 0.500000 0.000000 0.000000 0 0 0
-0.035502 0.035547 -0.265712 5 0.500000 0.000000 0.000000 0 0 0
-0.035146 0.035328 -0.265433 5 0.500000 0.000000 0.000000 0 0 0
-0.035270 0.035582 -0.265318 5 0.500000 0.000000 0.000000 0 0 0
-0.034614 0.034591 -0.265479 5 0.500000 0.000000 0.000000 0 0 0
-0.034839 0.035082 -0.265286 5 0.500000 0.000000 0.000000 0 0 0
-0.035434 0.035721 -0.265394 5 0.500000 0.000000 0.000000 0 0 0
-0.035603 0.035921 -0.265425 5 0.500000 0.000000 0.000000 0 0 0
-0.035830 0.035962 -0.265729 5 0.500000 0.000000 0.000000 0 0 0
-0.037179 0.037931 -0.265931 5 0.500000 0.000000 0.000000 0 0 0
-0.037102 0.038179 -0.265692 5 0.500000 0.000000 0.000000 0 0 0
-0.034993 0.020899 -0.263399 4 1.000000 0.407407 0.000000 0 0 0
-0.035156 0.021012 -0.263626 4 1.000000 0.407407 0.000000 0 0 0
-0.035298 0.020715 -0.263542 4 1.000000 0.407407 0.000000 0 0 0
-0.034851 0.021247 -0.263518 4 1.000000 0.407407 0.000000 0 0 0
-0.035171 0.021252 -0.263817 4 1.000000 0.407407 0.000000 0 0 0
-0.034922 0.021733 -0.263941 4 1.000000 0.407407 0.000000 0 0 0
-0.034577 0.021267 -0.263288 4 1.000000 0.407407 0.000000 0 0 0
-0.034426 0.021582 -0.263370 4 1.000000 0.407407 0.000000 0 0 0
-0.034312 0.022088 -0.263606 4 1.000000 0.407407 0.000000 0 0 0
-0.034631 0.022171 -0.263962 4 1.000000 0.407407 0.000000 0 0 0
-0.034027 0.021914 -0.263238 4 1.000000 0.407407 0.000000 0 0 0
-0.049460 0.038249 -0.294468 1 0.000000 0.300000 1.000000 0 0 0
-0.049144 0.037792 -0.294427 1 0.000000 0.300000 1.000000 0 0 0
-0.049176 0.038196 -0.294344 1 0.000000 0.300000 1.000000 0 0 0
-0.048707 0.037402 -0.294298 1 0.000000 0.300000 1.000000 0 0 0
-0.049813 0.038753 -0.294486 1 0.000000 0.300000 1.000000 0 0 0
-0.049753 0.039178 -0.294322 1 0.000000 0.300000 1.000000 0 0 0
-0.053784 0.042147 -0.294273 1 0.000000 0.300000 1.000000 0 0 0
-0.053738 0.042509 -0.294010 1 0.000000 0.300000 1.000000 0 0 0
-0.053406 0.042279 -0.294209 1 0.000000 0.300000 1.000000 0 0 0
-0.053389 0.042510 -0.294052 1 0.000000 0.300000 1.000000 0 0 0
-0.052994 0.042084 -0.294312 1 0.000000 0.300000 1.000000 0 0 0
-0.053020 0.042490 -0.294044 1 0.000000 0.300000 1.000000 0 0 0
-0.052524 0.041803 -0.294405 1 0.000000 0.300000 1.000000 0 0 0
-0.052514 0.042252 -0.294129 1 0.000000 0.300000 1.000000 0 0 0
-0.047226 0.029381 -0.293131 3 0.806452 1.000000 0.161290 0 0 0
-0.047129 0.029804 -0.293319 3 0.806452 1.000000 0.161290 0 0 0
-0.046571 0.029921 -0.293256 3 0.806452 1.000000 0.161290 0 0 0
-0.046095 0.030061 -0.293197 3 0.806452 1.000000 0.161290 0 0 0
-0.045617 0.030148 -0.293080 3 0.806452 1.000000 0.161290 0 0 0
-0.046891 0.030218 -0.293437 3 0.806452 1.000000 0.161290 0 0 0
-0.046471 0.030452 -0.293408 3 0.806452 1.000000 0.161290 0 0 0
-0.046227 0.030863 -0.293439 3 0.806452 1.000000 0.161290 0 0 0
-0.045939 0.030519 -0.293277 3 0.806452 1.000000 0.161290 0 0 0
-0.045466 0.030632 -0.293135 4 1.000000 0.407407 0.000000 0 0 0
-0.045830 0.031008 -0.293330 4 1.000000 0.407407 0.000000 0 0 0
-0.045332 0.031163 -0.293150 4 1.000000 0.407407 0.000000 0 0 0
-0.045789 0.031535 -0.293368 4 1.000000 0.407407 0.000000 0 0 0
-0.045374 0.031737 -0.293189 4 1.000000 0.407407 0.000000 0 0 0
-0.045808 0.032078 -0.293395 4 1.000000 0.407407 0.000000 0 0 0
-0.045426 0.032198 -0.293203 4 1.000000 0.407407 0.000000 0 0 0
-0.045731 0.032610 -0.293327 4 1.000000 0.407407 0.000000 0 0 0
-0.045018 0.030755 -0.292970 4 1.000000 0.407407 0.000000 0 0 0
-0.044967 0.031085 -0.292986 4 1.000000 0.407407 0.000000 0 0 0
-0.044959 0.031436 -0.292984 4 1.000000 0.407407 0.000000 0 0 0
-0.044983 0.032038 -0.292966 4 1.000000 0.407407 0.000000 0 0 0
-0.044942 0.034787 -0.292257 5 0.500000 0.000000 0.000000 0 0 0
-0.045042 0.035316 -0.292141 5 0.500000 0.000000 0.000000 0 0 0
-0.045626 0.036320 -0.292302 5 0.500000 0.000000 0.000000 0 0 0
-0.045296 0.036151 -0.292044 5 0.500000 0.000000 0.000000 0 0 0
-0.045716 0.036678 -0.292255 5 0.500000 0.000000 0.000000 0 0 0
-0.045397 0.036590 -0.291968 5 0.500000 0.000000 0.000000 0 0 0
-0.046272 0.038018 -0.292277 5 0.500000 0.000000 0.000000 0 0 0
-0.045639 0.036930 -0.292076 5 0.500000 0.000000 0.000000 0 0 0
-0.045388 0.036999 -0.291786 5 0.500000 0.000000 0.000000 0 0 0
-0.045717 0.037391 -0.291961 5 0.500000 0.000000 0.000000 0 0 0
-0.044382 0.033608 -0.292221 5 0.500000 0.000000 0.000000 0 0 0
-0.044653 0.034182 -0.292236 5 0.500000 0.000000 0.000000 0 0 0
-0.047337 0.040234 -0.292248 0 0.000000 0.000000 0.500000 0 0 0
-0.046279 0.038304 -0.292164 5 0.500000 0.000000 0.000000 0 0 0
-0.046952 0.039202 -0.292410 0 0.000000 0.000000 0.500000 0 0 0
-0.047054 0.039544 -0.292340 0 0.000000 0.000000 0.500000 0 0 0
-0.046993 0.039852 -0.292131 0 0.000000 0.000000 0.500000 0 0 0
-0.047567 0.040638 -0.292242 0 0.000000 0.000000 0.500000 0 0 0
-0.047805 0.041011 -0.292244 0 0.000000 0.000000 0.500000 0 0 0
-0.048454 0.041824 -0.292309 0 0.000000 0.000000 0.500000 0 0 0
-0.048057 0.041451 -0.292208 0 0.000000 0.000000 0.500000 0 0 0
-0.056793 0.043350 -0.291740 1 0.000000 0.300000 1.000000 0 0 0
-0.056102 0.043891 -0.291769 1 0.000000 0.300000 1.000000 0 0 0
-0.055881 0.044001 -0.291804 1 0.000000 0.300000 1.000000 0 0 0
-0.055235 0.044383 -0.291734 1 0.000000 0.300000 1.000000 0 0 0
-0.054894 0.044378 -0.291893 1 0.000000 0.300000 1.000000 0 0 0
-0.050953 0.044736 -0.291696 1 0.000000 0.300000 1.000000 0 0 0
-0.050415 0.044649 -0.291587 0 0.000000 0.000000 0.500000 0 0 0
-0.053321 0.044978 -0.291640 1 0.000000 0.300000 1.000000 0 0 0
-0.052944 0.045048 -0.291605 1 0.000000 0.300000 1.000000 0 0 0
-0.052583 0.045125 -0.291541 1 0.000000 0.300000 1.000000 0 0 0
-0.052104 0.045081 -0.291566 1 0.000000 0.300000 1.000000 0 0 0
-0.051527 0.044820 -0.291749 1 0.000000 0.300000 1.000000 0 0 0
-0.051165 0.045010 -0.291510 1 0.000000 0.300000 1.000000 0 0 0
-0.048367 0.043061 -0.291515 0 0.000000 0.000000 0.500000 0 0 0
-0.048026 0.042768 -0.291427 0 0.000000 0.000000 0.500000 0 0 0
-0.060284 0.038105 -0.291023 1 0.000000 0.300000 1.000000 0 0 0
-0.060220 0.038342 -0.290943 1 0.000000 0.300000 1.000000 0 0 0
-0.060153 0.038714 -0.290746 1 0.000000 0.300000 1.000000 0 0 0
-0.059820 0.038884 -0.291211 1 0.000000 0.300000 1.000000 0 0 0
-0.059867 0.039233 -0.290849 1 0.000000 0.300000 1.000000 0 0 0
-0.059700 0.039545 -0.290907 1 0.000000 0.300000 1.000000 0 0 0
-0.059539 0.039973 -0.290842 1 0.000000 0.300000 1.000000 0 0 0
-0.059378 0.040418 -0.290773 1 0.000000 0.300000 1.000000 0 0 0
-0.059254 0.040361 -0.291049 1 0.000000 0.300000 1.000000 0 0 0
-0.059207 0.040705 -0.290836 1 0.000000 0.300000 1.000000 0 0 0
-0.058923 0.041224 -0.290881 1 0.000000 0.300000 1.000000 0 0 0
-0.058790 0.041639 -0.290741 1 0.000000 0.300000 1.000000 0 0 0
-0.056178 0.028506 -0.290834 3 0.806452 1.000000 0.161290 0 0 0
-0.055154 0.028067 -0.290702 3 0.806452 1.000000 0.161290 0 0 0
-0.055132 0.028257 -0.291058 3 0.806452 1.000000 0.161290 0 0 0
-0.055498 0.028284 -0.290885 3 0.806452 1.000000 0.161290 0 0 0
-0.055860 0.028552 -0.291092 3 0.806452 1.000000 0.161290 0 0 0
-0.054710 0.028086 -0.290994 3 0.806452 1.000000 0.161290 0 0 0
-0.054228 0.027804 -0.290709 3 0.806452 1.000000 0.161290 0 0 0
-0.051146 0.026844 -0.290817 3 0.806452 1.000000 0.161290 0 0 0
-0.051404 0.026941 -0.291049 3 0.806452 1.000000 0.161290 0 0 0
-0.050597 0.026861 -0.290954 3 0.806452 1.000000 0.161290 0 0 0
-0.050142 0.026955 -0.291175 3 0.806452 1.000000 0.161290 0 0 0
-0.050233 0.026847 -0.290944 3 0.806452 1.000000 0.161290 0 0 0
-0.053393 0.027527 -0.290681 3 0.806452 1.000000 0.161290 0 0 0
-0.053830 0.027661 -0.290673 3 0.806452 1.000000 0.161290 0 0 0
-0.052795 0.027347 -0.290799 3 0.806452 1.000000 0.161290 0 0 0
-0.052212 0.027059 -0.290683 3 0.806452 1.000000 0.161290 0 0 0
-0.052419 0.027214 -0.290882 3 0.806452 1.000000 0.161290 0 0 0
-0.057487 0.029311 -0.291124 3 0.806452 1.000000 0.161290 0 0 0
-0.057230 0.029268 -0.291225 3 0.806452 1.000000 0.161290 0 0 0
-0.060423 0.038215 -0.290683 1 0.000000 0.300000 1.000000 0 0 0
-0.059822 0.039569 -0.290648 1 0.000000 0.300000 1.000000 0 0 0
-0.059234 0.040988 -0.290532 1 0.000000 0.300000 1.000000 0 0 0
-0.056268 0.028372 -0.290552 3 0.806452 1.000000 0.161290 0 0 0
-0.055907 0.028305 -0.290673 3 0.806452 1.000000 0.161290 0 0 0
-0.047536 0.025833 -0.289202 3 0.806452 1.000000 0.161290 0 0 0
-0.048641 0.026291 -0.289427 3 0.806452 1.000000 0.161290 0 0 0
-0.047985 0.026050 -0.289370 3 0.806452 1.000000 0.161290 0 0 0
-0.047587 0.025988 -0.289476 3 0.806452 1.000000 0.161290 0 0 0
-0.048390 0.026268 -0.289546 3 0.806452 1.000000 0.161290 0 0 0
-0.045705 0.025577 -0.289206 3 0.806452 1.000000 0.161290 0 0 0
-0.045314 0.025588 -0.289193 3 0.806452 1.000000 0.161290 0 0 0
-0.044741 0.025673 -0.289323 3 0.806452 1.000000 0.161290 0 0 0
-0.044420 0.025594 -0.289111 4 1.000000 0.407407 0.000000 0 0 0
-0.043077 0.026101 -0.289218 4 1.000000 0.407407 0.000000 0 0 0
-0.042312 0.026609 -0.289209 4 1.000000 0.407407 0.000000 0 0 0
-0.042302 0.027019 -0.289587 4 1.000000 0.407407 0.000000 0 0 0
-0.041923 0.027053 -0.289268 4 1.000000 0.407407 0.000000 0 0 0
-0.041638 0.027464 -0.289308 4 1.000000 0.407407 0.000000 0 0 0
-0.041403 0.028191 -0.289511 4 1.000000 0.407407 0.000000 0 0 0
-0.042828 0.038265 -0.288032 5 0.500000 0.000000 0.000000 0 0 0
-0.042988 0.038517 -0.288067 5 0.500000 0.000000 0.000000 0 0 0
-0.043474 0.038983 -0.288412 5 0.500000 0.000000 0.000000 0 0 0
-0.043152 0.038849 -0.288054 5 0.500000 0.000000 0.000000 0 0 0
-0.044064 0.040211 -0.288433 5 0.500000 0.000000 0.000000 0 0 0
-0.043400 0.039211 -0.288155 5 0.500000 0.000000 0.000000 0 0 0
-0.043232 0.039273 -0.287865 5 0.500000 0.000000 0.000000 0 0 0
-0.043440 0.039589 -0.287935 5 0.500000 0.000000 0.000000 0 0 0
-0.043756 0.039935 -0.288155 5 0.500000 0.000000 0.000000 0 0 0
-0.044103 0.040501 -0.288281 5 0.500000 0.000000 0.000000 0 0 0
-0.044147 0.040845 -0.288056 5 0.500000 0.000000 0.000000 0 0 0
-0.044427 0.041281 -0.288148 5 0.500000 0.000000 0.000000 0 0 0
-0.043915 0.040410 -0.288047 5 0.500000 0.000000 0.000000 0 0 0
-0.044647 0.041595 -0.288226 5 0.500000 0.000000 0.000000 0 0 0
-0.044445 0.041670 -0.287762 5 0.500000 0.000000 0.000000 0 0 0
-0.044748 0.041905 -0.288069 5 0.500000 0.000000 0.000000 0 0 0
-0.059419 0.042615 -0.288118 1 0.000000 0.300000 1.000000 0 0 0
-0.059261 0.042683 -0.288466 1 0.000000 0.300000 1.000000 0 0 0
-0.059204 0.043038 -0.288036 1 0.000000 0.300000 1.000000 0 0 0
-0.058892 0.043511 -0.288099 1 0.000000 0.300000 1.000000 0 0 0
-0.058698 0.043754 -0.288217 1 0.000000 0.300000 1.000000 0 0 0
-0.058552 0.043942 -0.288266 1 0.000000 0.300000 1.000000 0 0 0
-0.058370 0.044312 -0.288041 1 0.000000 0.300000 1.000000 0 0 0
-0.058106 0.044471 -0.288426 1 0.000000 0.300000 1.000000 0 0 0
-0.058012 0.044815 -0.287995 1 0.000000 0.300000 1.000000 0 0 0
-0.057655 0.045217 -0.288077 1 0.000000 0.300000 1.000000 0 0 0
-0.057428 0.045469 -0.288111 1 0.000000 0.300000 1.000000 0 0 0
-0.057171 0.045689 -0.288215 1 0.000000 0.300000 1.000000 0 0 0
-0.056921 0.045934 -0.288238 1 0.000000 0.300000 1.000000 0 0 0
-0.056688 0.046091 -0.288335 1 0.000000 0.300000 1.000000 0 0 0
-0.056482 0.046363 -0.288146 1 0.000000 0.300000 1.000000 0 0 0
-0.045160 0.025309 -0.287533 3 0.806452 1.000000 0.161290 0 0 0
-0.041573 0.026008 -0.287746 4 1.000000 0.407407 0.000000 0 0 0
-0.041171 0.026208 -0.287632 4 1.000000 0.407407 0.000000 0 0 0
-0.040679 0.034923 -0.287890 5 0.500000 0.000000 0.000000 0 0 0
-0.041908 0.036839 -0.287944 5 0.500000 0.000000 0.000000 0 0 0
-0.041139 0.035816 -0.287824 5 0.500000 0.000000 0.000000 0 0 0
-0.042077 0.037346 -0.287770 5 0.500000 0.000000 0.000000 0 0 0
-0.042172 0.037728 -0.287596 5 0.500000 0.000000 0.000000 0 0 0
-0.059791 0.028597 -0.286905 3 0.806452 1.000000 0.161290 0 0 0
-0.059161 0.028159 -0.286478 3 0.806452 1.000000 0.161290 0 0 0
-0.059276 0.028392 -0.287096 3 0.806452 1.000000 0.161290 0 0 0
-0.059648 0.028614 -0.287221 3 0.806452 1.000000 0.161290 0 0 0
-0.063147 0.031138 -0.286465 2 0.161290 1.000000 0.806452 0 0 0
-0.063141 0.031339 -0.286899 2 0.161290 1.000000 0.806452 0 0 0
-0.063428 0.031827 -0.286812 2 0.161290 1.000000 0.806452 0 0 0
-0.063710 0.032339 -0.286486 2 0.161290 1.000000 0.806452 0 0 0
-0.063593 0.032090 -0.286644 2 0.161290 1.000000 0.806452 0 0 0
-0.063739 0.032763 -0.286774 2 0.161290 1.000000 0.806452 0 0 0
-0.063788 0.033360 -0.286868 2 0.161290 1.000000 0.806452 0 0 0
-0.062276 0.030036 -0.286418 2 0.161290 1.000000 0.806452 0 0 0
-0.061919 0.029815 -0.286625 2 0.161290 1.000000 0.806452 0 0 0
-0.061479 0.029488 -0.286619 2 0.161290 1.000000 0.806452 0 0 0
-0.061053 0.029231 -0.286682 2 0.161290 1.000000 0.806452 0 0 0
-0.061612 0.029735 -0.287072 2 0.161290 1.000000 0.806452 0 0 0
-0.061259 0.029481 -0.287047 2 0.161290 1.000000 0.806452 0 0 0
-0.061006 0.029324 -0.287065 2 0.161290 1.000000 0.806452 0 0 0
-0.062470 0.030289 -0.286561 2 0.161290 1.000000 0.806452 0 0 0
-0.062236 0.030185 -0.286880 2 0.161290 1.000000 0.806452 0 0 0
-0.061933 0.030032 -0.287199 2 0.161290 1.000000 0.806452 0 0 0
-0.062913 0.030901 -0.286696 2 0.161290 1.000000 0.806452 0 0 0
-0.062560 0.030564 -0.286959 2 0.161290 1.000000 0.806452 0 0 0
-0.060700 0.029144 -0.287074 2 0.161290 1.000000 0.806452 0 0 0
-0.060238 0.028841 -0.286931 3 0.806452 1.000000 0.161290 0 0 0
-0.059922 0.028777 -0.287292 3 0.806452 1.000000 0.161290 0 0 0
-0.063793 0.033939 -0.286808 2 0.161290 1.000000 0.806452 0 0 0
-0.063716 0.034405 -0.286891 2 0.161290 1.000000 0.806452 0 0 0
-0.063668 0.034813 -0.286704 2 0.161290 1.000000 0.806452 0 0 0
-0.063646 0.034650 -0.286980 2 0.161290 1.000000 0.806452 0 0 0
-0.063552 0.034847 -0.287079 1 0.000000 0.300000 1.000000 0 0 0
-0.063415 0.035333 -0.286940 1 0.000000 0.300000 1.000000 0 0 0
-0.063240 0.035900 -0.286728 1 0.000000 0.300000 1.000000 0 0 0
-0.063243 0.035705 -0.287014 1 0.000000 0.300000 1.000000 0 0 0
-0.063105 0.035940 -0.287095 1 0.000000 0.300000 1.000000 0 0 0
-0.062929 0.036386 -0.286929 1 0.000000 0.300000 1.000000 0 0 0
-0.062627 0.037203 -0.286516 1 0.000000 0.300000 1.000000 0 0 0
-0.062697 0.036892 -0.286809 1 0.000000 0.300000 1.000000 0 0 0
-0.062395 0.037308 -0.287009 1 0.000000 0.300000 1.000000 0 0 0
-0.054086 0.049611 -0.286085 1 0.000000 0.300000 1.000000 0 0 0
-0.053591 0.050009 -0.286051 1 0.000000 0.300000 1.000000 0 0 0
-0.052816 0.050580 -0.285846 0 0.000000 0.000000 0.500000 0 0 0
-0.052634 0.050473 -0.286074 0 0.000000 0.000000 0.500000 0 0 0
-0.050237 0.050044 -0.286163 0 0.000000 0.000000 0.500000 0 0 0
-0.051079 0.050513 -0.285988 0 0.000000 0.000000 0.500000 0 0 0
-0.050758 0.050562 -0.285733 0 0.000000 0.000000 0.500000 0 0 0
-0.038620 0.035435 -0.284845 5 0.500000 0.000000 0.000000 0 0 0
-0.037610 0.033640 -0.284834 5 0.500000 0.000000 0.000000 0 0 0
-0.039730 0.037022 -0.284737 5 0.500000 0.000000 0.000000 0 0 0
-0.040332 0.037665 -0.285033 5 0.500000 0.000000 0.000000 0 0 0
-0.040728 0.038156 -0.285007 5 0.500000 0.000000 0.000000 0 0 0
-0.059805 0.027666 -0.284210 3 0.806452 1.000000 0.161290 0 0 0
-0.060575 0.028206 -0.284593 3 0.806452 1.000000 0.161290 0 0 0
-0.063020 0.030066 -0.284268 2 0.161290 1.000000 0.806452 0 0 0
-0.063889 0.031614 -0.284419 2 0.161290 1.000000 0.806452 0 0 0
-0.064211 0.034941 -0.284479 2 0.161290 1.000000 0.806452 0 0 0
-0.049999 0.051133 -0.283779 0 0.000000 0.000000 0.500000 0 0 0
-0.053594 0.051525 -0.283613 0 0.000000 0.000000 0.500000 0 0 0
-0.038079 0.028933 -0.283906 4 1.000000 0.407407 0.000000 0 0 0
-0.062594 0.039601 -0.283156 1 0.000000 0.300000 1.000000 0 0 0
-0.062057 0.040617 -0.283057 1 0.000000 0.300000 1.000000 0 0 0
-0.057474 0.026455 -0.283331 3 0.806452 1.000000 0.161290 0 0 0
-0.040803 0.039068 -0.283215 5 0.500000 0.000000 0.000000 0 0 0
-0.041049 0.039507 -0.283158 5 0.500000 0.000000 0.000000 0 0 0
-0.041466 0.040083 -0.283220 5 0.500000 0.000000 0.000000 0 0 0
-0.041236 0.039824 -0.283126 5 0.500000 0.000000 0.000000 0 0 0
-0.042770 0.041339 -0.283120 5 0.500000 0.000000 0.000000 0 0 0
-0.042007 0.040726 -0.282990 5 0.500000 0.000000 0.000000 0 0 0
-0.041596 0.040355 -0.282963 5 0.500000 0.000000 0.000000 0 0 0
-0.042485 0.041136 -0.282819 5 0.500000 0.000000 0.000000 0 0 0
-0.045628 0.044812 -0.283316 5 0.500000 0.000000 0.000000 0 0 0
-0.046033 0.045348 -0.283758 5 0.500000 0.000000 0.000000 0 0 0
-0.046343 0.045909 -0.283418 5 0.500000 0.000000 0.000000 0 0 0
-0.051696 0.025349 -0.282124 3 0.806452 1.000000 0.161290 0 0 0
-0.050838 0.025309 -0.282331 3 0.806452 1.000000 0.161290 0 0 0
-0.048525 0.025161 -0.282499 3 0.806452 1.000000 0.161290 0 0 0
-0.047189 0.025150 -0.282878 3 0.806452 1.000000 0.161290 0 0 0
-0.046156 0.025089 -0.282436 3 0.806452 1.000000 0.161290 0 0 0
-0.046156 0.025157 -0.283167 3 0.806452 1.000000 0.161290 0 0 0
-0.045606 0.025143 -0.282943 3 0.806452 1.000000 0.161290 0 0 0
-0.045551 0.025177 -0.283539 3 0.806452 1.000000 0.161290 0 0 0
-0.044936 0.025183 -0.283286 4 1.000000 0.407407 0.000000 0 0 0
-0.044209 0.025257 -0.283001 4 1.000000 0.407407 0.000000 0 0 0
-0.043264 0.025430 -0.282924 4 1.000000 0.407407 0.000000 0 0 0
-0.050256 0.052457 -0.279475 0 0.000000 0.000000 0.500000 0 0 0
-0.051438 0.053490 -0.279372 0 0.000000 0.000000 0.500000 0 0 0
-0.053052 0.054140 -0.278969 0 0.000000 0.000000 0.500000 0 0 0
-0.052775 0.054024 -0.279099 0 0.000000 0.000000 0.500000 0 0 0
-0.038090 0.025698 -0.279002 4 1.000000 0.407407 0.000000 0 0 0
-0.058303 0.024922 -0.278435 3 0.806452 1.000000 0.161290 0 0 0
-0.057901 0.025214 -0.278807 3 0.806452 1.000000 0.161290 0 0 0
-0.057627 0.024983 -0.278341 3 0.806452 1.000000 0.161290 0 0 0
-0.057427 0.025248 -0.278735 3 0.806452 1.000000 0.161290 0 0 0
-0.057211 0.025135 -0.278475 3 0.806452 1.000000 0.161290 0 0 0
-0.057143 0.025261 -0.278680 3 0.806452 1.000000 0.161290 0 0 0
-0.056827 0.025239 -0.278603 3 0.806452 1.000000 0.161290 0 0 0
-0.061677 0.044685 -0.279230 1 0.000000 0.300000 1.000000 0 0 0
-0.061028 0.045236 -0.279213 1 0.000000 0.300000 1.000000 0 0 0
-0.061461 0.045133 -0.279142 1 0.000000 0.300000 1.000000 0 0 0
-0.060890 0.045618 -0.279146 1 0.000000 0.300000 1.000000 0 0 0
-0.060512 0.045698 -0.279255 1 0.000000 0.300000 1.000000 0 0 0
-0.060356 0.046104 -0.279193 1 0.000000 0.300000 1.000000 0 0 0
-0.059982 0.046254 -0.279297 1 0.000000 0.300000 1.000000 0 0 0
-0.042433 0.023292 -0.278003 4 1.000000 0.407407 0.000000 0 0 0
-0.042006 0.023307 -0.278017 4 1.000000 0.407407 0.000000 0 0 0
-0.041481 0.023370 -0.277998 4 1.000000 0.407407 0.000000 0 0 0
-0.041110 0.023565 -0.278193 4 1.000000 0.407407 0.000000 0 0 0
-0.041097 0.023408 -0.277875 4 1.000000 0.407407 0.000000 0 0 0
-0.040833 0.023563 -0.277976 4 1.000000 0.407407 0.000000 0 0 0
-0.040849 0.023426 -0.277710 4 1.000000 0.407407 0.000000 0 0 0
-0.040366 0.023694 -0.277762 4 1.000000 0.407407 0.000000 0 0 0
-0.039973 0.023915 -0.277769 4 1.000000 0.407407 0.000000 0 0 0
-0.058488 0.024643 -0.278067 3 0.806452 1.000000 0.161290 0 0 0
-0.056325 0.025132 -0.278306 3 0.806452 1.000000 0.161290 0 0 0
-0.055819 0.025170 -0.278280 3 0.806452 1.000000 0.161290 0 0 0
-0.054864 0.025296 -0.278617 3 0.806452 1.000000 0.161290 0 0 0
-0.054387 0.025271 -0.278559 3 0.806452 1.000000 0.161290 0 0 0
-0.053822 0.025240 -0.278542 3 0.806452 1.000000 0.161290 0 0 0
-0.058270 0.049838 -0.278548 1 0.000000 0.300000 1.000000 0 0 0
-0.057786 0.050374 -0.278464 1 0.000000 0.300000 1.000000 0 0 0
-0.057303 0.050947 -0.278399 1 0.000000 0.300000 1.000000 0 0 0
-0.057709 0.050712 -0.278353 1 0.000000 0.300000 1.000000 0 0 0
-0.041672 0.022897 -0.276969 4 1.000000 0.407407 0.000000 0 0 0
-0.041604 0.022999 -0.277221 4 1.000000 0.407407 0.000000 0 0 0
-0.042021 0.022947 -0.277092 4 1.000000 0.407407 0.000000 0 0 0
-0.042506 0.023035 -0.277271 4 1.000000 0.407407 0.000000 0 0 0
-0.042868 0.023227 -0.277687 4 1.000000 0.407407 0.000000 0 0 0
-0.042268 0.023140 -0.277619 4 1.000000 0.407407 0.000000 0 0 0
-0.041765 0.023139 -0.277577 4 1.000000 0.407407 0.000000 0 0 0
-0.041360 0.022934 -0.276971 4 1.000000 0.407407 0.000000 0 0 0
-0.041203 0.023178 -0.277446 4 1.000000 0.407407 0.000000 0 0 0
-0.041111 0.023024 -0.277094 4 1.000000 0.407407 0.000000 0 0 0
-0.040814 0.023116 -0.277029 4 1.000000 0.407407 0.000000 0 0 0
-0.040740 0.023345 -0.277441 4 1.000000 0.407407 0.000000 0 0 0
-0.040459 0.023379 -0.277213 4 1.000000 0.407407 0.000000 0 0 0
-0.040030 0.023587 -0.277127 4 1.000000 0.407407 0.000000 0 0 0
-0.039901 0.023846 -0.277519 4 1.000000 0.407407 0.000000 0 0 0
-0.039684 0.023841 -0.277229 4 1.000000 0.407407 0.000000 0 0 0
-0.044412 0.043603 -0.277828 5 0.500000 0.000000 0.000000 0 0 0
-0.044889 0.044531 -0.277718 5 0.500000 0.000000 0.000000 0 0 0
-0.047212 0.048310 -0.278010 5 0.500000 0.000000 0.000000 0 0 0
-0.041068 0.022954 -0.276885 4 1.000000 0.407407 0.000000 0 0 0
-0.044420 0.021938 -0.274106 4 1.000000 0.407407 0.000000 0 0 0
-0.043941 0.021900 -0.274066 4 1.000000 0.407407 0.000000 0 0 0
-0.043662 0.021998 -0.274243 4 1.000000 0.407407 0.000000 0 0 0
-0.041828 0.041056 -0.274248 5 0.500000 0.000000 0.000000 0 0 0
-0.046853 0.050857 -0.273924 5 0.500000 0.000000 0.000000 0 0 0
-0.036857 0.024542 -0.274032 4 1.000000 0.407407 0.000000 0 0 0
-0.036084 0.025292 -0.273581 4 1.000000 0.407407 0.000000 0 0 0
-0.035593 0.025831 -0.273064 4 1.000000 0.407407 0.000000 0 0 0
-0.035279 0.026737 -0.273436 4 1.000000 0.407407 0.000000 0 0 0
-0.040465 0.021927 -0.271556 4 1.000000 0.407407 0.000000 0 0 0
-0.039656 0.022400 -0.271931 4 1.000000 0.407407 0.000000 0 0 0
-0.038733 0.022912 -0.272218 4 1.000000 0.407407 0.000000 0 0 0
-0.037963 0.023284 -0.272068 4 1.000000 0.407407 0.000000 0 0 0
-0.037558 0.023382 -0.271524 4 1.000000 0.407407 0.000000 0 0 0
-0.036911 0.023745 -0.271233 4 1.000000 0.407407 0.000000 0 0 0
-0.036062 0.024431 -0.271150 4 1.000000 0.407407 0.000000 0 0 0
-0.041061 0.040730 -0.271034 5 0.500000 0.000000 0.000000 0 0 0
-0.041629 0.041762 -0.270832 5 0.500000 0.000000 0.000000 0 0 0
-0.042740 0.044034 -0.270903 5 0.500000 0.000000 0.000000 0 0 0
-0.042741 0.044318 -0.270694 5 0.500000 0.000000 0.000000 0 0 0
-0.042159 0.042791 -0.270814 5 0.500000 0.000000 0.000000 0 0 0
-0.043393 0.045753 -0.271045 5 0.500000 0.000000 0.000000 0 0 0
-0.043414 0.046294 -0.270812 5 0.500000 0.000000 0.000000 0 0 0
-0.047457 0.019710 -0.270174 3 0.806452 1.000000 0.161290 0 0 0
-0.046984 0.019716 -0.270229 3 0.806452 1.000000 0.161290 0 0 0
-0.046464 0.019723 -0.270270 3 0.806452 1.000000 0.161290 0 0 0
-0.045860 0.019750 -0.270305 3 0.806452 1.000000 0.161290 0 0 0
-0.045241 0.019695 -0.270151 3 0.806452 1.000000 0.161290 0 0 0
-0.044801 0.019660 -0.270000 3 0.806452 1.000000 0.161290 0 0 0
-0.043241 0.020229 -0.270209 4 1.000000 0.407407 0.000000 0 0 0
-0.042114 0.020777 -0.270308 4 1.000000 0.407407 0.000000 0 0 0
-0.041183 0.021281 -0.270431 4 1.000000 0.407407 0.000000 0 0 0
-0.040457 0.021733 -0.270731 4 1.000000 0.407407 0.000000 0 0 0
-0.040151 0.021937 -0.270935 4 1.000000 0.407407 0.000000 0 0 0
-0.039740 0.022151 -0.271018 4 1.000000 0.407407 0.000000 0 0 0
-0.038926 0.022544 -0.271057 4 1.000000 0.407407 0.000000 0 0 0
-0.038281 0.022726 -0.270550 4 1.000000 0.407407 0.000000 0 0 0
-0.033528 0.025863 -0.265928 4 1.000000 0.407407 0.000000 0 0 0
-0.033368 0.026278 -0.265923 4 1.000000 0.407407 0.000000 0 0 0
-0.033303 0.026701 -0.266075 4 1.000000 0.407407 0.000000 0 0 0
-0.033167 0.026690 -0.265787 4 1.000000 0.407407 0.000000 0 0 0
-0.033349 0.026924 -0.266320 4 1.000000 0.407407 0.000000 0 0 0
-0.033146 0.027098 -0.265960 4 1.000000 0.407407 0.000000 0 0 0
-0.033280 0.027332 -0.266393 4 1.000000 0.407407 0.000000 0 0 0
-0.033064 0.027704 -0.266021 4 1.000000 0.407407 0.000000 0 0 0
-0.033124 0.028217 -0.266301 4 1.000000 0.407407 0.000000 0 0 0
-0.033066 0.028710 -0.266150 4 1.000000 0.407407 0.000000 0 0 0
-0.033689 0.031013 -0.266560 5 0.500000 0.000000 0.000000 0 0 0
-0.033049 0.029273 -0.265974 4 1.000000 0.407407 0.000000 0 0 0
-0.033228 0.029840 -0.266183 4 1.000000 0.407407 0.000000 0 0 0
-0.033046 0.029803 -0.265764 4 1.000000 0.407407 0.000000 0 0 0
-0.033222 0.030217 -0.265976 4 1.000000 0.407407 0.000000 0 0 0
-0.033331 0.030496 -0.266074 5 0.500000 0.000000 0.000000 0 0 0
-0.033407 0.030888 -0.266018 5 0.500000 0.000000 0.000000 0 0 0
-0.033660 0.031376 -0.266250 5 0.500000 0.000000 0.000000 0 0 0
-0.033752 0.031883 -0.266119 5 0.500000 0.000000 0.000000 0 0 0
-0.033896 0.032267 -0.266138 5 0.500000 0.000000 0.000000 0 0 0
-0.034346 0.033054 -0.266399 5 0.500000 0.000000 0.000000 0 0 0
-0.034037 0.032645 -0.266147 5 0.500000 0.000000 0.000000 0 0 0
-0.034448 0.033458 -0.266252 5 0.500000 0.000000 0.000000 0 0 0
-0.033476 0.031462 -0.265836 5 0.500000 0.000000 0.000000 0 0 0
-0.036192 0.036299 -0.265929 5 0.500000 0.000000 0.000000 0 0 0
-0.036574 0.036509 -0.266296 5 0.500000 0.000000 0.000000 0 0 0
-0.036800 0.036861 -0.266251 5 0.500000 0.000000 0.000000 0 0 0
-0.037001 0.037157 -0.266270 5 0.500000 0.000000 0.000000 0 0 0
-0.037061 0.037509 -0.266059 5 0.500000 0.000000 0.000000 0 0 0
-0.036798 0.037132 -0.265970 5 0.500000 0.000000 0.000000 0 0 0
-0.035020 0.034409 -0.266295 5 0.500000 0.000000 0.000000 0 0 0
-0.033882 0.024861 -0.265691 4 1.000000 0.407407 0.000000 0 0 0
-0.033327 0.025846 -0.265541 4 1.000000 0.407407 0.000000 0 0 0
-0.032901 0.027816 -0.265680 4 1.000000 0.407407 0.000000 0 0 0
-0.032911 0.028255 -0.265766 4 1.000000 0.407407 0.000000 0 0 0
-0.032921 0.028775 -0.265776 4 1.000000 0.407407 0.000000 0 0 0
-0.033237 0.030521 -0.265848 5 0.500000 0.000000 0.000000 0 0 0
-0.033186 0.030711 -0.265648 5 0.500000 0.000000 0.000000 0 0 0
-0.033747 0.032331 -0.265844 5 0.500000 0.000000 0.000000 0 0 0
-0.033819 0.032792 -0.265696 5 0.500000 0.000000 0.000000 0 0 0
-0.036523 0.036772 -0.265915 5 0.500000 0.000000 0.000000 0 0 0
-0.039916 0.018540 -0.265263 4 1.000000 0.407407 0.000000 0 0 0
-0.039735 0.018429 -0.265018 4 1.000000 0.407407 0.000000 0 0 0
-0.038963 0.018794 -0.264901 4 1.000000 0.407407 0.000000 0 0 0
-0.038820 0.019219 -0.265264 4 1.000000 0.407407 0.000000 0 0 0
-0.038526 0.019144 -0.264956 4 1.000000 0.407407 0.000000 0 0 0
-0.038226 0.019414 -0.265007 4 1.000000 0.407407 0.000000 0 0 0
-0.037936 0.019329 -0.264683 4 1.000000 0.407407 0.000000 0 0 0
-0.033776 0.033615 -0.265138 5 0.500000 0.000000 0.000000 0 0 0
-0.035013 0.035432 -0.265145 5 0.500000 0.000000 0.000000 0 0 0
-0.035160 0.035639 -0.265115 5 0.500000 0.000000 0.000000 0 0 0
-0.035339 0.035847 -0.265143 5 0.500000 0.000000 0.000000 0 0 0
-0.035593 0.036204 -0.265140 5 0.500000 0.000000 0.000000 0 0 0
-0.038409 0.018824 -0.264533 4 1.000000 0.407407 0.000000 0 0 0
-0.038225 0.019150 -0.264729 4 1.000000 0.407407 0.000000 0 0 0
-0.038043 0.019034 -0.264469 4 1.000000 0.407407 0.000000 0 0 0
-0.038032 0.018739 -0.264173 4 1.000000 0.407407 0.000000 0 0 0
-0.036070 0.020043 -0.263716 4 1.000000 0.407407 0.000000 0 0 0
-0.036112 0.020486 -0.264118 4 1.000000 0.407407 0.000000 0 0 0
-0.035723 0.020574 -0.263823 4 1.000000 0.407407 0.000000 0 0 0
-0.035452 0.020963 -0.263869 4 1.000000 0.407407 0.000000 0 0 0
-0.035453 0.021321 -0.264152 4 1.000000 0.407407 0.000000 0 0 0
-0.034858 0.022085 -0.264132 4 1.000000 0.407407 0.000000 0 0 0
-0.034769 0.022311 -0.264217 4 1.000000 0.407407 0.000000 0 0 0
-0.034532 0.022434 -0.264063 4 1.000000 0.407407 0.000000 0 0 0
-0.034263 0.022706 -0.264020 4 1.000000 0.407407 0.000000 0 0 0
-0.034005 0.023118 -0.264109 4 1.000000 0.407407 0.000000 0 0 0
-0.033905 0.022895 -0.263812 4 1.000000 0.407407 0.000000 0 0 0
-0.033591 0.023231 -0.263776 4 1.000000 0.407407 0.000000 0 0 0
-0.033711 0.023608 -0.264226 4 1.000000 0.407407 0.000000 0 0 0
-0.033332 0.023617 -0.263822 4 1.000000 0.407407 0.000000 0 0 0
-0.033065 0.023760 -0.263662 4 1.000000 0.407407 0.000000 0 0 0
-0.034352 0.022388 -0.263851 4 1.000000 0.407407 0.000000 0 0 0
-0.033991 0.022549 -0.263632 4 1.000000 0.407407 0.000000 0 0 0
-0.033648 0.022867 -0.263547 4 1.000000 0.407407 0.000000 0 0 0
-0.033373 0.023082 -0.263454 4 1.000000 0.407407 0.000000 0 0 0
-0.033137 0.023421 -0.263485 4 1.000000 0.407407 0.000000 0 0 0
-0.032823 0.023742 -0.263418 4 1.000000 0.407407 0.000000 0 0 0
-0.055999 0.036224 -0.294985 1 0.000000 0.300000 1.000000 0 0 0
-0.055460 0.036248 -0.295167 1 0.000000 0.300000 1.000000 0 0 0
-0.055845 0.036751 -0.295084 1 0.000000 0.300000 1.000000 0 0 0
-0.055922 0.037327 -0.295071 1 0.000000 0.300000 1.000000 0 0 0
-0.055980 0.037777 -0.295037 1 0.000000 0.300000 1.000000 0 0 0
-0.053515 0.033812 -0.295063 1 0.000000 0.300000 1.000000 0 0 0
-0.052874 0.033780 -0.295125 2 0.161290 1.000000 0.806452 0 0 0
-0.053567 0.034260 -0.295179 1 0.000000 0.300000 1.000000 0 0 0
-0.053182 0.034226 -0.295215 1 0.000000 0.300000 1.000000 0 0 0
-0.052323 0.033781 -0.295158 2 0.161290 1.000000 0.806452 0 0 0
-0.051738 0.033759 -0.295147 2 0.161290 1.000000 0.806452 0 0 0
-0.051237 0.033596 -0.295076 2 0.161290 1.000000 0.806452 0 0 0
-0.050803 0.033735 -0.295045 2 0.161290 1.000000 0.806452 0 0 0
-0.050765 0.034266 -0.295128 1 0.000000 0.300000 1.000000 0 0 0
-0.050321 0.033914 -0.294985 1 0.000000 0.300000 1.000000 0 0 0
-0.050267 0.034505 -0.295047 1 0.000000 0.300000 1.000000 0 0 0
-0.050762 0.034775 -0.295198 1 0.000000 0.300000 1.000000 0 0 0
-0.050795 0.035229 -0.295248 1 0.000000 0.300000 1.000000 0 0 0
-0.050447 0.035001 -0.295142 1 0.000000 0.300000 1.000000 0 0 0
-0.050421 0.035501 -0.295155 1 0.000000 0.300000 1.000000 0 0 0
-0.050810 0.036893 -0.295246 1 0.000000 0.300000 1.000000 0 0 0
-0.050246 0.036116 -0.295095 1 0.000000 0.300000 1.000000 0 0 0
-0.050417 0.036752 -0.295121 1 0.000000 0.300000 1.000000 0 0 0
-0.050639 0.037247 -0.295149 1 0.000000 0.300000 1.000000 0 0 0
-0.050117 0.037210 -0.294962 1 0.000000 0.300000 1.000000 0 0 0
-0.056235 0.038155 -0.294882 1 0.000000 0.300000 1.000000 0 0 0
-0.055845 0.038122 -0.295069 1 0.000000 0.300000 1.000000 0 0 0
-0.055919 0.038717 -0.294959 1 0.000000 0.300000 1.000000 0 0 0
-0.055576 0.039338 -0.295022 1 0.000000 0.300000 1.000000 0 0 0
-0.055295 0.039533 -0.295117 1 0.000000 0.300000 1.000000 0 0 0
-0.055789 0.040932 -0.294359 1 0.000000 0.300000 1.000000 0 0 0
-0.054794 0.041529 -0.294491 1 0.000000 0.300000 1.000000 0 0 0
-0.050226 0.038888 -0.294636 1 0.000000 0.300000 1.000000 0 0 0
-0.050775 0.039524 -0.294676 1 0.000000 0.300000 1.000000 0 0 0
-0.051411 0.040156 -0.294738 1 0.000000 0.300000 1.000000 0 0 0
-0.050885 0.040001 -0.294560 1 0.000000 0.300000 1.000000 0 0 0
-0.050304 0.039378 -0.294509 1 0.000000 0.300000 1.000000 0 0 0
-0.050428 0.039870 -0.294398 1 0.000000 0.300000 1.000000 0 0 0
-0.051792 0.041036 -0.294558 1 0.000000 0.300000 1.000000 0 0 0
-0.052385 0.041524 -0.294532 1 0.000000 0.300000 1.000000 0 0 0
-0.051952 0.041521 -0.294397 1 0.000000 0.300000 1.000000 0 0 0
-0.051381 0.040639 -0.294545 1 0.000000 0.300000 1.000000 0 0 0
-0.050977 0.040467 -0.294437 1 0.000000 0.300000 1.000000 0 0 0
-0.051531 0.041167 -0.294398 1 0.000000 0.300000 1.000000 0 0 0
-0.049000 0.033812 -0.294611 1 0.000000 0.300000 1.000000 0 0 0
-0.048498 0.033704 -0.294436 2 0.161290 1.000000 0.806452 0 0 0
-0.049130 0.034411 -0.294699 1 0.000000 0.300000 1.000000 0 0 0
-0.048603 0.034278 -0.294499 1 0.000000 0.300000 1.000000 0 0 0
-0.048065 0.033887 -0.294288 1 0.000000 0.300000 1.000000 0 0 0
-0.048110 0.034493 -0.294306 1 0.000000 0.300000 1.000000 0 0 0
-0.048918 0.034760 -0.294630 1 0.000000 0.300000 1.000000 0 0 0
-0.048515 0.034891 -0.294467 1 0.000000 0.300000 1.000000 0 0 0
-0.048937 0.035273 -0.294631 1 0.000000 0.300000 1.000000 0 0 0
-0.048433 0.035502 -0.294405 1 0.000000 0.300000 1.000000 0 0 0
-0.048096 0.035036 -0.294283 1 0.000000 0.300000 1.000000 0 0 0
-0.048061 0.035394 -0.294244 1 0.000000 0.300000 1.000000 0 0 0
-0.048989 0.035917 -0.294626 1 0.000000 0.300000 1.000000 0 0 0
-0.048482 0.036190 -0.294372 1 0.000000 0.300000 1.000000 0 0 0
-0.048989 0.036531 -0.294572 1 0.000000 0.300000 1.000000 0 0 0
-0.048629 0.036765 -0.294375 1 0.000000 0.300000 1.000000 0 0 0
-0.049028 0.037127 -0.294506 1 0.000000 0.300000 1.000000 0 0 0
-0.048680 0.037093 -0.294350 1 0.000000 0.300000 1.000000 0 0 0
-0.053701 0.042831 -0.293754 1 0.000000 0.300000 1.000000 0 0 0
-0.053359 0.042717 -0.293885 1 0.000000 0.300000 1.000000 0 0 0
-0.052937 0.042851 -0.293767 1 0.000000 0.300000 1.000000 0 0 0
-0.052504 0.042651 -0.293858 1 0.000000 0.300000 1.000000 0 0 0
-0.051946 0.042396 -0.293898 1 0.000000 0.300000 1.000000 0 0 0
-0.044678 0.030430 -0.292757 4 1.000000 0.407407 0.000000 0 0 0
-0.044257 0.030611 -0.292574 4 1.000000 0.407407 0.000000 0 0 0
-0.044604 0.031011 -0.292789 4 1.000000 0.407407 0.000000 0 0 0
-0.044260 0.030943 -0.292608 4 1.000000 0.407407 0.000000 0 0 0
-0.044556 0.031608 -0.292753 4 1.000000 0.407407 0.000000 0 0 0
-0.044231 0.031260 -0.292583 4 1.000000 0.407407 0.000000 0 0 0
-0.044503 0.032127 -0.292670 4 1.000000 0.407407 0.000000 0 0 0
-0.044846 0.032631 -0.292807 4 1.000000 0.407407 0.000000 0 0 0
-0.058159 0.040470 -0.292566 1 0.000000 0.300000 1.000000 0 0 0
-0.057389 0.041343 -0.292868 1 0.000000 0.300000 1.000000 0 0 0
-0.057290 0.041626 -0.292778 1 0.000000 0.300000 1.000000 0 0 0
-0.057090 0.041804 -0.292835 1 0.000000 0.300000 1.000000 0 0 0
-0.054263 0.028775 -0.292231 3 0.806452 1.000000 0.161290 0 0 0
-0.052346 0.027979 -0.292227 3 0.806452 1.000000 0.161290 0 0 0
-0.052044 0.027800 -0.292141 3 0.806452 1.000000 0.161290 0 0 0
-0.053063 0.028245 -0.292201 3 0.806452 1.000000 0.161290 0 0 0
-0.053863 0.028672 -0.292301 3 0.806452 1.000000 0.161290 0 0 0
-0.052668 0.028220 -0.292358 3 0.806452 1.000000 0.161290 0 0 0
-0.050738 0.027435 -0.292000 3 0.806452 1.000000 0.161290 0 0 0
-0.050053 0.027640 -0.292180 3 0.806452 1.000000 0.161290 0 0 0
-0.056904 0.029888 -0.292112 2 0.161290 1.000000 0.806452 0 0 0
-0.056667 0.029959 -0.292302 2 0.161290 1.000000 0.806452 0 0 0
-0.058076 0.030437 -0.292073 2 0.161290 1.000000 0.806452 0 0 0
-0.057871 0.030561 -0.292296 2 0.161290 1.000000 0.806452 0 0 0
-0.055810 0.029335 -0.292082 3 0.806452 1.000000 0.161290 0 0 0
-0.055528 0.029322 -0.292203 3 0.806452 1.000000 0.161290 0 0 0
-0.043026 0.029585 -0.291523 4 1.000000 0.407407 0.000000 0 0 0
-0.043040 0.030030 -0.291641 4 1.000000 0.407407 0.000000 0 0 0
-0.043092 0.030488 -0.291734 4 1.000000 0.407407 0.000000 0 0 0
-0.043048 0.031017 -0.291692 4 1.000000 0.407407 0.000000 0 0 0
-0.043050 0.031538 -0.291640 4 1.000000 0.407407 0.000000 0 0 0
-0.043116 0.032011 -0.291614 4 1.000000 0.407407 0.000000 0 0 0
-0.043414 0.032851 -0.291670 5 0.500000 0.000000 0.000000 0 0 0
-0.057989 0.041730 -0.291877 1 0.000000 0.300000 1.000000 0 0 0
-0.056900 0.044349 -0.290537 1 0.000000 0.300000 1.000000 0 0 0
-0.056321 0.044787 -0.290571 1 0.000000 0.300000 1.000000 0 0 0
-0.055981 0.044933 -0.290656 1 0.000000 0.300000 1.000000 0 0 0
-0.054812 0.045625 -0.290502 1 0.000000 0.300000 1.000000 0 0 0
-0.054490 0.045812 -0.290425 1 0.000000 0.300000 1.000000 0 0 0
-0.054002 0.045808 -0.290580 1 0.000000 0.300000 1.000000 0 0 0
-0.053396 0.046024 -0.290491 1 0.000000 0.300000 1.000000 0 0 0
-0.052833 0.046159 -0.290443 1 0.000000 0.300000 1.000000 0 0 0
-0.052408 0.046060 -0.290588 1 0.000000 0.300000 1.000000 0 0 0
-0.051948 0.046159 -0.290498 1 0.000000 0.300000 1.000000 0 0 0
-0.050175 0.045612 -0.290672 0 0.000000 0.000000 0.500000 0 0 0
-0.051452 0.046200 -0.290431 1 0.000000 0.300000 1.000000 0 0 0
-0.051054 0.045924 -0.290630 0 0.000000 0.000000 0.500000 0 0 0
-0.047649 0.044198 -0.290042 0 0.000000 0.000000 0.500000 0 0 0
-0.047944 0.044747 -0.289911 0 0.000000 0.000000 0.500000 0 0 0
-0.046741 0.043002 -0.289986 5 0.500000 0.000000 0.000000 0 0 0
-0.046890 0.043343 -0.289888 5 0.500000 0.000000 0.000000 0 0 0
-0.048404 0.045063 -0.290075 0 0.000000 0.000000 0.500000 0 0 0
-0.048990 0.045671 -0.290010 0 0.000000 0.000000 0.500000 0 0 0
-0.058037 0.043935 -0.289405 1 0.000000 0.300000 1.000000 0 0 0
-0.057454 0.044522 -0.289618 1 0.000000 0.300000 1.000000 0 0 0
-0.056478 0.045454 -0.289604 1 0.000000 0.300000 1.000000 0 0 0
-0.055819 0.046050 -0.289391 1 0.000000 0.300000 1.000000 0 0 0
-0.049036 0.047021 -0.288867 0 0.000000 0.000000 0.500000 0 0 0
-0.040225 0.030009 -0.288763 4 1.000000 0.407407 0.000000 0 0 0
-0.040157 0.030257 -0.288699 4 1.000000 0.407407 0.000000 0 0 0
-0.040353 0.031400 -0.288811 4 1.000000 0.407407 0.000000 0 0 0
-0.040318 0.031862 -0.288681 5 0.500000 0.000000 0.000000 0 0 0
-0.040257 0.032391 -0.288484 5 0.500000 0.000000 0.000000 0 0 0
-0.040383 0.032926 -0.288464 5 0.500000 0.000000 0.000000 0 0 0
-0.040066 0.031471 -0.288480 4 1.000000 0.407407 0.000000 0 0 0
-0.039773 0.031538 -0.288156 4 1.000000 0.407407 0.000000 0 0 0
-0.040013 0.031918 -0.288335 5 0.500000 0.000000 0.000000 0 0 0
-0.039741 0.031949 -0.288043 5 0.500000 0.000000 0.000000 0 0 0
-0.039931 0.032268 -0.288166 5 0.500000 0.000000 0.000000 0 0 0
-0.039714 0.032290 -0.287937 5 0.500000 0.000000 0.000000 0 0 0
-0.039931 0.032762 -0.288031 5 0.500000 0.000000 0.000000 0 0 0
-0.040275 0.033304 -0.288213 5 0.500000 0.000000 0.000000 0 0 0
-0.040245 0.033713 -0.288023 5 0.500000 0.000000 0.000000 0 0 0
-0.040211 0.034061 -0.287837 5 0.500000 0.000000 0.000000 0 0 0
-0.042851 0.038619 -0.287804 5 0.500000 0.000000 0.000000 0 0 0
-0.042911 0.038882 -0.287688 5 0.500000 0.000000 0.000000 0 0 0
-0.043520 0.039928 -0.287795 5 0.500000 0.000000 0.000000 0 0 0
-0.044221 0.041277 -0.287780 5 0.500000 0.000000 0.000000 0 0 0
-0.058675 0.043925 -0.287951 1 0.000000 0.300000 1.000000 0 0 0
-0.057425 0.045633 -0.287747 1 0.000000 0.300000 1.000000 0 0 0
-0.056886 0.046119 -0.287897 1 0.000000 0.300000 1.000000 0 0 0
-0.039538 0.031657 -0.287896 5 0.500000 0.000000 0.000000 0 0 0
-0.039480 0.031998 -0.287772 5 0.500000 0.000000 0.000000 0 0 0
-0.039487 0.032447 -0.287673 5 0.500000 0.000000 0.000000 0 0 0
-0.039915 0.033386 -0.287806 5 0.500000 0.000000 0.000000 0 0 0
-0.040020 0.033772 -0.287764 5 0.500000 0.000000 0.000000 0 0 0
-0.039951 0.033980 -0.287603 5 0.500000 0.000000 0.000000 0 0 0
-0.063583 0.032266 -0.286893 2 0.161290 1.000000 0.806452 0 0 0
-0.060985 0.028813 -0.285593 3 0.806452 1.000000 0.161290 0 0 0
-0.059785 0.028151 -0.285543 3 0.806452 1.000000 0.161290 0 0 0
-0.063247 0.030962 -0.285688 2 0.161290 1.000000 0.806452 0 0 0
-0.064142 0.033252 -0.285443 2 0.161290 1.000000 0.806452 0 0 0
-0.062852 0.030366 -0.285604 2 0.161290 1.000000 0.806452 0 0 0
-0.064203 0.033607 -0.285312 2 0.161290 1.000000 0.806452 0 0 0
-0.064178 0.033988 -0.285319 2 0.161290 1.000000 0.806452 0 0 0
-0.063720 0.035820 -0.285228 1 0.000000 0.300000 1.000000 0 0 0
-0.063541 0.036173 -0.285305 1 0.000000 0.300000 1.000000 0 0 0
-0.063353 0.036602 -0.285250 1 0.000000 0.300000 1.000000 0 0 0
-0.063233 0.036938 -0.285090 1 0.000000 0.300000 1.000000 0 0 0
-0.062945 0.037364 -0.285307 1 0.000000 0.300000 1.000000 0 0 0
-0.063768 0.035947 -0.284842 1 0.000000 0.300000 1.000000 0 0 0
-0.061446 0.040668 -0.284811 1 0.000000 0.300000 1.000000 0 0 0
-0.060929 0.041660 -0.284755 1 0.000000 0.300000 1.000000 0 0 0
-0.058184 0.027204 -0.285022 3 0.806452 1.000000 0.161290 0 0 0
-0.037579 0.030570 -0.284413 4 1.000000 0.407407 0.000000 0 0 0
-0.044249 0.025237 -0.283691 4 1.000000 0.407407 0.000000 0 0 0
-0.043544 0.025342 -0.283640 4 1.000000 0.407407 0.000000 0 0 0
-0.041288 0.026074 -0.283407 4 1.000000 0.407407 0.000000 0 0 0
-0.059848 0.043993 -0.282729 1 0.000000 0.300000 1.000000 0 0 0
-0.058719 0.045670 -0.282719 1 0.000000 0.300000 1.000000 0 0 0
-0.057617 0.047287 -0.282608 1 0.000000 0.300000 1.000000 0 0 0
-0.055864 0.049647 -0.282707 1 0.000000 0.300000 1.000000 0 0 0
-0.049240 0.050692 -0.282725 0 0.000000 0.000000 0.500000 0 0 0
-0.054177 0.051812 -0.282127 0 0.000000 0.000000 0.500000 0 0 0
-0.053639 0.052187 -0.282150 0 0.000000 0.000000 0.500000 0 0 0
-0.052485 0.052671 -0.281984 0 0.000000 0.000000 0.500000 0 0 0
-0.052153 0.052765 -0.281816 0 0.000000 0.000000 0.500000 0 0 0
-0.037848 0.033485 -0.282280 5 0.500000 0.000000 0.000000 0 0 0
-0.037873 0.033994 -0.282404 5 0.500000 0.000000 0.000000 0 0 0
-0.038070 0.034419 -0.282293 5 0.500000 0.000000 0.000000 0 0 0
-0.040344 0.038316 -0.281939 5 0.500000 0.000000 0.000000 0 0 0
-0.045258 0.044411 -0.282466 5 0.500000 0.000000 0.000000 0 0 0
-0.046012 0.045551 -0.282468 5 0.500000 0.000000 0.000000 0 0 0
-0.045527 0.044921 -0.281651 5 0.500000 0.000000 0.000000 0 0 0
-0.045865 0.045488 -0.281307 5 0.500000 0.000000 0.000000 0 0 0
-0.046146 0.045887 -0.281606 5 0.500000 0.000000 0.000000 0 0 0
-0.046495 0.046427 -0.281696 5 0.500000 0.000000 0.000000 0 0 0
-0.044252 0.043010 -0.282288 5 0.500000 0.000000 0.000000 0 0 0
-0.044264 0.043053 -0.281536 5 0.500000 0.000000 0.000000 0 0 0
-0.044684 0.043631 -0.281971 5 0.500000 0.000000 0.000000 0 0 0
-0.045063 0.044240 -0.281371 5 0.500000 0.000000 0.000000 0 0 0
-0.047634 0.048311 -0.281438 5 0.500000 0.000000 0.000000 0 0 0
-0.047615 0.048215 -0.282140 5 0.500000 0.000000 0.000000 0 0 0
-0.047154 0.047507 -0.281563 5 0.500000 0.000000 0.000000 0 0 0
-0.054658 0.051824 -0.281049 1 0.000000 0.300000 1.000000 0 0 0
-0.053890 0.052505 -0.281055 0 0.000000 0.000000 0.500000 0 0 0
-0.053467 0.052821 -0.280906 0 0.000000 0.000000 0.500000 0 0 0
-0.039529 0.025600 -0.280274 4 1.000000 0.407407 0.000000 0 0 0
-0.039599 0.025846 -0.280507 4 1.000000 0.407407 0.000000 0 0 0
-0.048699 0.050120 -0.281385 0 0.000000 0.000000 0.500000 0 0 0
-0.060631 0.025964 -0.280165 3 0.806452 1.000000 0.161290 0 0 0
-0.061671 0.026568 -0.280432 3 0.806452 1.000000 0.161290 0 0 0
-0.060299 0.026008 -0.280338 3 0.806452 1.000000 0.161290 0 0 0
-0.059754 0.026037 -0.280542 3 0.806452 1.000000 0.161290 0 0 0
-0.059213 0.026001 -0.280587 3 0.806452 1.000000 0.161290 0 0 0
-0.062657 0.027338 -0.280314 3 0.806452 1.000000 0.161290 0 0 0
-0.063938 0.029446 -0.280217 2 0.161290 1.000000 0.806452 0 0 0
-0.063077 0.042583 -0.279831 1 0.000000 0.300000 1.000000 0 0 0
-0.062142 0.042858 -0.280045 1 0.000000 0.300000 1.000000 0 0 0
-0.061781 0.042982 -0.280175 1 0.000000 0.300000 1.000000 0 0 0
-0.061168 0.043534 -0.280223 1 0.000000 0.300000 1.000000 0 0 0
-0.060676 0.044478 -0.279853 1 0.000000 0.300000 1.000000 0 0 0
-0.059943 0.045361 -0.279916 1 0.000000 0.300000 1.000000 0 0 0
-0.058934 0.046825 -0.279941 1 0.000000 0.300000 1.000000 0 0 0
-0.057673 0.048582 -0.279932 1 0.000000 0.300000 1.000000 0 0 0
-0.055978 0.050771 -0.279978 1 0.000000 0.300000 1.000000 0 0 0
-0.066101 0.033487 -0.279404 2 0.161290 1.000000 0.806452 0 0 0
-0.050872 0.024496 -0.277683 3 0.806452 1.000000 0.161290 0 0 0
-0.043713 0.023378 -0.277691 4 1.000000 0.407407 0.000000 0 0 0
-0.036363 0.029292 -0.276696 4 1.000000 0.407407 0.000000 0 0 0
-0.058222 0.023400 -0.276367 3 0.806452 1.000000 0.161290 0 0 0
-0.057795 0.023686 -0.276607 3 0.806452 1.000000 0.161290 0 0 0
-0.057294 0.023745 -0.276538 3 0.806452 1.000000 0.161290 0 0 0
-0.056900 0.023798 -0.276496 3 0.806452 1.000000 0.161290 0 0 0
-0.056668 0.023744 -0.276371 3 0.806452 1.000000 0.161290 0 0 0
-0.049008 0.023652 -0.276440 3 0.806452 1.000000 0.161290 0 0 0
-0.045892 0.023461 -0.276587 3 0.806452 1.000000 0.161290 0 0 0
-0.045469 0.023414 -0.276666 3 0.806452 1.000000 0.161290 0 0 0
-0.046805 0.048325 -0.276485 5 0.500000 0.000000 0.000000 0 0 0
-0.036519 0.025443 -0.275760 4 1.000000 0.407407 0.000000 0 0 0
-0.036332 0.025869 -0.275842 4 1.000000 0.407407 0.000000 0 0 0
-0.036140 0.026445 -0.275992 4 1.000000 0.407407 0.000000 0 0 0
-0.035731 0.027174 -0.275536 4 1.000000 0.407407 0.000000 0 0 0
-0.036644 0.030338 -0.275995 4 1.000000 0.407407 0.000000 0 0 0
-0.036391 0.030071 -0.275949 4 1.000000 0.407407 0.000000 0 0 0
-0.035844 0.029515 -0.275680 4 1.000000 0.407407 0.000000 0 0 0
-0.037819 0.033370 -0.274712 5 0.500000 0.000000 0.000000 0 0 0
-0.038366 0.035704 -0.274639 5 0.500000 0.000000 0.000000 0 0 0
-0.038925 0.037221 -0.274446 5 0.500000 0.000000 0.000000 0 0 0
-0.044923 0.048435 -0.272235 5 0.500000 0.000000 0.000000 0 0 0
-0.038115 0.022995 -0.271258 4 1.000000 0.407407 0.000000 0 0 0
-0.037501 0.023225 -0.270825 4 1.000000 0.407407 0.000000 0 0 0
-0.050750 0.019757 -0.270176 3 0.806452 1.000000 0.161290 0 0 0
-0.049518 0.020150 -0.270499 3 0.806452 1.000000 0.161290 0 0 0
-0.047786 0.019691 -0.270115 3 0.806452 1.000000 0.161290 0 0 0
-0.049208 0.020011 -0.270350 3 0.806452 1.000000 0.161290 0 0 0
-0.048852 0.020117 -0.270496 3 0.806452 1.000000 0.161290 0 0 0
-0.041054 0.041586 -0.269628 5 0.500000 0.000000 0.000000 0 0 0
-0.040109 0.021183 -0.268700 4 1.000000 0.407407 0.000000 0 0 0
-0.039279 0.021713 -0.268781 4 1.000000 0.407407 0.000000 0 0 0
-0.037770 0.022412 -0.268598 4 1.000000 0.407407 0.000000 0 0 0
-0.040065 0.041326 -0.268209 5 0.500000 0.000000 0.000000 0 0 0
-0.039970 0.041583 -0.267969 5 0.500000 0.000000 0.000000 0 0 0
-0.040050 0.042081 -0.267894 5 0.500000 0.000000 0.000000 0 0 0
-0.034564 0.024853 -0.267045 4 1.000000 0.407407 0.000000 0 0 0
-0.034547 0.025085 -0.267379 4 1.000000 0.407407 0.000000 0 0 0
-0.034264 0.025620 -0.267383 4 1.000000 0.407407 0.000000 0 0 0
-0.034125 0.026030 -0.267548 4 1.000000 0.407407 0.000000 0 0 0
-0.034026 0.026031 -0.267221 4 1.000000 0.407407 0.000000 0 0 0
-0.033776 0.026928 -0.267531 4 1.000000 0.407407 0.000000 0 0 0
-0.034286 0.025212 -0.266868 4 1.000000 0.407407 0.000000 0 0 0
